{
  "run_id": "e1_botiot_multiclass_mlp_h80__dir1.0__seed2024",
  "seed": 2024,
  "device": "cuda",
  "model_name": "mlp",
  "model_hidden": [
    80
  ],
  "model_grid_size": 5,
  "model_spline_order": 3,
  "data_mode": "multiclass",
  "data_partition": "dirichlet",
  "data_alpha": 1.0,
  "n_params": 3605,
  "bytes_per_round_uplink": 14420,
  "total_uplink_bytes": 7210000,
  "final_metrics": {
    "accuracy": 0.9343844994192225,
    "f1_macro": 0.9368273760720461,
    "f1_weighted": 0.9345015859807314,
    "per_class_precision": [
      0.9913064189591521,
      0.992706564092317,
      0.9416715031921068,
      0.8332443970117396,
      0.9347368421052632
    ],
    "per_class_recall": [
      0.8324,
      0.9936,
      0.9735,
      0.9369,
      0.958963282937365
    ],
    "per_class_f1": [
      0.9049301516551612,
      0.9931530811134989,
      0.9573212705280755,
      0.8820372811146677,
      0.9466950959488273
    ]
  },
  "best_accuracy": 0.9360156192076712,
  "rounds": 50
}