{
  "run_id": "e1_toniot_binary_mlp_h80__dir0.1__seed23",
  "seed": 23,
  "device": "cuda",
  "model_name": "mlp",
  "model_hidden": [
    80
  ],
  "model_grid_size": 5,
  "model_spline_order": 3,
  "data_mode": "binary",
  "data_partition": "dirichlet",
  "data_alpha": 0.1,
  "n_params": 3362,
  "bytes_per_round_uplink": 13448,
  "total_uplink_bytes": 6724000,
  "final_metrics": {
    "accuracy": 0.9464230769230769,
    "f1_macro": 0.9463880050821708,
    "f1_weighted": 0.9463880050821708,
    "per_class_precision": [
      0.9246981339187705,
      0.9704904742602352
    ],
    "per_class_recall": [
      0.972,
      0.9208461538461539
    ],
    "per_class_f1": [
      0.9477592349521845,
      0.9450167752121571
    ]
  },
  "best_accuracy": 0.9464230769230769,
  "rounds": 50
}