{
  "run_id": "e1_botiot_binary_kan_h16__dir0.1__seed23",
  "seed": 23,
  "device": "cuda",
  "model_name": "kan",
  "model_hidden": [
    16
  ],
  "model_grid_size": 5,
  "model_spline_order": 3,
  "data_mode": "binary",
  "data_partition": "dirichlet",
  "data_alpha": 0.1,
  "n_params": 6560,
  "bytes_per_round_uplink": 28880,
  "total_uplink_bytes": 14440000,
  "final_metrics": {
    "accuracy": 0.9727677452926552,
    "f1_macro": 0.9727510588963144,
    "f1_weighted": 0.9727495903894713,
    "per_class_precision": [
      0.948504618091189,
      0.9996748364020648
    ],
    "per_class_recall": [
      0.9996909645768146,
      0.9459615384615384
    ],
    "per_class_f1": [
      0.973425363450001,
      0.9720767543426279
    ]
  },
  "best_accuracy": 0.9748877368126891,
  "rounds": 50
}