{
  "run_id": "e1_botiot_multiclass_mlp_h32__dir0.1__seed2024",
  "seed": 2024,
  "device": "cuda",
  "model_name": "mlp",
  "model_hidden": [
    32
  ],
  "model_grid_size": 5,
  "model_spline_order": 3,
  "data_mode": "multiclass",
  "data_partition": "dirichlet",
  "data_alpha": 0.1,
  "n_params": 1445,
  "bytes_per_round_uplink": 5780,
  "total_uplink_bytes": 2890000,
  "final_metrics": {
    "accuracy": 0.7255270246892223,
    "f1_macro": 0.6984169409402933,
    "f1_weighted": 0.6890790284861308,
    "per_class_precision": [
      0.9760885980367481,
      0.9829854585023247,
      0.8679808841099164,
      0.48610498456109397,
      0.8851963746223565
    ],
    "per_class_recall": [
      0.7756,
      0.9937,
      0.1453,
      0.9918,
      0.6328293736501079
    ],
    "per_class_f1": [
      0.8643708904491252,
      0.9883136903873887,
      0.2489292444749015,
      0.6524356149064237,
      0.7380352644836272
    ]
  },
  "best_accuracy": 0.7255270246892223,
  "rounds": 50
}