{
  "run_id": "e1_toniot_multiclass_kan_h16__dir0.1__seed2026",
  "seed": 2026,
  "device": "cuda",
  "model_name": "kan",
  "model_hidden": [
    16
  ],
  "model_grid_size": 5,
  "model_spline_order": 3,
  "data_mode": "multiclass",
  "data_partition": "dirichlet",
  "data_alpha": 0.1,
  "n_params": 7840,
  "bytes_per_round_uplink": 34000,
  "total_uplink_bytes": 17000000,
  "final_metrics": {
    "accuracy": 0.8454535817454217,
    "f1_macro": 0.8174310183596966,
    "f1_weighted": 0.8427309803994749,
    "per_class_precision": [
      0.9067645516518091,
      0.9984481688392303,
      0.8620249703818463,
      0.8949336960217613,
      0.8888888888888888,
      0.9901960784313726,
      0.8942866542384034,
      0.9738562091503268,
      0.967623701893708,
      0.6100774225774226
    ],
    "per_class_recall": [
      0.8646,
      0.9895416794832359,
      0.9459,
      0.7896,
      0.6256,
      0.19624352331606218,
      0.8155,
      0.8882265275707899,
      0.9504,
      0.9771
    ],
    "per_class_f1": [
      0.8851804453544919,
      0.9939749729646222,
      0.9020168788442283,
      0.8389735961323912,
      0.7343584927808429,
      0.32756756756756755,
      0.8530780898582562,
      0.9290724863600935,
      0.9589345172031076,
      0.7511531365313653
    ]
  },
  "best_accuracy": 0.8466594227864204,
  "rounds": 50
}