{
  "run_id": "e1_toniot_binary_mlp_h80__dir0.1__seed11",
  "seed": 11,
  "device": "cuda",
  "model_name": "mlp",
  "model_hidden": [
    80
  ],
  "model_grid_size": 5,
  "model_spline_order": 3,
  "data_mode": "binary",
  "data_partition": "dirichlet",
  "data_alpha": 0.1,
  "n_params": 3362,
  "bytes_per_round_uplink": 13448,
  "total_uplink_bytes": 6724000,
  "final_metrics": {
    "accuracy": 0.7614423076923077,
    "f1_macro": 0.7582223007593071,
    "f1_weighted": 0.7582223007593071,
    "per_class_precision": [
      0.712415237023843,
      0.83989199459973
    ],
    "per_class_recall": [
      0.8768461538461538,
      0.6460384615384616
    ],
    "per_class_f1": [
      0.7861243771659109,
      0.7303202243527033
    ]
  },
  "best_accuracy": 0.762673076923077,
  "rounds": 50
}