{
  "run_id": "e1_toniot_multiclass_kan_h8__dir0.1__seed2026",
  "seed": 2026,
  "device": "cuda",
  "model_name": "kan",
  "model_hidden": [
    8
  ],
  "model_grid_size": 5,
  "model_spline_order": 3,
  "data_mode": "multiclass",
  "data_partition": "dirichlet",
  "data_alpha": 0.1,
  "n_params": 3920,
  "bytes_per_round_uplink": 17936,
  "total_uplink_bytes": 8968000,
  "final_metrics": {
    "accuracy": 0.8118490446028676,
    "f1_macro": 0.7729243235310079,
    "f1_weighted": 0.8054943942172782,
    "per_class_precision": [
      0.8802156334231805,
      0.9950479727638502,
      0.7245659457812976,
      0.8782312176878231,
      0.7086623889437315,
      0.995475113122172,
      0.8544617563739377,
      0.9496124031007752,
      0.9682539682539683,
      0.6779623961521644
    ],
    "per_class_recall": [
      0.8164,
      0.9889264841587204,
      0.9515,
      0.7984,
      0.5743,
      0.14248704663212436,
      0.7239,
      0.7302533532041728,
      0.9394,
      0.9303
    ],
    "per_class_f1": [
      0.8471076523994812,
      0.9919777846343721,
      0.8226698945184161,
      0.8364150646901681,
      0.6344454264250994,
      0.24929178470254956,
      0.7837808575140753,
      0.8256107834877844,
      0.9536087706831794,
      0.7843352162549532
    ]
  },
  "best_accuracy": 0.8201176688840007,
  "rounds": 50
}