{
  "run_id": "e1_botiot_binary_mlp_h80__dir0.1__seed17",
  "seed": 17,
  "device": "cuda",
  "model_name": "mlp",
  "model_hidden": [
    80
  ],
  "model_grid_size": 5,
  "model_spline_order": 3,
  "data_mode": "binary",
  "data_partition": "dirichlet",
  "data_alpha": 0.1,
  "n_params": 3362,
  "bytes_per_round_uplink": 13448,
  "total_uplink_bytes": 6724000,
  "final_metrics": {
    "accuracy": 0.9987087324377976,
    "f1_macro": 0.9987087290535757,
    "f1_weighted": 0.9987087336061597,
    "per_class_precision": [
      0.9981478623244328,
      0.9992684147703207
    ],
    "per_class_recall": [
      0.9992660408699348,
      0.9981538461538462
    ],
    "per_class_f1": [
      0.9987066386116634,
      0.9987108194954879
    ]
  },
  "best_accuracy": 0.9987087324377976,
  "rounds": 50
}