{
  "run_id": "e1_cseciic_binary_kan_h8__dir0.1__seed23",
  "seed": 23,
  "device": "cuda",
  "model_name": "kan",
  "model_hidden": [
    8
  ],
  "model_grid_size": 5,
  "model_spline_order": 3,
  "data_mode": "binary",
  "data_partition": "dirichlet",
  "data_alpha": 0.1,
  "n_params": 3280,
  "bytes_per_round_uplink": 15376,
  "total_uplink_bytes": 7688000,
  "final_metrics": {
    "accuracy": 0.9742115384615384,
    "f1_macro": 0.9742031981475223,
    "f1_weighted": 0.9742031981475223,
    "per_class_precision": [
      0.9577501392240579,
      0.991901057251147
    ],
    "per_class_recall": [
      0.9921923076923077,
      0.9562307692307692
    ],
    "per_class_f1": [
      0.9746670444885237,
      0.973739351806521
    ]
  },
  "best_accuracy": 0.9767307692307692,
  "rounds": 50
}