{
  "run_id": "e1_botiot_binary_mlp_h32__dir0.1__seed37",
  "seed": 37,
  "device": "cuda",
  "model_name": "mlp",
  "model_hidden": [
    32
  ],
  "model_grid_size": 5,
  "model_spline_order": 3,
  "data_mode": "binary",
  "data_partition": "dirichlet",
  "data_alpha": 0.1,
  "n_params": 1346,
  "bytes_per_round_uplink": 5384,
  "total_uplink_bytes": 2692000,
  "final_metrics": {
    "accuracy": 0.9956829263592036,
    "f1_macro": 0.9956828816383819,
    "f1_weighted": 0.9956829118985787,
    "per_class_precision": [
      0.9967096349630318,
      0.9946649266907193
    ],
    "per_class_recall": [
      0.9946305095221539,
      0.9967307692307692
    ],
    "per_class_f1": [
      0.9956689868522816,
      0.9956967764244823
    ]
  },
  "best_accuracy": 0.9956829263592036,
  "rounds": 50
}