{
  "run_id": "e1_cseciic_binary_kan_h8__dir0.1__seed31",
  "seed": 31,
  "device": "cuda",
  "model_name": "kan",
  "model_hidden": [
    8
  ],
  "model_grid_size": 5,
  "model_spline_order": 3,
  "data_mode": "binary",
  "data_partition": "dirichlet",
  "data_alpha": 0.1,
  "n_params": 3280,
  "bytes_per_round_uplink": 15376,
  "total_uplink_bytes": 7688000,
  "final_metrics": {
    "accuracy": 0.972423076923077,
    "f1_macro": 0.9724147030307607,
    "f1_weighted": 0.9724147030307607,
    "per_class_precision": [
      0.9565152754032558,
      0.9894795568661832
    ],
    "per_class_recall": [
      0.9898461538461538,
      0.955
    ],
    "per_class_f1": [
      0.9728953237818017,
      0.9719340822797198
    ]
  },
  "best_accuracy": 0.9741153846153846,
  "rounds": 50
}