{
  "run_id": "e1_botiot_binary_kan_h8__dir0.1__seed42",
  "seed": 42,
  "device": "cuda",
  "model_name": "kan",
  "model_hidden": [
    8
  ],
  "model_grid_size": 5,
  "model_spline_order": 3,
  "data_mode": "binary",
  "data_partition": "dirichlet",
  "data_alpha": 0.1,
  "n_params": 3280,
  "bytes_per_round_uplink": 15376,
  "total_uplink_bytes": 7688000,
  "final_metrics": {
    "accuracy": 0.9968778306704955,
    "f1_macro": 0.9968778299456934,
    "f1_weighted": 0.996877833221799,
    "per_class_precision": [
      0.9951876804619827,
      0.9985720901512812
    ],
    "per_class_recall": [
      0.9985707111677676,
      0.9951923076923077
    ],
    "per_class_f1": [
      0.9968763256334118,
      0.996879334257975
    ]
  },
  "best_accuracy": 0.9973403742748665,
  "rounds": 50
}