{
  "run_id": "e1_toniot_binary_mlp_h32__dir0.1__seed43",
  "seed": 43,
  "device": "cuda",
  "model_name": "mlp",
  "model_hidden": [
    32
  ],
  "model_grid_size": 5,
  "model_spline_order": 3,
  "data_mode": "binary",
  "data_partition": "dirichlet",
  "data_alpha": 0.1,
  "n_params": 1346,
  "bytes_per_round_uplink": 5384,
  "total_uplink_bytes": 2692000,
  "final_metrics": {
    "accuracy": 0.5819230769230769,
    "f1_macro": 0.5079162343471435,
    "f1_weighted": 0.5079162343471435,
    "per_class_precision": [
      0.8651011312992801,
      0.5461378503660703
    ],
    "per_class_recall": [
      0.1941153846153846,
      0.9697307692307693
    ],
    "per_class_f1": [
      0.31708236476723,
      0.698750103927057
    ]
  },
  "best_accuracy": 0.7677692307692308,
  "rounds": 50
}