{
  "run_id": "e1_botiot_binary_kan_h8__dir1.0__seed2026",
  "seed": 2026,
  "device": "cuda",
  "model_name": "kan",
  "model_hidden": [
    8
  ],
  "model_grid_size": 5,
  "model_spline_order": 3,
  "data_mode": "binary",
  "data_partition": "dirichlet",
  "data_alpha": 1.0,
  "n_params": 3280,
  "bytes_per_round_uplink": 15376,
  "total_uplink_bytes": 7688000,
  "final_metrics": {
    "accuracy": 0.9973018289745023,
    "f1_macro": 0.9973018288933244,
    "f1_weighted": 0.9973018299125571,
    "per_class_precision": [
      0.9953060674848986,
      0.9993049119555144
    ],
    "per_class_recall": [
      0.9993046702978329,
      0.9953076923076923
    ],
    "per_class_f1": [
      0.9973013608851536,
      0.9973022969014953
    ]
  },
  "best_accuracy": 0.9973403742748665,
  "rounds": 50
}