{
  "run_id": "e1_cseciic_multiclass_kan_h16__dir0.1__seed2024",
  "seed": 2024,
  "device": "cuda",
  "model_name": "kan",
  "model_hidden": [
    16
  ],
  "model_grid_size": 5,
  "model_spline_order": 3,
  "data_mode": "multiclass",
  "data_partition": "dirichlet",
  "data_alpha": 0.1,
  "n_params": 8640,
  "bytes_per_round_uplink": 37200,
  "total_uplink_bytes": 18600000,
  "final_metrics": {
    "accuracy": 0.8832834440631768,
    "f1_macro": 0.7332701921386594,
    "f1_weighted": 0.8643578765853042,
    "per_class_precision": [
      0.7926106657371906,
      0.998211731044349,
      0.45454545454545453,
      0.453125,
      0.9446438692612885,
      0.9853300733496333,
      0.9980984787830264,
      0.9305295419717351,
      0.984457537586347,
      1.0,
      1.0,
      1.0,
      0.5603511753044463,
      0.0,
      0.9989992995096567
    ],
    "per_class_recall": [
      0.2274,
      0.995718872636461,
      0.011682242990654205,
      0.15675675675675677,
      1.0,
      0.9549763033175356,
      0.9973,
      0.9857503607503607,
      0.9691,
      1.0,
      0.674553101997897,
      1.0,
      0.9893,
      0.0,
      0.9983
    ],
    "per_class_f1": [
      0.35340741316341595,
      0.9969637435256296,
      0.022779043280182234,
      0.23293172690763053,
      0.9715340522685321,
      0.9699157641395909,
      0.9976990796318528,
      0.957344311115004,
      0.9767184035476718,
      1.0,
      0.8056514913657771,
      1.0,
      0.7154583258000362,
      0.0,
      0.9986495273345671
    ]
  },
  "best_accuracy": 0.8836849918473632,
  "rounds": 50
}