{
  "run_id": "e1_botiot_multiclass_mlp_h32__dir0.1__seed23",
  "seed": 23,
  "device": "cuda",
  "model_name": "mlp",
  "model_hidden": [
    32
  ],
  "model_grid_size": 5,
  "model_spline_order": 3,
  "data_mode": "multiclass",
  "data_partition": "dirichlet",
  "data_alpha": 0.1,
  "n_params": 1445,
  "bytes_per_round_uplink": 5780,
  "total_uplink_bytes": 2890000,
  "final_metrics": {
    "accuracy": 0.7747818995131355,
    "f1_macro": 0.7475833962681315,
    "f1_weighted": 0.710630259334922,
    "per_class_precision": [
      0.6184194227672488,
      0.9921953171903142,
      0.7790164452877926,
      0.9872448979591837,
      0.8717434869739479
    ],
    "per_class_recall": [
      0.9985,
      0.9916,
      0.9853,
      0.1161,
      0.9395248380129589
    ],
    "per_class_f1": [
      0.763787959917387,
      0.9918975692707812,
      0.8700989049805722,
      0.2077666428060129,
      0.9043659043659044
    ]
  },
  "best_accuracy": 0.7774015767491288,
  "rounds": 50
}