{
  "run_id": "e1_cseciic_multiclass_mlp_h32__dir0.1__seed31",
  "seed": 31,
  "device": "cuda",
  "model_name": "mlp",
  "model_hidden": [
    32
  ],
  "model_grid_size": 5,
  "model_spline_order": 3,
  "data_mode": "multiclass",
  "data_partition": "dirichlet",
  "data_alpha": 0.1,
  "n_params": 1775,
  "bytes_per_round_uplink": 7100,
  "total_uplink_bytes": 3550000,
  "final_metrics": {
    "accuracy": 0.875739212966343,
    "f1_macro": 0.7349119819968916,
    "f1_weighted": 0.8598972412909976,
    "per_class_precision": [
      0.5716979984182028,
      0.9769230769230769,
      0.0,
      0.8055555555555556,
      0.9386912027039714,
      0.9974747474747475,
      0.9933293508562325,
      0.9608807683298196,
      0.8630941940010525,
      0.9985850725150336,
      0.9815126050420168,
      0.9998072103335262,
      0.8674879807692307,
      0.0,
      0.991665839865066
    ],
    "per_class_recall": [
      0.9397,
      0.9967891544773457,
      0.0,
      0.15675675675675677,
      0.9998,
      0.9360189573459715,
      0.9977,
      0.73989898989899,
      0.9841,
      1.0,
      0.9211356466876972,
      1.0,
      0.2887,
      0.0,
      0.9995
    ],
    "per_class_f1": [
      0.7108976056284753,
      0.9867561363235035,
      0.0,
      0.26244343891402716,
      0.9682824076315917,
      0.9657701711491442,
      0.9955098782678108,
      0.8360338326709467,
      0.9196336790954116,
      0.9992920353982301,
      0.950366151342555,
      0.9999035958739034,
      0.4332232893157263,
      0.0,
      0.9955675083420489
    ]
  },
  "best_accuracy": 0.875739212966343,
  "rounds": 50
}