{
  "run_id": "e1_botiot_multiclass_mlp_h32__dir1.0__seed42",
  "seed": 42,
  "device": "cuda",
  "model_name": "mlp",
  "model_hidden": [
    32
  ],
  "model_grid_size": 5,
  "model_spline_order": 3,
  "data_mode": "multiclass",
  "data_partition": "dirichlet",
  "data_alpha": 1.0,
  "n_params": 1445,
  "bytes_per_round_uplink": 5780,
  "total_uplink_bytes": 2890000,
  "final_metrics": {
    "accuracy": 0.9304549835652325,
    "f1_macro": 0.9342732205929021,
    "f1_weighted": 0.9308428723718879,
    "per_class_precision": [
      0.9888862615275479,
      0.9908220271348763,
      0.9409162406606371,
      0.8238044820892889,
      0.9368421052631579
    ],
    "per_class_recall": [
      0.8364,
      0.9932,
      0.9571,
      0.9337,
      0.9611231101511879
    ],
    "per_class_f1": [
      0.9062737024596381,
      0.9920095884938074,
      0.9489391235375768,
      0.8753163963626137,
      0.9488272921108742
    ]
  },
  "best_accuracy": 0.9305538393099869,
  "rounds": 50
}