{
  "run_id": "e1_mini_botiot_mlp_binary__dir1.0__seed2024",
  "seed": 2024,
  "device": "cuda",
  "n_params": 1346,
  "bytes_per_round_uplink": 5384,
  "total_uplink_bytes": 2692000,
  "final_metrics": {
    "accuracy": 0.9972054657235917,
    "f1_macro": 0.9972054633320653,
    "f1_weighted": 0.9972054689621169,
    "per_class_precision": [
      0.9959540690505548,
      0.998457682668209
    ],
    "per_class_recall": [
      0.9984548228840731,
      0.9959615384615385
    ],
    "per_class_f1": [
      0.9972028781419394,
      0.9972080485221912
    ]
  },
  "best_accuracy": 0.9972825563243202,
  "rounds": 50
}