{
  "run_id": "e1_toniot_multiclass_mlp_h32__dir0.1__seed42",
  "seed": 42,
  "device": "cuda",
  "model_name": "mlp",
  "model_hidden": [
    32
  ],
  "model_grid_size": 5,
  "model_spline_order": 3,
  "data_mode": "multiclass",
  "data_partition": "dirichlet",
  "data_alpha": 0.1,
  "n_params": 1610,
  "bytes_per_round_uplink": 6440,
  "total_uplink_bytes": 3220000,
  "final_metrics": {
    "accuracy": 0.6727002888718098,
    "f1_macro": 0.6543816602127771,
    "f1_weighted": 0.6310099522466567,
    "per_class_precision": [
      0.4392957574275584,
      0.9953617810760668,
      0.8084949409780776,
      0.860746821503654,
      0.7457810806626413,
      0.43623639191290825,
      0.5951583122478288,
      0.8637820512820513,
      0.4722222222222222,
      0.7124073083097623
    ],
    "per_class_recall": [
      0.7186,
      0.9901568748077515,
      0.7671,
      0.8598,
      0.4817,
      0.3633419689119171,
      0.8703,
      0.8032786885245902,
      0.0153,
      0.9319
    ],
    "per_class_f1": [
      0.5452614007132559,
      0.9927525057825751,
      0.7872536945812808,
      0.860273150232628,
      0.5853332523239565,
      0.39646643109540636,
      0.7069000527961662,
      0.8324324324324325,
      0.029639674544750097,
      0.8075040076253195
    ]
  },
  "best_accuracy": 0.6752974849601144,
  "rounds": 50
}