{
  "run_id": "e1_botiot_multiclass_mlp_h80__dir1.0__seed42",
  "seed": 42,
  "device": "cuda",
  "model_name": "mlp",
  "model_hidden": [
    80
  ],
  "model_grid_size": 5,
  "model_spline_order": 3,
  "data_mode": "multiclass",
  "data_partition": "dirichlet",
  "data_alpha": 1.0,
  "n_params": 3605,
  "bytes_per_round_uplink": 14420,
  "total_uplink_bytes": 7210000,
  "final_metrics": {
    "accuracy": 0.9306279811185527,
    "f1_macro": 0.9347808485462904,
    "f1_weighted": 0.9310170966753556,
    "per_class_precision": [
      0.9907462332423775,
      0.9908220271348763,
      0.9407429245283019,
      0.8233741089501012,
      0.9426751592356688
    ],
    "per_class_recall": [
      0.8351,
      0.9932,
      0.9573,
      0.9356,
      0.958963282937365
    ],
    "per_class_f1": [
      0.9062890010309838,
      0.9920095884938074,
      0.948949246629659,
      0.8759069419089079,
      0.9507494646680942
    ]
  },
  "best_accuracy": 0.9306526950547414,
  "rounds": 50
}