{
  "run_id": "e1_toniot_multiclass_kan_h16__dir0.1__seed37",
  "seed": 37,
  "device": "cuda",
  "model_name": "kan",
  "model_hidden": [
    16
  ],
  "model_grid_size": 5,
  "model_spline_order": 3,
  "data_mode": "multiclass",
  "data_partition": "dirichlet",
  "data_alpha": 0.1,
  "n_params": 7840,
  "bytes_per_round_uplink": 34000,
  "total_uplink_bytes": 17000000,
  "final_metrics": {
    "accuracy": 0.8302149312273076,
    "f1_macro": 0.8035440052260725,
    "f1_weighted": 0.8254275430164665,
    "per_class_precision": [
      0.8707917224338515,
      0.994767620806402,
      0.860139211136891,
      0.7748131409699287,
      0.7398778556887582,
      0.9307479224376731,
      0.7506860371267151,
      0.8796561604584527,
      0.993139129456754,
      0.7916159716845481
    ],
    "per_class_recall": [
      0.8458,
      0.9941556444171025,
      0.9268,
      0.8915,
      0.6542,
      0.21761658031088082,
      0.9301,
      0.9150521609538003,
      0.883,
      0.7157
    ],
    "per_class_f1": [
      0.8581139349667732,
      0.9944615384615385,
      0.8922262334536702,
      0.8290709569422486,
      0.6944061140006369,
      0.352755905511811,
      0.8308173291648057,
      0.8970051132213295,
      0.9348366947223545,
      0.7517462318155559
    ]
  },
  "best_accuracy": 0.8401266795643071,
  "rounds": 50
}