{
  "run_id": "e1_toniot_binary_mlp_h32__dir0.1__seed2024",
  "seed": 2024,
  "device": "cuda",
  "model_name": "mlp",
  "model_hidden": [
    32
  ],
  "model_grid_size": 5,
  "model_spline_order": 3,
  "data_mode": "binary",
  "data_partition": "dirichlet",
  "data_alpha": 0.1,
  "n_params": 1346,
  "bytes_per_round_uplink": 5384,
  "total_uplink_bytes": 2692000,
  "final_metrics": {
    "accuracy": 0.8066923076923077,
    "f1_macro": 0.7995283448527906,
    "f1_weighted": 0.7995283448527906,
    "per_class_precision": [
      0.9931354359925788,
      0.722550934970695
    ],
    "per_class_recall": [
      0.6176538461538461,
      0.9957307692307692
    ],
    "per_class_f1": [
      0.7616314915816932,
      0.837425198123888
    ]
  },
  "best_accuracy": 0.8135,
  "rounds": 50
}