{
  "run_id": "e1_cseciic_multiclass_mlp_h32__dir0.1__seed2026",
  "seed": 2026,
  "device": "cuda",
  "model_name": "mlp",
  "model_hidden": [
    32
  ],
  "model_grid_size": 5,
  "model_spline_order": 3,
  "data_mode": "multiclass",
  "data_partition": "dirichlet",
  "data_alpha": 0.1,
  "n_params": 1775,
  "bytes_per_round_uplink": 7100,
  "total_uplink_bytes": 3550000,
  "final_metrics": {
    "accuracy": 0.7533279793628775,
    "f1_macro": 0.6136727070774957,
    "f1_weighted": 0.6975944365237148,
    "per_class_precision": [
      0.5571590265987549,
      0.9729260673377299,
      0.7407407407407407,
      0.0,
      0.9373828271466067,
      0.9689737470167065,
      0.9933207058119828,
      0.35582112567463375,
      0.4098360655737705,
      0.9979633401221996,
      0.9916142557651991,
      0.7930876280776877,
      0.9928716904276986,
      0.0,
      0.9919555070016883
    ],
    "per_class_recall": [
      0.9845,
      1.0,
      0.09345794392523364,
      0.0,
      1.0,
      0.9620853080568721,
      0.9964,
      0.9989177489177489,
      0.0025,
      0.5207226354941552,
      0.9947423764458465,
      1.0,
      0.195,
      0.0,
      0.9988
    ],
    "per_class_f1": [
      0.7116010119262739,
      0.986277269528501,
      0.16597510373443983,
      0.0,
      0.9676795045480937,
      0.9655172413793104,
      0.9948579701462733,
      0.5247299602046618,
      0.004969684921975946,
      0.6843575418994413,
      0.9931758530183727,
      0.8846055437100213,
      0.3259779338014042,
      0.0,
      0.9953659873436643
    ]
  },
  "best_accuracy": 0.7567593877004697,
  "rounds": 50
}