{
  "run_id": "e1_cseciic_multiclass_kan_h8__dir0.1__seed2026",
  "seed": 2026,
  "device": "cuda",
  "model_name": "kan",
  "model_hidden": [
    8
  ],
  "model_grid_size": 5,
  "model_spline_order": 3,
  "data_mode": "multiclass",
  "data_partition": "dirichlet",
  "data_alpha": 0.1,
  "n_params": 4320,
  "bytes_per_round_uplink": 19536,
  "total_uplink_bytes": 9768000,
  "final_metrics": {
    "accuracy": 0.8771993867270205,
    "f1_macro": 0.7400347049487688,
    "f1_weighted": 0.8601297727582192,
    "per_class_precision": [
      0.5616606329557398,
      0.9904593639575971,
      0.5,
      0.5,
      0.9449116507606539,
      1.0,
      0.9958171496862862,
      0.7891514806378133,
      0.999882311404025,
      0.9989384288747346,
      0.9937304075235109,
      1.0,
      0.8830747022735475,
      0.0,
      0.9983016983016983
    ],
    "per_class_recall": [
      0.9619,
      1.0,
      0.15186915887850466,
      0.016216216216216217,
      1.0,
      0.966824644549763,
      0.9999,
      0.9998196248196248,
      0.8496,
      1.0,
      1.0,
      1.0,
      0.2447,
      0.0,
      0.9993
    ],
    "per_class_f1": [
      0.7092088770920888,
      0.9952068169714184,
      0.23297491039426524,
      0.031413612565445025,
      0.9716756546664723,
      0.983132530120482,
      0.9978543984831096,
      0.8820814767663908,
      0.9186354543980105,
      0.9994689325544344,
      0.9968553459119497,
      1.0,
      0.38321196460731344,
      0.0,
      0.9988005997001499
    ]
  },
  "best_accuracy": 0.8778929692633424,
  "rounds": 50
}