{
  "run_id": "e1_toniot_multiclass_mlp_h80__dir0.1__seed29",
  "seed": 29,
  "device": "cuda",
  "model_name": "mlp",
  "model_hidden": [
    80
  ],
  "model_grid_size": 5,
  "model_spline_order": 3,
  "data_mode": "multiclass",
  "data_partition": "dirichlet",
  "data_alpha": 0.1,
  "n_params": 4010,
  "bytes_per_round_uplink": 16040,
  "total_uplink_bytes": 8020000,
  "final_metrics": {
    "accuracy": 0.7345029549731005,
    "f1_macro": 0.7155138356058605,
    "f1_weighted": 0.7079149918029558,
    "per_class_precision": [
      0.9035269709543569,
      0.9552282768777615,
      0.8543230806490676,
      0.7793336145086461,
      0.866770347330223,
      0.9634146341463414,
      0.5317243833017078,
      0.9442508710801394,
      0.8163282429937909,
      0.6282648908620052
    ],
    "per_class_recall": [
      0.6097,
      0.9975392187019378,
      0.7055,
      0.9239,
      0.1672,
      0.25582901554404147,
      0.8967,
      0.8077496274217586,
      0.9729,
      0.8491
    ],
    "per_class_f1": [
      0.7280869357535228,
      0.9759253686427927,
      0.7728119180633147,
      0.8454815831617479,
      0.28032525777516976,
      0.40429887410440124,
      0.6675848719475879,
      0.8706827309236947,
      0.8877634820695319,
      0.7221773336168403
    ]
  },
  "best_accuracy": 0.7700421381814327,
  "rounds": 50
}