{
  "run_id": "e1_toniot_multiclass_mlp_h32__dir0.1__seed17",
  "seed": 17,
  "device": "cuda",
  "model_name": "mlp",
  "model_hidden": [
    32
  ],
  "model_grid_size": 5,
  "model_spline_order": 3,
  "data_mode": "multiclass",
  "data_partition": "dirichlet",
  "data_alpha": 0.1,
  "n_params": 1610,
  "bytes_per_round_uplink": 6440,
  "total_uplink_bytes": 3220000,
  "final_metrics": {
    "accuracy": 0.7772506824265232,
    "f1_macro": 0.6616329895394151,
    "f1_weighted": 0.7690208358285163,
    "per_class_precision": [
      0.7911442786069651,
      0.9364664926022629,
      0.8114347998414586,
      0.8651632605120977,
      0.6611181472770038,
      1.0,
      0.7743752560426055,
      0.673469387755102,
      0.9193296554595607,
      0.6350677675650412
    ],
    "per_class_recall": [
      0.7951,
      0.9929252537680714,
      0.8189,
      0.7366,
      0.7308,
      0.0012953367875647669,
      0.7561,
      0.09836065573770492,
      0.8832,
      0.8153
    ],
    "per_class_f1": [
      0.7931172069825436,
      0.9638698118841446,
      0.8151503085805296,
      0.7957221562061143,
      0.6942148760330579,
      0.00258732212160414,
      0.7651285164946368,
      0.1716514954486346,
      0.9009027388177692,
      0.713985462825116
    ]
  },
  "best_accuracy": 0.7772506824265232,
  "rounds": 50
}