{
  "run_id": "e1_cseciic_binary_mlp_h80__dir0.1__seed37",
  "seed": 37,
  "device": "cuda",
  "model_name": "mlp",
  "model_hidden": [
    80
  ],
  "model_grid_size": 5,
  "model_spline_order": 3,
  "data_mode": "binary",
  "data_partition": "dirichlet",
  "data_alpha": 0.1,
  "n_params": 3362,
  "bytes_per_round_uplink": 13448,
  "total_uplink_bytes": 6724000,
  "final_metrics": {
    "accuracy": 0.9719038461538462,
    "f1_macro": 0.9718824929765606,
    "f1_weighted": 0.9718824929765606,
    "per_class_precision": [
      0.9472533080596363,
      0.9994301298489844
    ],
    "per_class_recall": [
      0.9994615384615385,
      0.9443461538461538
    ],
    "per_class_f1": [
      0.972657346583572,
      0.9711076393695494
    ]
  },
  "best_accuracy": 0.9751923076923077,
  "rounds": 50
}