{
  "run_id": "e1_botiot_multiclass_mlp_h32__dir0.1__seed43",
  "seed": 43,
  "device": "cuda",
  "model_name": "mlp",
  "model_hidden": [
    32
  ],
  "model_grid_size": 5,
  "model_spline_order": 3,
  "data_mode": "multiclass",
  "data_partition": "dirichlet",
  "data_alpha": 0.1,
  "n_params": 1445,
  "bytes_per_round_uplink": 5780,
  "total_uplink_bytes": 2890000,
  "final_metrics": {
    "accuracy": 0.9174307391938314,
    "f1_macro": 0.7387674161161958,
    "f1_weighted": 0.9128925390062474,
    "per_class_precision": [
      0.9832242712671029,
      0.9924060751398881,
      0.9271478328173375,
      0.7975926242103466,
      0.0
    ],
    "per_class_recall": [
      0.8264,
      0.9932,
      0.9583,
      0.9343,
      0.0
    ],
    "per_class_f1": [
      0.8980168432491171,
      0.9928028788484606,
      0.9424665617623919,
      0.8605507967210095,
      0.0
    ]
  },
  "best_accuracy": 0.9176037367471517,
  "rounds": 50
}