{
  "run_id": "e1_cseciic_multiclass_mlp_h32__dir0.1__seed42",
  "seed": 42,
  "device": "cuda",
  "model_name": "mlp",
  "model_hidden": [
    32
  ],
  "model_grid_size": 5,
  "model_spline_order": 3,
  "data_mode": "multiclass",
  "data_partition": "dirichlet",
  "data_alpha": 0.1,
  "n_params": 1775,
  "bytes_per_round_uplink": 7100,
  "total_uplink_bytes": 3550000,
  "final_metrics": {
    "accuracy": 0.8665036139300577,
    "f1_macro": 0.6678322548845259,
    "f1_weighted": 0.839260107801664,
    "per_class_precision": [
      0.6873473375671715,
      0.9683773976153447,
      1.0,
      0.23008849557522124,
      0.9393740013159132,
      1.0,
      0.9587688177198197,
      0.9276071549105637,
      0.9933360672544597,
      0.9996458923512748,
      0.9861111111111112,
      1.0,
      0.5336535806968141,
      0.0,
      0.99730323611666
    ],
    "per_class_recall": [
      0.1407,
      0.9996432393863718,
      0.04439252336448598,
      0.14054054054054055,
      0.9994,
      0.0924170616113744,
      0.9999,
      0.9915223665223665,
      0.9689,
      1.0,
      0.6719242902208202,
      1.0,
      0.9665,
      0.0,
      0.9985
    ],
    "per_class_f1": [
      0.2335851249273678,
      0.9837619590976916,
      0.08501118568232663,
      0.174496644295302,
      0.968457774116963,
      0.16919739696312364,
      0.9789025405061432,
      0.9585004359197907,
      0.9809658803280348,
      0.9998229148220295,
      0.799249530956848,
      1.0,
      0.6876311764078119,
      0.0,
      0.9979012592444533
    ]
  },
  "best_accuracy": 0.8665036139300577,
  "rounds": 50
}