{
  "run_id": "e1_toniot_binary_kan_h8__dir0.1__seed23",
  "seed": 23,
  "device": "cuda",
  "model_name": "kan",
  "model_hidden": [
    8
  ],
  "model_grid_size": 5,
  "model_spline_order": 3,
  "data_mode": "binary",
  "data_partition": "dirichlet",
  "data_alpha": 0.1,
  "n_params": 3280,
  "bytes_per_round_uplink": 15376,
  "total_uplink_bytes": 7688000,
  "final_metrics": {
    "accuracy": 0.9434230769230769,
    "f1_macro": 0.9433377414662273,
    "f1_weighted": 0.9433377414662273,
    "per_class_precision": [
      0.9114854736240988,
      0.9807355516637478
    ],
    "per_class_recall": [
      0.9822307692307692,
      0.9046153846153846
    ],
    "per_class_f1": [
      0.9455366729608649,
      0.9411388099715897
    ]
  },
  "best_accuracy": 0.9575,
  "rounds": 50
}