{
  "run_id": "e1_botiot_binary_kan_h8__dir0.1__seed23",
  "seed": 23,
  "device": "cuda",
  "model_name": "kan",
  "model_hidden": [
    8
  ],
  "model_grid_size": 5,
  "model_spline_order": 3,
  "data_mode": "binary",
  "data_partition": "dirichlet",
  "data_alpha": 0.1,
  "n_params": 3280,
  "bytes_per_round_uplink": 15376,
  "total_uplink_bytes": 7688000,
  "final_metrics": {
    "accuracy": 0.9690288511573226,
    "f1_macro": 0.969004511740275,
    "f1_weighted": 0.9690026201624715,
    "per_class_precision": [
      0.9421942157791214,
      0.9991814349445423
    ],
    "per_class_recall": [
      0.9992274114420365,
      0.9389615384615385
    ],
    "per_class_f1": [
      0.969873080744643,
      0.9681359427359071
    ]
  },
  "best_accuracy": 0.9690288511573226,
  "rounds": 50
}