{
  "run_id": "e1_toniot_multiclass_kan_h8__dir0.1__seed2024",
  "seed": 2024,
  "device": "cuda",
  "model_name": "kan",
  "model_hidden": [
    8
  ],
  "model_grid_size": 5,
  "model_spline_order": 3,
  "data_mode": "multiclass",
  "data_partition": "dirichlet",
  "data_alpha": 0.1,
  "n_params": 3920,
  "bytes_per_round_uplink": 17936,
  "total_uplink_bytes": 8968000,
  "final_metrics": {
    "accuracy": 0.7236106326027615,
    "f1_macro": 0.583097287415196,
    "f1_weighted": 0.6678673998419176,
    "per_class_precision": [
      0.5859375,
      0.9968915138327634,
      0.8315729913240286,
      0.8557762295934283,
      0.6165487597385153,
      0.9428571428571428,
      0.7784697508896797,
      0.7674418604651163,
      0.578806767586821,
      0.703423886834914
    ],
    "per_class_recall": [
      0.015,
      0.9864657028606583,
      0.8818,
      0.823,
      0.6885,
      0.021373056994818652,
      0.875,
      0.04918032786885246,
      0.975,
      0.8752
    ],
    "per_class_f1": [
      0.02925117004680187,
      0.9916512059369202,
      0.8559503009124442,
      0.8390681551715349,
      0.6505409363632069,
      0.04179860671310956,
      0.8239171374764596,
      0.09243697478991597,
      0.7263922518159807,
      0.779966134925586
    ]
  },
  "best_accuracy": 0.7236106326027615,
  "rounds": 50
}