{
  "run_id": "e1_cseciic_multiclass_mlp_h32__dir0.1__seed23",
  "seed": 23,
  "device": "cuda",
  "model_name": "mlp",
  "model_hidden": [
    32
  ],
  "model_grid_size": 5,
  "model_spline_order": 3,
  "data_mode": "multiclass",
  "data_partition": "dirichlet",
  "data_alpha": 0.1,
  "n_params": 1775,
  "bytes_per_round_uplink": 7100,
  "total_uplink_bytes": 3550000,
  "final_metrics": {
    "accuracy": 0.7351244798130978,
    "f1_macro": 0.5242305284894119,
    "f1_weighted": 0.6476852019556676,
    "per_class_precision": [
      0.5477311889718552,
      0.9467995271069076,
      0.0,
      0.0,
      0.9424256724870221,
      0.9760191846522782,
      0.986094674556213,
      0.8920863309352518,
      0.651281048308234,
      0.351644245142003,
      0.9581124072110286,
      0.0,
      0.5416666666666666,
      0.0,
      0.8373806732540613
    ],
    "per_class_recall": [
      0.9536,
      1.0,
      0.0,
      0.0,
      0.9985,
      0.9644549763033176,
      0.9999,
      0.044733044733044736,
      0.999,
      1.0,
      0.9500525762355415,
      0.0,
      0.0013,
      0.0,
      1.0
    ],
    "per_class_f1": [
      0.6958044509303174,
      0.9726728550360024,
      0.0,
      0.0,
      0.9696528283563972,
      0.9702026221692491,
      0.9929493545183714,
      0.08519409137753349,
      0.7885078337740242,
      0.5203207077688692,
      0.954065469904963,
      0.0,
      0.0025937749401436553,
      0.0,
      0.9114939385653086
    ]
  },
  "best_accuracy": 0.7362926188216398,
  "rounds": 50
}