{
  "run_id": "e1_toniot_multiclass_mlp_h32__dir0.1__seed2024",
  "seed": 2024,
  "device": "cuda",
  "model_name": "mlp",
  "model_hidden": [
    32
  ],
  "model_grid_size": 5,
  "model_spline_order": 3,
  "data_mode": "multiclass",
  "data_partition": "dirichlet",
  "data_alpha": 0.1,
  "n_params": 1610,
  "bytes_per_round_uplink": 6440,
  "total_uplink_bytes": 3220000,
  "final_metrics": {
    "accuracy": 0.709008030106273,
    "f1_macro": 0.5653818419235355,
    "f1_weighted": 0.6482414398201707,
    "per_class_precision": [
      1.0,
      0.9537229308810442,
      0.8099354016922937,
      0.8083999614680667,
      0.6523993381136238,
      0.9629629629629629,
      0.7129994855084891,
      0.0,
      0.6020205776620801,
      0.6507671053588308
    ],
    "per_class_recall": [
      0.0001,
      0.9889264841587204,
      0.8902,
      0.8392,
      0.5914,
      0.06735751295336788,
      0.8315,
      0.0,
      0.9713,
      0.895
    ],
    "per_class_f1": [
      0.00019998000199980003,
      0.971005738447599,
      0.8481730265351818,
      0.8235120945979099,
      0.6204038814581694,
      0.12590799031476999,
      0.7677038131289816,
      0.0,
      0.7433228744164689,
      0.7535890203342736
    ]
  },
  "best_accuracy": 0.7179127024090319,
  "rounds": 50
}