{
  "run_id": "e1_mini_botiot_kan_binary__dir0.1__seed42",
  "seed": 42,
  "device": "cuda",
  "n_params": 3280,
  "bytes_per_round_uplink": 15376,
  "total_uplink_bytes": 7688000,
  "final_metrics": {
    "accuracy": 0.9966851041686743,
    "f1_macro": 0.9966851041083421,
    "f1_weighted": 0.9966851050822755,
    "per_class_precision": [
      0.9946524064171123,
      0.9987255734919286
    ],
    "per_class_recall": [
      0.9987252288793603,
      0.9946538461538461
    ],
    "per_class_f1": [
      0.9966846569005398,
      0.9966855513161444
    ]
  },
  "best_accuracy": 0.9973018289745023,
  "rounds": 50
}