{
  "run_id": "e1_botiot_binary_mlp_h80__dir0.1__seed11",
  "seed": 11,
  "device": "cuda",
  "model_name": "mlp",
  "model_hidden": [
    80
  ],
  "model_grid_size": 5,
  "model_spline_order": 3,
  "data_mode": "binary",
  "data_partition": "dirichlet",
  "data_alpha": 0.1,
  "n_params": 3362,
  "bytes_per_round_uplink": 13448,
  "total_uplink_bytes": 6724000,
  "final_metrics": {
    "accuracy": 0.9226974001194904,
    "f1_macro": 0.9222417327484962,
    "f1_weighted": 0.9222546960951534,
    "per_class_precision": [
      0.9965498456509897,
      0.8682139388459091
    ],
    "per_class_recall": [
      0.8479932012206899,
      0.9970769230769231
    ],
    "per_class_f1": [
      0.9162892622352082,
      0.9281942032617841
    ]
  },
  "best_accuracy": 0.9924643937787885,
  "rounds": 50
}