{
  "run_id": "e1_cseciic_multiclass_kan_h16__dir0.1__seed2026",
  "seed": 2026,
  "device": "cuda",
  "model_name": "kan",
  "model_hidden": [
    16
  ],
  "model_grid_size": 5,
  "model_spline_order": 3,
  "data_mode": "multiclass",
  "data_partition": "dirichlet",
  "data_alpha": 0.1,
  "n_params": 8640,
  "bytes_per_round_uplink": 37200,
  "total_uplink_bytes": 18600000,
  "final_metrics": {
    "accuracy": 0.876712662140128,
    "f1_macro": 0.749701441109039,
    "f1_weighted": 0.8569285419009216,
    "per_class_precision": [
      0.5571605913553775,
      0.9950301739439119,
      0.5849056603773585,
      1.0,
      0.945179584120983,
      0.9975429975429976,
      0.9956188389923329,
      0.7871343368361261,
      0.999765478424015,
      1.0,
      0.9962962962962963,
      0.9996144949884348,
      0.970306075833714,
      0.0,
      0.9988009592326139
    ],
    "per_class_recall": [
      0.9874,
      1.0,
      0.14485981308411214,
      0.11891891891891893,
      1.0,
      0.9620853080568721,
      0.9999,
      0.9998196248196248,
      0.8526,
      1.0,
      0.9900105152471083,
      1.0,
      0.2124,
      0.0,
      0.9996
    ],
    "per_class_f1": [
      0.712358415698723,
      0.997508896797153,
      0.23220973782771537,
      0.21256038647342995,
      0.9718172983479106,
      0.9794933655006032,
      0.9977548271216884,
      0.8808199586842523,
      0.9203367875647669,
      1.0,
      0.9931434599156118,
      0.9998072103335262,
      0.34851095249815406,
      0.0,
      0.9992003198720512
    ]
  },
  "best_accuracy": 0.8793409749093476,
  "rounds": 50
}