{
  "run_id": "e1_cseciic_multiclass_kan_h8__dir0.1__seed31",
  "seed": 31,
  "device": "cuda",
  "model_name": "kan",
  "model_hidden": [
    8
  ],
  "model_grid_size": 5,
  "model_spline_order": 3,
  "data_mode": "multiclass",
  "data_partition": "dirichlet",
  "data_alpha": 0.1,
  "n_params": 4320,
  "bytes_per_round_uplink": 19536,
  "total_uplink_bytes": 9768000,
  "final_metrics": {
    "accuracy": 0.8925068749847899,
    "f1_macro": 0.7401732475375131,
    "f1_weighted": 0.8748639776602932,
    "per_class_precision": [
      0.5691226847819776,
      0.9788128173699877,
      0.4788732394366197,
      0.14285714285714285,
      0.9436633009342267,
      1.0,
      0.9913570435128154,
      0.9444254445964432,
      0.9904022871145599,
      0.9978791092258749,
      0.9977207977207977,
      1.0,
      0.9668300037693177,
      0.0,
      0.995220075682135
    ],
    "per_class_recall": [
      0.9802,
      0.9971459150909739,
      0.0794392523364486,
      0.005405405405405406,
      1.0,
      0.9478672985781991,
      0.9979,
      0.9962121212121212,
      0.97,
      1.0,
      0.9206098843322819,
      1.0,
      0.2565,
      0.0,
      0.9994
    ],
    "per_class_f1": [
      0.7201263637365463,
      0.9878943182822303,
      0.13627254509018036,
      0.010416666666666666,
      0.9710151963878235,
      0.9732360097323601,
      0.9946177613874215,
      0.969627808988764,
      0.9800949782762454,
      0.9989384288747346,
      0.9576155318567131,
      1.0,
      0.4054374456650597,
      0.0,
      0.9973056581179524
    ]
  },
  "best_accuracy": 0.8952203645567156,
  "rounds": 50
}