{
  "run_id": "e1_botiot_multiclass_kan_h8__iid__seed42",
  "seed": 42,
  "device": "cuda",
  "model_name": "kan",
  "model_hidden": [
    8
  ],
  "model_grid_size": 5,
  "model_spline_order": 3,
  "data_mode": "multiclass",
  "data_partition": "iid",
  "data_alpha": 0.1,
  "n_params": 3520,
  "bytes_per_round_uplink": 16336,
  "total_uplink_bytes": 8168000,
  "final_metrics": {
    "accuracy": 0.9316165385660974,
    "f1_macro": 0.935340445938097,
    "f1_weighted": 0.9319842680908977,
    "per_class_precision": [
      0.9882339098717496,
      0.9913164986525601,
      0.9414773286121767,
      0.8274426432810701,
      0.9243353783231084
    ],
    "per_class_recall": [
      0.8399,
      0.9932,
      0.9572,
      0.9341,
      0.9762419006479481
    ],
    "per_class_f1": [
      0.9080490837342559,
      0.9922573555122634,
      0.9492735657261864,
      0.8775423927850063,
      0.9495798319327731
    ]
  },
  "best_accuracy": 0.9345822109087314,
  "rounds": 50
}