{
  "run_id": "e1_botiot_multiclass_kan_h16__dir1.0__seed2026",
  "seed": 2026,
  "device": "cuda",
  "model_name": "kan",
  "model_hidden": [
    16
  ],
  "model_grid_size": 5,
  "model_spline_order": 3,
  "data_mode": "multiclass",
  "data_partition": "dirichlet",
  "data_alpha": 1.0,
  "n_params": 7040,
  "bytes_per_round_uplink": 30800,
  "total_uplink_bytes": 15400000,
  "final_metrics": {
    "accuracy": 0.9363121864419346,
    "f1_macro": 0.9377837651034862,
    "f1_weighted": 0.9364889538810418,
    "per_class_precision": [
      0.9875942028985507,
      0.9923030787684926,
      0.9366428433455669,
      0.8456009462287326,
      0.918200408997955
    ],
    "per_class_recall": [
      0.8518,
      0.9927,
      0.9698,
      0.9294,
      0.9697624190064795
    ],
    "per_class_f1": [
      0.9146845637583892,
      0.99250149970006,
      0.9529330844060135,
      0.885522366728598,
      0.9432773109243697
    ]
  },
  "best_accuracy": 0.9364851839952549,
  "rounds": 50
}