{
  "run_id": "e1_botiot_binary_kan_h8__dir1.0__seed42",
  "seed": 42,
  "device": "cuda",
  "model_name": "kan",
  "model_hidden": [
    8
  ],
  "model_grid_size": 5,
  "model_spline_order": 3,
  "data_mode": "binary",
  "data_partition": "dirichlet",
  "data_alpha": 1.0,
  "n_params": 3280,
  "bytes_per_round_uplink": 15376,
  "total_uplink_bytes": 7688000,
  "final_metrics": {
    "accuracy": 0.9963960144159424,
    "f1_macro": 0.9963960105124448,
    "f1_weighted": 0.9963960186808749,
    "per_class_precision": [
      0.9952593848762815,
      0.9975328630353495
    ],
    "per_class_recall": [
      0.9975277166145169,
      0.9952692307692308
    ],
    "per_class_f1": [
      0.9963922597572975,
      0.9963997612675921
    ]
  },
  "best_accuracy": 0.9971861930734095,
  "rounds": 50
}