{
  "run_id": "e1_toniot_binary_kan_h16__dir0.1__seed43",
  "seed": 43,
  "device": "cuda",
  "model_name": "kan",
  "model_hidden": [
    16
  ],
  "model_grid_size": 5,
  "model_spline_order": 3,
  "data_mode": "binary",
  "data_partition": "dirichlet",
  "data_alpha": 0.1,
  "n_params": 6560,
  "bytes_per_round_uplink": 28880,
  "total_uplink_bytes": 14440000,
  "final_metrics": {
    "accuracy": 0.9016538461538461,
    "f1_macro": 0.9009104541000148,
    "f1_weighted": 0.9009104541000149,
    "per_class_precision": [
      0.9858113137327875,
      0.8423485444531865
    ],
    "per_class_recall": [
      0.8150384615384615,
      0.9882692307692308
    ],
    "per_class_f1": [
      0.8923277749705238,
      0.9094931332295059
    ]
  },
  "best_accuracy": 0.9324615384615385,
  "rounds": 50
}