{
  "run_id": "e1_toniot_binary_mlp_h80__dir0.1__seed37",
  "seed": 37,
  "device": "cuda",
  "model_name": "mlp",
  "model_hidden": [
    80
  ],
  "model_grid_size": 5,
  "model_spline_order": 3,
  "data_mode": "binary",
  "data_partition": "dirichlet",
  "data_alpha": 0.1,
  "n_params": 3362,
  "bytes_per_round_uplink": 13448,
  "total_uplink_bytes": 6724000,
  "final_metrics": {
    "accuracy": 0.9231730769230769,
    "f1_macro": 0.9230351891988129,
    "f1_weighted": 0.9230351891988128,
    "per_class_precision": [
      0.8901457395127832,
      0.9623093407286021
    ],
    "per_class_recall": [
      0.9655,
      0.8808461538461538
    ],
    "per_class_f1": [
      0.9262928728252247,
      0.919777505572401
    ]
  },
  "best_accuracy": 0.9301153846153846,
  "rounds": 50
}