{
  "run_id": "e1_botiot_multiclass_mlp_h32__dir1.0__seed2026",
  "seed": 2026,
  "device": "cuda",
  "model_name": "mlp",
  "model_hidden": [
    32
  ],
  "model_grid_size": 5,
  "model_spline_order": 3,
  "data_mode": "multiclass",
  "data_partition": "dirichlet",
  "data_alpha": 1.0,
  "n_params": 1445,
  "bytes_per_round_uplink": 5780,
  "total_uplink_bytes": 2890000,
  "final_metrics": {
    "accuracy": 0.9289474334577268,
    "f1_macro": 0.9326935129744107,
    "f1_weighted": 0.9292871367956502,
    "per_class_precision": [
      0.982829589556627,
      0.9918073733639724,
      0.938655708834752,
      0.8235084911531964,
      0.927536231884058
    ],
    "per_class_recall": [
      0.8357,
      0.9927,
      0.9594,
      0.9262,
      0.9676025917926566
    ],
    "per_class_f1": [
      0.9033129762741177,
      0.9922534859313309,
      0.9489144948321052,
      0.8718407304560644,
      0.9471458773784355
    ]
  },
  "best_accuracy": 0.9289474334577268,
  "rounds": 50
}