{
  "run_id": "e1_botiot_binary_mlp_h32__dir1.0__seed42",
  "seed": 42,
  "device": "cuda",
  "model_name": "mlp",
  "model_hidden": [
    32
  ],
  "model_grid_size": 5,
  "model_spline_order": 3,
  "data_mode": "binary",
  "data_partition": "dirichlet",
  "data_alpha": 1.0,
  "n_params": 1346,
  "bytes_per_round_uplink": 5384,
  "total_uplink_bytes": 2692000,
  "final_metrics": {
    "accuracy": 0.99755237342687,
    "f1_macro": 0.9975523729868488,
    "f1_weighted": 0.9975523752469571,
    "per_class_precision": [
      0.9958041419662792,
      0.9993052607202131
    ],
    "per_class_recall": [
      0.9993046702978329,
      0.9958076923076923
    ],
    "per_class_f1": [
      0.9975513351971464,
      0.9975534107765512
    ]
  },
  "best_accuracy": 0.9975716460770521,
  "rounds": 50
}