{
  "run_id": "e1_cseciic_binary_kan_h16__dir0.1__seed42",
  "seed": 42,
  "device": "cuda",
  "model_name": "kan",
  "model_hidden": [
    16
  ],
  "model_grid_size": 5,
  "model_spline_order": 3,
  "data_mode": "binary",
  "data_partition": "dirichlet",
  "data_alpha": 0.1,
  "n_params": 6560,
  "bytes_per_round_uplink": 28880,
  "total_uplink_bytes": 14440000,
  "final_metrics": {
    "accuracy": 0.9727307692307692,
    "f1_macro": 0.9727180677559204,
    "f1_weighted": 0.9727180677559204,
    "per_class_precision": [
      0.9531745446500995,
      0.9940509687273896
    ],
    "per_class_recall": [
      0.9943076923076923,
      0.9511538461538461
    ],
    "per_class_f1": [
      0.9733067279093408,
      0.9721294076025001
    ]
  },
  "best_accuracy": 0.9727307692307692,
  "rounds": 50
}