{
  "run_id": "e1_toniot_multiclass_mlp_h80__dir0.1__seed23",
  "seed": 23,
  "device": "cuda",
  "model_name": "mlp",
  "model_hidden": [
    80
  ],
  "model_grid_size": 5,
  "model_spline_order": 3,
  "data_mode": "multiclass",
  "data_partition": "dirichlet",
  "data_alpha": 0.1,
  "n_params": 4010,
  "bytes_per_round_uplink": 16040,
  "total_uplink_bytes": 8020000,
  "final_metrics": {
    "accuracy": 0.704290673945883,
    "f1_macro": 0.6687649948860834,
    "f1_weighted": 0.659074751616408,
    "per_class_precision": [
      0.7721973094170403,
      0.9161710563579722,
      0.7201991907874261,
      0.7626697434987131,
      0.8044834307992202,
      0.9127789046653144,
      0.6491254186825456,
      0.6742788461538461,
      0.5983364140480592,
      0.7215764105472072
    ],
    "per_class_recall": [
      0.0861,
      0.9950784374038757,
      0.9256,
      0.8593,
      0.4127,
      0.2914507772020725,
      0.8721,
      0.8360655737704918,
      0.9711,
      0.7635
    ],
    "per_class_f1": [
      0.15492577597840756,
      0.9539958714243586,
      0.8100822685104149,
      0.8081064560116613,
      0.5455386649041639,
      0.4418262150220913,
      0.7442713889481545,
      0.7465069860279441,
      0.7404498665650019,
      0.7419464554686361
    ]
  },
  "best_accuracy": 0.7219277555455437,
  "rounds": 50
}