{
  "run_id": "e1_toniot_multiclass_kan_h8__dir0.1__seed29",
  "seed": 29,
  "device": "cuda",
  "model_name": "kan",
  "model_hidden": [
    8
  ],
  "model_grid_size": 5,
  "model_spline_order": 3,
  "data_mode": "multiclass",
  "data_partition": "dirichlet",
  "data_alpha": 0.1,
  "n_params": 3920,
  "bytes_per_round_uplink": 17936,
  "total_uplink_bytes": 8968000,
  "final_metrics": {
    "accuracy": 0.7558105636975592,
    "f1_macro": 0.7092460029608019,
    "f1_weighted": 0.7231620737912059,
    "per_class_precision": [
      0.9016783716224259,
      0.9883292383292384,
      0.8313837074507324,
      0.7827632163482896,
      0.9383886255924171,
      0.9223744292237442,
      0.6336553351522749,
      0.9169675090252708,
      0.8378286394962988,
      0.5812528223985549
    ],
    "per_class_recall": [
      0.7575,
      0.9898492771454936,
      0.7889,
      0.881,
      0.1386,
      0.13082901554404144,
      0.8593,
      0.7570789865871833,
      0.9847,
      0.901
    ],
    "per_class_f1": [
      0.8233248193032987,
      0.9890886737359766,
      0.8095848940427933,
      0.8289814161373794,
      0.2415265313235166,
      0.22915484968803176,
      0.7294257459360808,
      0.8293877551020408,
      0.9053463890038156,
      0.7066389553350849
    ]
  },
  "best_accuracy": 0.7745209763337132,
  "rounds": 50
}