{
  "run_id": "e1_mini_botiot_kan_binary__dir0.1__seed2024",
  "seed": 2024,
  "device": "cuda",
  "n_params": 3280,
  "bytes_per_round_uplink": 15376,
  "total_uplink_bytes": 7688000,
  "final_metrics": {
    "accuracy": 0.9125599861236918,
    "f1_macro": 0.9123952550447255,
    "f1_weighted": 0.9124035282055802,
    "per_class_precision": [
      0.9494736842105264,
      0.8814017130468778
    ],
    "per_class_recall": [
      0.8710935991037972,
      0.9538461538461539
    ],
    "per_class_f1": [
      0.9085964099361363,
      0.9161941001533147
    ]
  },
  "best_accuracy": 0.914410160541176,
  "rounds": 50
}