{
  "run_id": "e1_toniot_multiclass_mlp_h32__dir0.1__seed2026",
  "seed": 2026,
  "device": "cuda",
  "model_name": "mlp",
  "model_hidden": [
    32
  ],
  "model_grid_size": 5,
  "model_spline_order": 3,
  "data_mode": "multiclass",
  "data_partition": "dirichlet",
  "data_alpha": 0.1,
  "n_params": 1610,
  "bytes_per_round_uplink": 6440,
  "total_uplink_bytes": 3220000,
  "final_metrics": {
    "accuracy": 0.7533193756128588,
    "f1_macro": 0.7105989342927554,
    "f1_weighted": 0.739009984743722,
    "per_class_precision": [
      0.675766410460288,
      0.9599761051373955,
      0.6965548031847608,
      0.8755425347222222,
      0.9346524342619109,
      1.0,
      0.8149278015049827,
      0.8800675675675675,
      0.9263099682012996,
      0.5822302810516773
    ],
    "per_class_recall": [
      0.7649,
      0.9886188864964627,
      0.9361,
      0.8069,
      0.359,
      0.06411917098445596,
      0.8014,
      0.7764530551415797,
      0.67,
      0.9633
    ],
    "per_class_f1": [
      0.717575871288522,
      0.9740869828761933,
      0.7987542130636972,
      0.8398209825145712,
      0.5187486453290947,
      0.12051125989044431,
      0.8081072905112433,
      0.8250197941409343,
      0.7775779028607903,
      0.7257864004520626
    ]
  },
  "best_accuracy": 0.7730236132828029,
  "rounds": 50
}