{
  "run_id": "e1_botiot_binary_mlp_h80__dir1.0__seed42",
  "seed": 42,
  "device": "cuda",
  "model_name": "mlp",
  "model_hidden": [
    80
  ],
  "model_grid_size": 5,
  "model_spline_order": 3,
  "data_mode": "binary",
  "data_partition": "dirichlet",
  "data_alpha": 1.0,
  "n_params": 3362,
  "bytes_per_round_uplink": 13448,
  "total_uplink_bytes": 6724000,
  "final_metrics": {
    "accuracy": 0.9976294640275984,
    "f1_macro": 0.9976294627561555,
    "f1_weighted": 0.9976294665370251,
    "per_class_precision": [
      0.9961867344580541,
      0.9990742526518804
    ],
    "per_class_recall": [
      0.9990728937304438,
      0.9961923076923077
    ],
    "per_class_f1": [
      0.9976277266678238,
      0.9976311988444873
    ]
  },
  "best_accuracy": 0.9976872819781448,
  "rounds": 50
}