{
  "run_id": "e1_toniot_binary_kan_h8__dir0.1__seed42",
  "seed": 42,
  "device": "cuda",
  "model_name": "kan",
  "model_hidden": [
    8
  ],
  "model_grid_size": 5,
  "model_spline_order": 3,
  "data_mode": "binary",
  "data_partition": "dirichlet",
  "data_alpha": 0.1,
  "n_params": 3280,
  "bytes_per_round_uplink": 15376,
  "total_uplink_bytes": 7688000,
  "final_metrics": {
    "accuracy": 0.8425384615384616,
    "f1_macro": 0.8411393599010457,
    "f1_weighted": 0.8411393599010456,
    "per_class_precision": [
      0.7884067357512954,
      0.921685606060606
    ],
    "per_class_recall": [
      0.9363846153846154,
      0.7486923076923077
    ],
    "per_class_f1": [
      0.8560478199718706,
      0.8262308998302207
    ]
  },
  "best_accuracy": 0.8919230769230769,
  "rounds": 50
}