{
  "run_id": "e1_toniot_multiclass_kan_h8__dir0.1__seed37",
  "seed": 37,
  "device": "cuda",
  "model_name": "kan",
  "model_hidden": [
    8
  ],
  "model_grid_size": 5,
  "model_spline_order": 3,
  "data_mode": "multiclass",
  "data_partition": "dirichlet",
  "data_alpha": 0.1,
  "n_params": 3920,
  "bytes_per_round_uplink": 17936,
  "total_uplink_bytes": 8968000,
  "final_metrics": {
    "accuracy": 0.6826650412106114,
    "f1_macro": 0.6556158002383592,
    "f1_weighted": 0.6411735712212092,
    "per_class_precision": [
      0.4248329308698826,
      0.9907464528069093,
      0.8618085523734798,
      0.7716637781629117,
      0.6750462827633246,
      0.7772397094430993,
      0.7644289450741064,
      0.8425925925925926,
      0.5,
      0.659398573938204
    ],
    "per_class_recall": [
      0.7565,
      0.9880036911719471,
      0.8787,
      0.8905,
      0.6928,
      0.20790155440414507,
      0.8768,
      0.8137108792846498,
      0.0105,
      0.6381
    ],
    "per_class_f1": [
      0.5441075988060561,
      0.9893731711073463,
      0.8701723113487819,
      0.8268337975858867,
      0.683807925776045,
      0.3280531425651507,
      0.8167675826734979,
      0.8278999241849886,
      0.02056807051909892,
      0.6485744778167404
    ]
  },
  "best_accuracy": 0.692656295550314,
  "rounds": 50
}