{
  "run_id": "e1_cseciic_multiclass_kan_h16__dir0.1__seed11",
  "seed": 11,
  "device": "cuda",
  "model_name": "kan",
  "model_hidden": [
    16
  ],
  "model_grid_size": 5,
  "model_spline_order": 3,
  "data_mode": "multiclass",
  "data_partition": "dirichlet",
  "data_alpha": 0.1,
  "n_params": 8640,
  "bytes_per_round_uplink": 37200,
  "total_uplink_bytes": 18600000,
  "final_metrics": {
    "accuracy": 0.8933221386678348,
    "f1_macro": 0.7579110053240765,
    "f1_weighted": 0.8814817124865111,
    "per_class_precision": [
      0.5645448758752387,
      0.9932516426922394,
      0.723404255319149,
      0.7391304347826086,
      0.942684766214178,
      0.9904076738609112,
      0.9981983785406866,
      0.9961783439490446,
      0.9915632754342432,
      0.9996458923512748,
      0.9989401165871754,
      1.0,
      0.7380340882558954,
      0.0,
      0.9992003998001
    ],
    "per_class_recall": [
      0.8869,
      0.9976810560114163,
      0.0794392523364486,
      0.0918918918918919,
      1.0,
      0.9786729857819905,
      0.9973,
      0.9873737373737373,
      0.999,
      1.0,
      0.991062039957939,
      1.0,
      0.3161,
      0.0,
      0.9997
    ],
    "per_class_f1": [
      0.6899260987942435,
      0.9954614220877458,
      0.1431578947368421,
      0.16346153846153846,
      0.9704968944099379,
      0.9845053635280095,
      0.9977489870441699,
      0.9917564996829423,
      0.9952677459526774,
      0.9998229148220295,
      0.9949854842966482,
      1.0,
      0.44262409857873,
      0.0,
      0.9994501374656336
    ]
  },
  "best_accuracy": 0.8968387238081331,
  "rounds": 50
}