{
  "run_id": "e1_toniot_multiclass_mlp_h32__dir0.1__seed29",
  "seed": 29,
  "device": "cuda",
  "model_name": "mlp",
  "model_hidden": [
    32
  ],
  "model_grid_size": 5,
  "model_spline_order": 3,
  "data_mode": "multiclass",
  "data_partition": "dirichlet",
  "data_alpha": 0.1,
  "n_params": 1610,
  "bytes_per_round_uplink": 6440,
  "total_uplink_bytes": 3220000,
  "final_metrics": {
    "accuracy": 0.6538441152307,
    "f1_macro": 0.6165843381937368,
    "f1_weighted": 0.588902451735337,
    "per_class_precision": [
      0.6485587583148559,
      0.9353908278050187,
      0.8471388101983003,
      0.7567049808429118,
      0.8705501618122977,
      0.9761904761904762,
      0.5590611773759138,
      0.9544513457556936,
      0.5589778690394707,
      0.5765212480587322
    ],
    "per_class_recall": [
      0.1755,
      0.9975392187019378,
      0.7476,
      0.9085,
      0.0269,
      0.23898963730569947,
      0.8718,
      0.6870342771982116,
      0.98,
      0.8167
    ],
    "per_class_f1": [
      0.27624744215331337,
      0.9654659124739505,
      0.7942629482071714,
      0.8256839043897118,
      0.05218740906004462,
      0.3839750260145682,
      0.6812534187700242,
      0.7989601386481803,
      0.7118988813017579,
      0.6759083009186461
    ]
  },
  "best_accuracy": 0.663596851562293,
  "rounds": 50
}