{
  "run_id": "e1_botiot_binary_kan_h16__dir0.1__seed42",
  "seed": 42,
  "device": "cuda",
  "model_name": "kan",
  "model_hidden": [
    16
  ],
  "model_grid_size": 5,
  "model_spline_order": 3,
  "data_mode": "binary",
  "data_partition": "dirichlet",
  "data_alpha": 0.1,
  "n_params": 6560,
  "bytes_per_round_uplink": 28880,
  "total_uplink_bytes": 14440000,
  "final_metrics": {
    "accuracy": 0.9976101913774164,
    "f1_macro": 0.997610190162211,
    "f1_weighted": 0.9976101938735139,
    "per_class_precision": [
      0.9961483649809344,
      0.99907421694183
    ],
    "per_class_recall": [
      0.9990728937304438,
      0.9961538461538462
    ],
    "per_class_f1": [
      0.9976084860173577,
      0.9976118943070642
    ]
  },
  "best_accuracy": 0.9984967332857941,
  "rounds": 50
}