{
  "run_id": "e1_toniot_multiclass_mlp_h32__dir0.1__seed31",
  "seed": 31,
  "device": "cuda",
  "model_name": "mlp",
  "model_hidden": [
    32
  ],
  "model_grid_size": 5,
  "model_spline_order": 3,
  "data_mode": "multiclass",
  "data_partition": "dirichlet",
  "data_alpha": 0.1,
  "n_params": 1610,
  "bytes_per_round_uplink": 6440,
  "total_uplink_bytes": 3220000,
  "final_metrics": {
    "accuracy": 0.7945962420162722,
    "f1_macro": 0.767378098982133,
    "f1_weighted": 0.785799009418541,
    "per_class_precision": [
      0.7959742959742959,
      0.9941194676570722,
      0.7744868563197695,
      0.8259762308998302,
      0.8795675675675676,
      0.6666666666666666,
      0.7035314519943244,
      0.8056537102473498,
      0.9840832934418382,
      0.6789118809579168
    ],
    "per_class_recall": [
      0.8423,
      0.9880036911719471,
      0.8603,
      0.8757,
      0.4068,
      0.3484455958549223,
      0.8925,
      0.6795827123695977,
      0.8223,
      0.876
    ],
    "per_class_f1": [
      0.8184821688854339,
      0.9910521443998765,
      0.8151411787000189,
      0.8501116396466363,
      0.5563076923076923,
      0.45767758400680564,
      0.786828881248347,
      0.7372675828617623,
      0.8959468293745915,
      0.7649652883901672
    ]
  },
  "best_accuracy": 0.7945962420162722,
  "rounds": 50
}