{
  "run_id": "e1_cseciic_multiclass_mlp_h80__dir0.1__seed17",
  "seed": 17,
  "device": "cuda",
  "model_name": "mlp",
  "model_hidden": [
    80
  ],
  "model_grid_size": 5,
  "model_spline_order": 3,
  "data_mode": "multiclass",
  "data_partition": "dirichlet",
  "data_alpha": 0.1,
  "n_params": 4415,
  "bytes_per_round_uplink": 17660,
  "total_uplink_bytes": 8830000,
  "final_metrics": {
    "accuracy": 0.8657126864763574,
    "f1_macro": 0.6890716930594927,
    "f1_weighted": 0.8496096162542233,
    "per_class_precision": [
      0.7617881200244948,
      0.9208278580814717,
      0.35,
      0.0,
      0.93976130062964,
      0.37781785392245265,
      0.9973138497904803,
      0.9559930515344528,
      0.9411991517254675,
      0.9964701729615248,
      0.9048072346501665,
      0.9992292870905588,
      0.5501293457000441,
      0.0,
      0.9779908050474421
    ],
    "per_class_recall": [
      0.2488,
      1.0,
      0.016355140186915886,
      0.0,
      1.0,
      0.9928909952606635,
      0.9282,
      0.8933982683982684,
      0.9764,
      1.0,
      0.9994742376445847,
      1.0,
      0.8719,
      0.0,
      0.9998
    ],
    "per_class_f1": [
      0.3750942258404945,
      0.9587822815118865,
      0.03125,
      0.0,
      0.9689453030376435,
      0.5473546701502287,
      0.961516548402134,
      0.9236363636363636,
      0.9584764896436635,
      0.9982319660537482,
      0.9497876592555583,
      0.9996144949884348,
      0.6746102363727804,
      0.0,
      0.9887751569994561
    ]
  },
  "best_accuracy": 0.8779294736073593,
  "rounds": 50
}