{
  "run_id": "e1_cseciic_binary_mlp_h32__dir0.1__seed42",
  "seed": 42,
  "device": "cuda",
  "model_name": "mlp",
  "model_hidden": [
    32
  ],
  "model_grid_size": 5,
  "model_spline_order": 3,
  "data_mode": "binary",
  "data_partition": "dirichlet",
  "data_alpha": 0.1,
  "n_params": 1346,
  "bytes_per_round_uplink": 5384,
  "total_uplink_bytes": 2692000,
  "final_metrics": {
    "accuracy": 0.9244230769230769,
    "f1_macro": 0.9240181697496729,
    "f1_weighted": 0.9240181697496729,
    "per_class_precision": [
      0.8703517250637669,
      0.9969825256710503
    ],
    "per_class_recall": [
      0.997423076923077,
      0.851423076923077
    ],
    "per_class_f1": [
      0.9295648433579468,
      0.918471496141399
    ]
  },
  "best_accuracy": 0.9244230769230769,
  "rounds": 50
}