{
  "run_id": "e1_botiot_binary_mlp_h32__dir0.1__seed2024",
  "seed": 2024,
  "device": "cuda",
  "model_name": "mlp",
  "model_hidden": [
    32
  ],
  "model_grid_size": 5,
  "model_spline_order": 3,
  "data_mode": "binary",
  "data_partition": "dirichlet",
  "data_alpha": 0.1,
  "n_params": 1346,
  "bytes_per_round_uplink": 5384,
  "total_uplink_bytes": 2692000,
  "final_metrics": {
    "accuracy": 0.8096440341511362,
    "f1_macro": 0.8024222542618775,
    "f1_weighted": 0.8025045184884387,
    "per_class_precision": [
      0.9978233830845771,
      0.7251375429385316
    ],
    "per_class_recall": [
      0.619809170626183,
      0.9986538461538461
    ],
    "per_class_f1": [
      0.7646484142302286,
      0.8401960942935266
    ]
  },
  "best_accuracy": 0.8895098965058685,
  "rounds": 50
}