{
  "run_id": "e1_cseciic_multiclass_kan_h16__dir0.1__seed17",
  "seed": 17,
  "device": "cuda",
  "model_name": "kan",
  "model_hidden": [
    16
  ],
  "model_grid_size": 5,
  "model_spline_order": 3,
  "data_mode": "multiclass",
  "data_partition": "dirichlet",
  "data_alpha": 0.1,
  "n_params": 8640,
  "bytes_per_round_uplink": 37200,
  "total_uplink_bytes": 18600000,
  "final_metrics": {
    "accuracy": 0.8824803484948042,
    "f1_macro": 0.7566489729516607,
    "f1_weighted": 0.8777154239859789,
    "per_class_precision": [
      0.6139480104315639,
      0.9861013370865588,
      0.6421052631578947,
      0.7941176470588235,
      0.9440196356084206,
      0.8181818181818182,
      0.9966717095310136,
      0.9977777777777778,
      0.8646310872761872,
      1.0,
      0.9911366006256517,
      0.9994218539217575,
      0.6705524581855044,
      0.0,
      0.9963129048330842
    ],
    "per_class_recall": [
      0.7298,
      0.9998216196931858,
      0.1425233644859813,
      0.14594594594594595,
      1.0,
      0.981042654028436,
      0.9882,
      0.7288961038961039,
      0.9996,
      1.0,
      0.9994742376445847,
      1.0,
      0.5292,
      0.0,
      0.9998
    ],
    "per_class_f1": [
      0.6668798830355919,
      0.9929140832595217,
      0.2332695984703633,
      0.2465753424657534,
      0.971203807118924,
      0.8922413793103449,
      0.9924177755460708,
      0.8424015009380863,
      0.9272297203283707,
      1.0,
      0.9952879581151832,
      0.999710843373494,
      0.5915492957746479,
      0.0,
      0.9980534065385576
    ]
  },
  "best_accuracy": 0.8969969092988732,
  "rounds": 50
}