{
  "run_id": "e1_botiot_multiclass_kan_h16__dir0.1__seed43",
  "seed": 43,
  "device": "cuda",
  "model_name": "kan",
  "model_hidden": [
    16
  ],
  "model_grid_size": 5,
  "model_spline_order": 3,
  "data_mode": "multiclass",
  "data_partition": "dirichlet",
  "data_alpha": 0.1,
  "n_params": 7040,
  "bytes_per_round_uplink": 30800,
  "total_uplink_bytes": 15400000,
  "final_metrics": {
    "accuracy": 0.9251414872846798,
    "f1_macro": 0.7449336773839309,
    "f1_weighted": 0.9205121683809047,
    "per_class_precision": [
      0.9818244170096022,
      0.9926044373375974,
      0.9261380180529942,
      0.8215851306330002,
      0.0
    ],
    "per_class_recall": [
      0.8589,
      0.9932,
      0.9542,
      0.9371,
      0.0
    ],
    "per_class_f1": [
      0.9162577341583102,
      0.9929021293611916,
      0.9399596118800178,
      0.8755489115201346,
      0.0
    ]
  },
  "best_accuracy": 0.9251662012208685,
  "rounds": 50
}