{
  "run_id": "e1_toniot_multiclass_mlp_h32__dir0.1__seed37",
  "seed": 37,
  "device": "cuda",
  "model_name": "mlp",
  "model_hidden": [
    32
  ],
  "model_grid_size": 5,
  "model_spline_order": 3,
  "data_mode": "multiclass",
  "data_partition": "dirichlet",
  "data_alpha": 0.1,
  "n_params": 1610,
  "bytes_per_round_uplink": 6440,
  "total_uplink_bytes": 3220000,
  "final_metrics": {
    "accuracy": 0.689555561444889,
    "f1_macro": 0.659296090830566,
    "f1_weighted": 0.6447086830451031,
    "per_class_precision": [
      0.4401857654431513,
      0.9922839506172839,
      0.8472222222222222,
      0.7861976847729296,
      0.6942819399886772,
      0.9285714285714286,
      0.7289196860911671,
      0.7214111922141119,
      0.0,
      0.7027117509206562
    ],
    "per_class_recall": [
      0.7867,
      0.9889264841587204,
      0.8784,
      0.8829,
      0.7358,
      0.23575129533678757,
      0.8731,
      0.8837555886736215,
      0.0,
      0.6297
    ],
    "per_class_f1": [
      0.5645091848450058,
      0.9906023725157911,
      0.8625294579732914,
      0.8317475270843147,
      0.7144382949800951,
      0.3760330578512397,
      0.7945217945217945,
      0.7943737441393168,
      0.0,
      0.6642054743948104
    ]
  },
  "best_accuracy": 0.699825086794053,
  "rounds": 50
}