{
  "run_id": "e1_cseciic_binary_mlp_h80__dir0.1__seed29",
  "seed": 29,
  "device": "cuda",
  "model_name": "mlp",
  "model_hidden": [
    80
  ],
  "model_grid_size": 5,
  "model_spline_order": 3,
  "data_mode": "binary",
  "data_partition": "dirichlet",
  "data_alpha": 0.1,
  "n_params": 3362,
  "bytes_per_round_uplink": 13448,
  "total_uplink_bytes": 6724000,
  "final_metrics": {
    "accuracy": 0.913923076923077,
    "f1_macro": 0.9137426867231018,
    "f1_weighted": 0.9137426867231018,
    "per_class_precision": [
      0.9555922445178223,
      0.8792374374515469
    ],
    "per_class_recall": [
      0.8681923076923077,
      0.9596538461538462
    ],
    "per_class_f1": [
      0.9097980734351698,
      0.9176873000110338
    ]
  },
  "best_accuracy": 0.9307115384615384,
  "rounds": 50
}