{
  "run_id": "e1_toniot_binary_kan_h16__dir0.1__seed11",
  "seed": 11,
  "device": "cuda",
  "model_name": "kan",
  "model_hidden": [
    16
  ],
  "model_grid_size": 5,
  "model_spline_order": 3,
  "data_mode": "binary",
  "data_partition": "dirichlet",
  "data_alpha": 0.1,
  "n_params": 6560,
  "bytes_per_round_uplink": 28880,
  "total_uplink_bytes": 14440000,
  "final_metrics": {
    "accuracy": 0.8950769230769231,
    "f1_macro": 0.8947349168216767,
    "f1_weighted": 0.8947349168216767,
    "per_class_precision": [
      0.8546471481839525,
      0.9459107483938184
    ],
    "per_class_recall": [
      0.952076923076923,
      0.838076923076923
    ],
    "per_class_f1": [
      0.9007350265628411,
      0.8887348070805122
    ]
  },
  "best_accuracy": 0.9151153846153847,
  "rounds": 50
}