{
  "run_id": "e1_cseciic_binary_mlp_h80__dir0.1__seed43",
  "seed": 43,
  "device": "cuda",
  "model_name": "mlp",
  "model_hidden": [
    80
  ],
  "model_grid_size": 5,
  "model_spline_order": 3,
  "data_mode": "binary",
  "data_partition": "dirichlet",
  "data_alpha": 0.1,
  "n_params": 3362,
  "bytes_per_round_uplink": 13448,
  "total_uplink_bytes": 6724000,
  "final_metrics": {
    "accuracy": 0.9266346153846153,
    "f1_macro": 0.9265419395382464,
    "f1_weighted": 0.9265419395382465,
    "per_class_precision": [
      0.9592597192895292,
      0.8983373433403957
    ],
    "per_class_recall": [
      0.8911153846153846,
      0.9621538461538461
    ],
    "per_class_f1": [
      0.9239327657368452,
      0.9291511133396475
    ]
  },
  "best_accuracy": 0.9419423076923077,
  "rounds": 50
}