{
  "run_id": "e1_cseciic_multiclass_mlp_h32__dir0.1__seed29",
  "seed": 29,
  "device": "cuda",
  "model_name": "mlp",
  "model_hidden": [
    32
  ],
  "model_grid_size": 5,
  "model_spline_order": 3,
  "data_mode": "multiclass",
  "data_partition": "dirichlet",
  "data_alpha": 0.1,
  "n_params": 1775,
  "bytes_per_round_uplink": 7100,
  "total_uplink_bytes": 3550000,
  "final_metrics": {
    "accuracy": 0.8516463459151639,
    "f1_macro": 0.6482131341899907,
    "f1_weighted": 0.8384960228504293,
    "per_class_precision": [
      0.5885011895321174,
      0.9880049391427059,
      0.34782608695652173,
      0.0,
      0.9429460580912863,
      0.0,
      0.9502898963976808,
      0.9677541729893778,
      0.7628279098392184,
      0.9877536738978306,
      0.9911227154046998,
      0.9998072103335262,
      0.6611642050390965,
      0.0,
      0.9817378497790868
    ],
    "per_class_recall": [
      0.7421,
      0.9991080984659294,
      0.07476635514018691,
      0.0,
      0.9999,
      0.0,
      0.9998,
      0.4601370851370851,
      0.9916,
      1.0,
      0.9978969505783386,
      1.0,
      0.4566,
      0.0,
      0.9999
    ],
    "per_class_f1": [
      0.6564352056612118,
      0.9935254988913526,
      0.12307692307692308,
      0.0,
      0.9705882352941176,
      0.0,
      0.9744164514399883,
      0.6237163814180929,
      0.8622983607982956,
      0.9938391128322478,
      0.994498297091957,
      0.9999035958739034,
      0.540163255648882,
      0.0,
      0.9907356948228883
    ]
  },
  "best_accuracy": 0.8600545131537319,
  "rounds": 50
}