{
  "run_id": "e1_cseciic_multiclass_mlp_h32__dir0.1__seed11",
  "seed": 11,
  "device": "cuda",
  "model_name": "mlp",
  "model_hidden": [
    32
  ],
  "model_grid_size": 5,
  "model_spline_order": 3,
  "data_mode": "multiclass",
  "data_partition": "dirichlet",
  "data_alpha": 0.1,
  "n_params": 1775,
  "bytes_per_round_uplink": 7100,
  "total_uplink_bytes": 3550000,
  "final_metrics": {
    "accuracy": 0.8722956365140785,
    "f1_macro": 0.7295718587601109,
    "f1_weighted": 0.8635785974026405,
    "per_class_precision": [
      0.5434604803331102,
      0.9662185453291968,
      0.045454545454545456,
      0.27586206896551724,
      0.9394850591993986,
      0.9975,
      0.9883098870616208,
      0.9839775685960345,
      0.9295141814097164,
      0.9989384288747346,
      0.9861407249466951,
      0.9994218539217575,
      0.6053106048188821,
      0.0,
      0.991961095672886
    ],
    "per_class_recall": [
      0.7309,
      1.0,
      0.002336448598130841,
      0.043243243243243246,
      0.9998,
      0.9454976303317536,
      0.9976,
      0.8861832611832612,
      0.993,
      1.0,
      0.9726603575184016,
      1.0,
      0.3693,
      0.0,
      0.9995
    ],
    "per_class_f1": [
      0.6233954539639217,
      0.9828190743338009,
      0.0044444444444444444,
      0.07476635514018691,
      0.9687045828892549,
      0.9708029197080292,
      0.9929332138946949,
      0.9325234886590111,
      0.9602088671856114,
      0.9994689325544344,
      0.9793541556379036,
      0.999710843373494,
      0.4587292714738215,
      0.0,
      0.9957162781430564
    ]
  },
  "best_accuracy": 0.8763354505852863,
  "rounds": 50
}