{
  "run_id": "e1_botiot_binary_mlp_h32__dir0.1__seed23",
  "seed": 23,
  "device": "cuda",
  "model_name": "mlp",
  "model_hidden": [
    32
  ],
  "model_grid_size": 5,
  "model_spline_order": 3,
  "data_mode": "binary",
  "data_partition": "dirichlet",
  "data_alpha": 0.1,
  "n_params": 1346,
  "bytes_per_round_uplink": 5384,
  "total_uplink_bytes": 2692000,
  "final_metrics": {
    "accuracy": 0.9665812245841926,
    "f1_macro": 0.966549138114033,
    "f1_weighted": 0.9665468818781101,
    "per_class_precision": [
      0.9374434020357156,
      0.9997116968698517
    ],
    "per_class_recall": [
      0.9997295940047128,
      0.9335769230769231
    ],
    "per_class_f1": [
      0.9675851497364191,
      0.9655131264916468
    ]
  },
  "best_accuracy": 0.9721895657871914,
  "rounds": 50
}