{
  "run_id": "e1_toniot_multiclass_kan_h16__dir0.1__seed43",
  "seed": 43,
  "device": "cuda",
  "model_name": "kan",
  "model_hidden": [
    16
  ],
  "model_grid_size": 5,
  "model_spline_order": 3,
  "data_mode": "multiclass",
  "data_partition": "dirichlet",
  "data_alpha": 0.1,
  "n_params": 7840,
  "bytes_per_round_uplink": 34000,
  "total_uplink_bytes": 17000000,
  "final_metrics": {
    "accuracy": 0.7852145336972941,
    "f1_macro": 0.7651998691264714,
    "f1_weighted": 0.7799067919700277,
    "per_class_precision": [
      0.9347018999781612,
      0.9968992248062015,
      0.8688616593396314,
      0.8583247156153051,
      0.8377640636126276,
      0.13933004137194716,
      0.8977622664750564,
      0.9469914040114613,
      0.9500882525985488,
      0.6714624847133299
    ],
    "per_class_recall": [
      0.856,
      0.9889264841587204,
      0.9289,
      0.166,
      0.7059,
      0.6761658031088082,
      0.8746,
      0.9850968703427719,
      0.9689,
      0.9334
    ],
    "per_class_f1": [
      0.8936214636183317,
      0.9928968499073502,
      0.8978783045768691,
      0.27819674878498407,
      0.7661999348746337,
      0.2310501272546199,
      0.8860297842163914,
      0.9656683710737765,
      0.9594019209822755,
      0.7810551859754822
    ]
  },
  "best_accuracy": 0.842604616648557,
  "rounds": 50
}