{
  "run_id": "e1_cseciic_binary_kan_h16__dir0.1__seed43",
  "seed": 43,
  "device": "cuda",
  "model_name": "kan",
  "model_hidden": [
    16
  ],
  "model_grid_size": 5,
  "model_spline_order": 3,
  "data_mode": "binary",
  "data_partition": "dirichlet",
  "data_alpha": 0.1,
  "n_params": 6560,
  "bytes_per_round_uplink": 28880,
  "total_uplink_bytes": 14440000,
  "final_metrics": {
    "accuracy": 0.9697115384615385,
    "f1_macro": 0.969706935338498,
    "f1_weighted": 0.9697069353384979,
    "per_class_precision": [
      0.9584099695957359,
      0.9815844473362514
    ],
    "per_class_recall": [
      0.9820384615384615,
      0.9573846153846154
    ],
    "per_class_f1": [
      0.9700803556163446,
      0.9693335150606515
    ]
  },
  "best_accuracy": 0.9755384615384616,
  "rounds": 50
}