{
  "run_id": "e1_cseciic_binary_mlp_h32__dir0.1__seed2026",
  "seed": 2026,
  "device": "cuda",
  "model_name": "mlp",
  "model_hidden": [
    32
  ],
  "model_grid_size": 5,
  "model_spline_order": 3,
  "data_mode": "binary",
  "data_partition": "dirichlet",
  "data_alpha": 0.1,
  "n_params": 1346,
  "bytes_per_round_uplink": 5384,
  "total_uplink_bytes": 2692000,
  "final_metrics": {
    "accuracy": 0.97325,
    "f1_macro": 0.9732318243196177,
    "f1_weighted": 0.9732318243196177,
    "per_class_precision": [
      0.9498080789617985,
      0.9992696287279367
    ],
    "per_class_recall": [
      0.9993076923076923,
      0.9471923076923077
    ],
    "per_class_f1": [
      0.9739293412051354,
      0.9725343074341001
    ]
  },
  "best_accuracy": 0.9748846153846153,
  "rounds": 50
}