{
  "run_id": "e1_mini_botiot_mlp_binary__iid__seed2024",
  "seed": 2024,
  "device": "cuda",
  "n_params": 1346,
  "bytes_per_round_uplink": 5384,
  "total_uplink_bytes": 2692000,
  "final_metrics": {
    "accuracy": 0.9968200127199491,
    "f1_macro": 0.9968200113545291,
    "f1_weighted": 0.9968200158925429,
    "per_class_precision": [
      0.9953015481783871,
      0.9983411133829714
    ],
    "per_class_recall": [
      0.9983389346003786,
      0.9953076923076923
    ],
    "per_class_f1": [
      0.9968179276030317,
      0.9968220951060265
    ]
  },
  "best_accuracy": 0.9969934665715883,
  "rounds": 50
}