{
  "run_id": "e1_toniot_binary_mlp_h80__dir0.1__seed2026",
  "seed": 2026,
  "device": "cuda",
  "model_name": "mlp",
  "model_hidden": [
    80
  ],
  "model_grid_size": 5,
  "model_spline_order": 3,
  "data_mode": "binary",
  "data_partition": "dirichlet",
  "data_alpha": 0.1,
  "n_params": 3362,
  "bytes_per_round_uplink": 13448,
  "total_uplink_bytes": 6724000,
  "final_metrics": {
    "accuracy": 0.8178269230769231,
    "f1_macro": 0.8138900528484796,
    "f1_weighted": 0.8138900528484796,
    "per_class_precision": [
      0.7462086225903525,
      0.94820198513858
    ],
    "per_class_recall": [
      0.9632692307692308,
      0.6723846153846154
    ],
    "per_class_f1": [
      0.8409583130466901,
      0.786821792650269
    ]
  },
  "best_accuracy": 0.9436153846153846,
  "rounds": 50
}