{
  "run_id": "e1_botiot_binary_kan_h8__dir0.1__seed11",
  "seed": 11,
  "device": "cuda",
  "model_name": "kan",
  "model_hidden": [
    8
  ],
  "model_grid_size": 5,
  "model_spline_order": 3,
  "data_mode": "binary",
  "data_partition": "dirichlet",
  "data_alpha": 0.1,
  "n_params": 3280,
  "bytes_per_round_uplink": 15376,
  "total_uplink_bytes": 7688000,
  "final_metrics": {
    "accuracy": 0.9360148013953399,
    "f1_macro": 0.9357604396428703,
    "f1_weighted": 0.9357692429745791,
    "per_class_precision": [
      0.9963052562128876,
      0.8889956092206367
    ],
    "per_class_recall": [
      0.8749951713215127,
      0.9967692307692307
    ],
    "per_class_f1": [
      0.9317181522767471,
      0.9398027270089934
    ]
  },
  "best_accuracy": 0.995278200705379,
  "rounds": 50
}