{
  "run_id": "e1_botiot_binary_kan_h16__dir0.1__seed37",
  "seed": 37,
  "device": "cuda",
  "model_name": "kan",
  "model_hidden": [
    16
  ],
  "model_grid_size": 5,
  "model_spline_order": 3,
  "data_mode": "binary",
  "data_partition": "dirichlet",
  "data_alpha": 0.1,
  "n_params": 6560,
  "bytes_per_round_uplink": 28880,
  "total_uplink_bytes": 14440000,
  "final_metrics": {
    "accuracy": 0.9962996511650317,
    "f1_macro": 0.9962995956354788,
    "f1_weighted": 0.9962996268535856,
    "per_class_precision": [
      0.9979844180006977,
      0.9946335479914137
    ],
    "per_class_recall": [
      0.9945918800942558,
      0.998
    ],
    "per_class_f1": [
      0.99628526099911,
      0.9963139302718477
    ]
  },
  "best_accuracy": 0.9974752828261414,
  "rounds": 50
}