{
  "run_id": "e1_toniot_multiclass_kan_h16__dir0.1__seed31",
  "seed": 31,
  "device": "cuda",
  "model_name": "kan",
  "model_hidden": [
    16
  ],
  "model_grid_size": 5,
  "model_spline_order": 3,
  "data_mode": "multiclass",
  "data_partition": "dirichlet",
  "data_alpha": 0.1,
  "n_params": 7840,
  "bytes_per_round_uplink": 34000,
  "total_uplink_bytes": 17000000,
  "final_metrics": {
    "accuracy": 0.84416823470172,
    "f1_macro": 0.818276240426672,
    "f1_weighted": 0.8399284108326752,
    "per_class_precision": [
      0.8384439359267735,
      0.9981360671015843,
      0.8777190485871113,
      0.7668869024485037,
      0.778759944437429,
      0.6679245283018868,
      0.8271444485703676,
      0.9533582089552238,
      0.9800638836876308,
      0.8210758562723262
    ],
    "per_class_recall": [
      0.916,
      0.9883112888342048,
      0.8635,
      0.9866,
      0.6167,
      0.3439119170984456,
      0.891,
      0.7615499254843517,
      0.8898,
      0.7815
    ],
    "per_class_f1": [
      0.8755077658303465,
      0.9931993817619784,
      0.8705514668817421,
      0.8629783511917778,
      0.6883196606953513,
      0.45404018811457886,
      0.8578856152512998,
      0.8467274233637117,
      0.9327532889564443,
      0.8007992622194897
    ]
  },
  "best_accuracy": 0.8555110910873771,
  "rounds": 50
}