{
  "run_id": "e1_cseciic_binary_kan_h16__dir0.1__seed11",
  "seed": 11,
  "device": "cuda",
  "model_name": "kan",
  "model_hidden": [
    16
  ],
  "model_grid_size": 5,
  "model_spline_order": 3,
  "data_mode": "binary",
  "data_partition": "dirichlet",
  "data_alpha": 0.1,
  "n_params": 6560,
  "bytes_per_round_uplink": 28880,
  "total_uplink_bytes": 14440000,
  "final_metrics": {
    "accuracy": 0.9660384615384615,
    "f1_macro": 0.9660109283792611,
    "f1_weighted": 0.9660109283792611,
    "per_class_precision": [
      0.9409388646288209,
      0.994168026101142
    ],
    "per_class_recall": [
      0.9945,
      0.9375769230769231
    ],
    "per_class_f1": [
      0.9669783096484668,
      0.9650435471100555
    ]
  },
  "best_accuracy": 0.9660384615384615,
  "rounds": 50
}