{
  "run_id": "e1_botiot_multiclass_mlp_h32__dir1.0__seed2024",
  "seed": 2024,
  "device": "cuda",
  "model_name": "mlp",
  "model_hidden": [
    32
  ],
  "model_grid_size": 5,
  "model_spline_order": 3,
  "data_mode": "multiclass",
  "data_partition": "dirichlet",
  "data_alpha": 1.0,
  "n_params": 1445,
  "bytes_per_round_uplink": 5780,
  "total_uplink_bytes": 2890000,
  "final_metrics": {
    "accuracy": 0.9310728319699478,
    "f1_macro": 0.93375130059922,
    "f1_weighted": 0.9313837040197472,
    "per_class_precision": [
      0.9866256361699609,
      0.9923099970038949,
      0.9432686654908877,
      0.824569155987627,
      0.9270833333333334
    ],
    "per_class_recall": [
      0.8336,
      0.9936,
      0.9627,
      0.933,
      0.9611231101511879
    ],
    "per_class_f1": [
      0.9036804162827253,
      0.9929545795233099,
      0.9528852815995249,
      0.8754398311048557,
      0.943796394485684
    ]
  },
  "best_accuracy": 0.9310728319699478,
  "rounds": 50
}