{
  "run_id": "e1_toniot_binary_kan_h16__dir0.1__seed29",
  "seed": 29,
  "device": "cuda",
  "model_name": "kan",
  "model_hidden": [
    16
  ],
  "model_grid_size": 5,
  "model_spline_order": 3,
  "data_mode": "binary",
  "data_partition": "dirichlet",
  "data_alpha": 0.1,
  "n_params": 6560,
  "bytes_per_round_uplink": 28880,
  "total_uplink_bytes": 14440000,
  "final_metrics": {
    "accuracy": 0.8815192307692308,
    "f1_macro": 0.8799873102834701,
    "f1_weighted": 0.8799873102834701,
    "per_class_precision": [
      0.9928944099378882,
      0.8112
    ],
    "per_class_recall": [
      0.7685384615384615,
      0.9945
    ],
    "per_class_f1": [
      0.8664281842818429,
      0.8935464362850972
    ]
  },
  "best_accuracy": 0.9044038461538462,
  "rounds": 50
}