{
  "run_id": "e1_botiot_multiclass_kan_h16__dir0.1__seed17",
  "seed": 17,
  "device": "cuda",
  "model_name": "kan",
  "model_hidden": [
    16
  ],
  "model_grid_size": 5,
  "model_spline_order": 3,
  "data_mode": "multiclass",
  "data_partition": "dirichlet",
  "data_alpha": 0.1,
  "n_params": 7040,
  "bytes_per_round_uplink": 30800,
  "total_uplink_bytes": 15400000,
  "final_metrics": {
    "accuracy": 0.9634233744408472,
    "f1_macro": 0.7751971663955844,
    "f1_weighted": 0.9579086651948504,
    "per_class_precision": [
      0.9882982943276477,
      0.9921055261317078,
      0.9387401271431324,
      0.9352352352352352,
      0.0
    ],
    "per_class_recall": [
      0.9966,
      0.9928,
      0.9746,
      0.9343,
      0.0
    ],
    "per_class_f1": [
      0.9924317864967138,
      0.9924526415754485,
      0.9563340202139142,
      0.934767383691846,
      0.0
    ]
  },
  "best_accuracy": 0.9638435113560537,
  "rounds": 50
}