{
  "run_id": "e1_toniot_binary_mlp_h32__dir0.1__seed37",
  "seed": 37,
  "device": "cuda",
  "model_name": "mlp",
  "model_hidden": [
    32
  ],
  "model_grid_size": 5,
  "model_spline_order": 3,
  "data_mode": "binary",
  "data_partition": "dirichlet",
  "data_alpha": 0.1,
  "n_params": 1346,
  "bytes_per_round_uplink": 5384,
  "total_uplink_bytes": 2692000,
  "final_metrics": {
    "accuracy": 0.9078076923076923,
    "f1_macro": 0.907413266110153,
    "f1_weighted": 0.907413266110153,
    "per_class_precision": [
      0.8607198748043818,
      0.9690347695302132
    ],
    "per_class_recall": [
      0.9730769230769231,
      0.8425384615384616
    ],
    "per_class_f1": [
      0.9134563310105788,
      0.9013702012097272
    ]
  },
  "best_accuracy": 0.9078076923076923,
  "rounds": 50
}