{
  "run_id": "e1_botiot_binary_mlp_h32__dir0.1__seed29",
  "seed": 29,
  "device": "cuda",
  "model_name": "mlp",
  "model_hidden": [
    32
  ],
  "model_grid_size": 5,
  "model_spline_order": 3,
  "data_mode": "binary",
  "data_partition": "dirichlet",
  "data_alpha": 0.1,
  "n_params": 1346,
  "bytes_per_round_uplink": 5384,
  "total_uplink_bytes": 2692000,
  "final_metrics": {
    "accuracy": 0.730587623104053,
    "f1_macro": 0.7196249368990892,
    "f1_weighted": 0.7195041977625238,
    "per_class_precision": [
      0.6642029784886928,
      0.8846227682856594
    ],
    "per_class_recall": [
      0.9303511414995944,
      0.5316923076923077
    ],
    "per_class_f1": [
      0.7750655703412876,
      0.664184303456891
    ]
  },
  "best_accuracy": 0.7439435696802668,
  "rounds": 50
}