{
  "run_id": "e1_toniot_binary_mlp_h80__dir0.1__seed43",
  "seed": 43,
  "device": "cuda",
  "model_name": "mlp",
  "model_hidden": [
    80
  ],
  "model_grid_size": 5,
  "model_spline_order": 3,
  "data_mode": "binary",
  "data_partition": "dirichlet",
  "data_alpha": 0.1,
  "n_params": 3362,
  "bytes_per_round_uplink": 13448,
  "total_uplink_bytes": 6724000,
  "final_metrics": {
    "accuracy": 0.8016346153846153,
    "f1_macro": 0.7940721571537577,
    "f1_weighted": 0.7940721571537576,
    "per_class_precision": [
      0.9890863735578422,
      0.7180592242457945
    ],
    "per_class_recall": [
      0.61,
      0.9932692307692308
    ],
    "per_class_f1": [
      0.7546092541929345,
      0.8335350601145808
    ]
  },
  "best_accuracy": 0.8016346153846153,
  "rounds": 50
}