{
  "run_id": "e1_cseciic_multiclass_mlp_h80__dir0.1__seed43",
  "seed": 43,
  "device": "cuda",
  "model_name": "mlp",
  "model_hidden": [
    80
  ],
  "model_grid_size": 5,
  "model_spline_order": 3,
  "data_mode": "multiclass",
  "data_partition": "dirichlet",
  "data_alpha": 0.1,
  "n_params": 4415,
  "bytes_per_round_uplink": 17660,
  "total_uplink_bytes": 8830000,
  "final_metrics": {
    "accuracy": 0.819619868097637,
    "f1_macro": 0.6525015835490343,
    "f1_weighted": 0.7826234458426171,
    "per_class_precision": [
      0.5534986413043478,
      0.9712404712404712,
      0.38823529411764707,
      0.0,
      0.9386969583176868,
      0.9672897196261683,
      0.997504740992115,
      0.9528501055594651,
      0.7000210216523018,
      0.9986178299930891,
      0.9955431754874652,
      0.7894656720962094,
      0.9872080088987765,
      0.0,
      0.974368969885976
    ],
    "per_class_recall": [
      0.9777,
      1.0,
      0.07710280373831775,
      0.0,
      0.9999,
      0.981042654028436,
      0.9994,
      0.24422799422799424,
      0.999,
      0.5118668083599008,
      0.9395373291272345,
      1.0,
      0.1775,
      0.0,
      0.9998
    ],
    "per_class_f1": [
      0.7068392134181608,
      0.9854104412023202,
      0.1286549707602339,
      0.0,
      0.9683323649041256,
      0.9741176470588235,
      0.9984514711024527,
      0.3888011486001436,
      0.8232046475217337,
      0.6768149882903981,
      0.9667297809034352,
      0.8823479370480647,
      0.3008984573656552,
      0.0,
      0.9869206850599674
    ]
  },
  "best_accuracy": 0.8423620744201893,
  "rounds": 50
}