{
  "run_id": "e1_botiot_multiclass_mlp_h32__dir0.1__seed29",
  "seed": 29,
  "device": "cuda",
  "model_name": "mlp",
  "model_hidden": [
    32
  ],
  "model_grid_size": 5,
  "model_spline_order": 3,
  "data_mode": "multiclass",
  "data_partition": "dirichlet",
  "data_alpha": 0.1,
  "n_params": 1445,
  "bytes_per_round_uplink": 5780,
  "total_uplink_bytes": 2890000,
  "final_metrics": {
    "accuracy": 0.8553740454242147,
    "f1_macro": 0.6851224307935406,
    "f1_weighted": 0.8466036018010782,
    "per_class_precision": [
      0.8922738693467337,
      0.9910206524992518,
      0.7529231944975162,
      0.8077662437524029,
      0.0
    ],
    "per_class_recall": [
      0.8523,
      0.9933,
      0.9852,
      0.6303,
      0.0
    ],
    "per_class_f1": [
      0.871828968903437,
      0.9921590171303002,
      0.8535412605588044,
      0.7080829073751614,
      0.0
    ]
  },
  "best_accuracy": 0.8608605392580876,
  "rounds": 50
}