{
  "run_id": "e1_botiot_binary_mlp_h32__iid__seed2026",
  "seed": 2026,
  "device": "cuda",
  "model_name": "mlp",
  "model_hidden": [
    32
  ],
  "model_grid_size": 5,
  "model_spline_order": 3,
  "data_mode": "binary",
  "data_partition": "iid",
  "data_alpha": 0.1,
  "n_params": 1346,
  "bytes_per_round_uplink": 5384,
  "total_uplink_bytes": 2692000,
  "final_metrics": {
    "accuracy": 0.9761982770250737,
    "f1_macro": 0.9761881129875185,
    "f1_weighted": 0.9761870415917688,
    "per_class_precision": [
      0.9553043735224587,
      0.998992544831755
    ],
    "per_class_recall": [
      0.9990342643025457,
      0.9534615384615385
    ],
    "per_class_f1": [
      0.9766800732642232,
      0.9756961527108138
    ]
  },
  "best_accuracy": 0.9761982770250737,
  "rounds": 50
}