{
  "run_id": "e1_cseciic_multiclass_kan_h8__dir0.1__seed11",
  "seed": 11,
  "device": "cuda",
  "model_name": "kan",
  "model_hidden": [
    8
  ],
  "model_grid_size": 5,
  "model_spline_order": 3,
  "data_mode": "multiclass",
  "data_partition": "dirichlet",
  "data_alpha": 0.1,
  "n_params": 4320,
  "bytes_per_round_uplink": 19536,
  "total_uplink_bytes": 9768000,
  "final_metrics": {
    "accuracy": 0.8893431651699886,
    "f1_macro": 0.7559180796534212,
    "f1_weighted": 0.871544813586008,
    "per_class_precision": [
      0.5557660430973241,
      0.977284640922593,
      0.6395348837209303,
      0.45454545454545453,
      0.9436633009342267,
      0.9688995215311005,
      0.9940351923650462,
      0.9946759684229851,
      0.9866587607471095,
      0.9989384288747346,
      0.9947285187137586,
      1.0,
      0.8189473684210526,
      0.0,
      0.99581589958159
    ],
    "per_class_recall": [
      0.9388,
      0.9976810560114163,
      0.12850467289719625,
      0.10810810810810811,
      1.0,
      0.9597156398104265,
      0.9999,
      0.9772727272727273,
      0.9984,
      1.0,
      0.9921135646687698,
      1.0,
      0.2334,
      0.0,
      0.9996
    ],
    "per_class_f1": [
      0.6982002082403689,
      0.9873775267013858,
      0.2140077821011673,
      0.17467248908296942,
      0.9710151963878235,
      0.9642857142857143,
      0.9969589710354454,
      0.9858975525429897,
      0.992494656792087,
      0.9994689325544344,
      0.9934193208739142,
      1.0,
      0.3632684824902724,
      0.0,
      0.9977043617127458
    ]
  },
  "best_accuracy": 0.8933099705531625,
  "rounds": 50
}