{
  "run_id": "e1_botiot_multiclass_mlp_h32__iid__seed2024",
  "seed": 2024,
  "device": "cuda",
  "model_name": "mlp",
  "model_hidden": [
    32
  ],
  "model_grid_size": 5,
  "model_spline_order": 3,
  "data_mode": "multiclass",
  "data_partition": "iid",
  "data_alpha": 0.1,
  "n_params": 1445,
  "bytes_per_round_uplink": 5780,
  "total_uplink_bytes": 2890000,
  "final_metrics": {
    "accuracy": 0.9317153943108519,
    "f1_macro": 0.9347996347098928,
    "f1_weighted": 0.9320190666697216,
    "per_class_precision": [
      0.9882687522218272,
      0.9925089892129445,
      0.9434480054885818,
      0.8257488733763365,
      0.9186991869918699
    ],
    "per_class_recall": [
      0.834,
      0.9937,
      0.9626,
      0.9345,
      0.9762419006479481
    ],
    "per_class_f1": [
      0.9046043711698032,
      0.9931041375174895,
      0.9529277830025243,
      0.8767650232209035,
      0.9465968586387434
    ]
  },
  "best_accuracy": 0.9317153943108519,
  "rounds": 50
}