{
  "run_id": "e1_toniot_binary_mlp_h80__dir0.1__seed2024",
  "seed": 2024,
  "device": "cuda",
  "model_name": "mlp",
  "model_hidden": [
    80
  ],
  "model_grid_size": 5,
  "model_spline_order": 3,
  "data_mode": "binary",
  "data_partition": "dirichlet",
  "data_alpha": 0.1,
  "n_params": 3362,
  "bytes_per_round_uplink": 13448,
  "total_uplink_bytes": 6724000,
  "final_metrics": {
    "accuracy": 0.8193269230769231,
    "f1_macro": 0.813830359097645,
    "f1_weighted": 0.8138303590976452,
    "per_class_precision": [
      0.9865221213009083,
      0.7376556462000858
    ],
    "per_class_recall": [
      0.6475,
      0.9911538461538462
    ],
    "per_class_f1": [
      0.7818414025310577,
      0.8458193156642324
    ]
  },
  "best_accuracy": 0.8193269230769231,
  "rounds": 50
}