{
  "run_id": "e1_cseciic_multiclass_kan_h16__dir0.1__seed43",
  "seed": 43,
  "device": "cuda",
  "model_name": "kan",
  "model_hidden": [
    16
  ],
  "model_grid_size": 5,
  "model_spline_order": 3,
  "data_mode": "multiclass",
  "data_partition": "dirichlet",
  "data_alpha": 0.1,
  "n_params": 8640,
  "bytes_per_round_uplink": 37200,
  "total_uplink_bytes": 18600000,
  "final_metrics": {
    "accuracy": 0.8746562507605071,
    "f1_macro": 0.7075066592863408,
    "f1_weighted": 0.8532093007082968,
    "per_class_precision": [
      0.5497043708902027,
      0.9969750889679715,
      0.5607476635514018,
      0.0,
      0.9443762394938143,
      0.38899253731343286,
      0.9992490076172085,
      0.9944694797214256,
      0.9290964920442915,
      0.9978791092258749,
      0.9978517722878625,
      0.9998072103335262,
      0.9967409016838674,
      0.0,
      0.9969086557638612
    ],
    "per_class_recall": [
      0.9948,
      0.9994648590795576,
      0.14018691588785046,
      0.0,
      1.0,
      0.9881516587677726,
      0.9314,
      0.8757215007215007,
      0.9985,
      1.0,
      0.9768664563617245,
      1.0,
      0.1835,
      0.0,
      0.9997
    ],
    "per_class_f1": [
      0.7081183044453144,
      0.998218421521468,
      0.22429906542056074,
      0.0,
      0.9713924911360435,
      0.5582329317269076,
      0.9641322912892707,
      0.9313255323230386,
      0.9625488022364679,
      0.9989384288747346,
      0.9872476089266737,
      0.9999035958739034,
      0.30994003884807025,
      0.0,
      0.9983023766726583
    ]
  },
  "best_accuracy": 0.8823099948893919,
  "rounds": 50
}