{
  "run_id": "e1_botiot_multiclass_kan_h16__dir1.0__seed2024",
  "seed": 2024,
  "device": "cuda",
  "model_name": "kan",
  "model_hidden": [
    16
  ],
  "model_grid_size": 5,
  "model_spline_order": 3,
  "data_mode": "multiclass",
  "data_partition": "dirichlet",
  "data_alpha": 1.0,
  "n_params": 7040,
  "bytes_per_round_uplink": 30800,
  "total_uplink_bytes": 15400000,
  "final_metrics": {
    "accuracy": 0.9329263771840941,
    "f1_macro": 0.9367773123174583,
    "f1_weighted": 0.9332439398636407,
    "per_class_precision": [
      0.9887971698113207,
      0.9928057553956835,
      0.942160892542572,
      0.8290068220076194,
      0.9446808510638298
    ],
    "per_class_recall": [
      0.8385,
      0.9936,
      0.9627,
      0.9357,
      0.958963282937365
    ],
    "per_class_f1": [
      0.9074675324675324,
      0.9932027189124351,
      0.9523197151053516,
      0.8791281063559919,
      0.9517684887459807
    ]
  },
  "best_accuracy": 0.9349282060153721,
  "rounds": 50
}