{
  "run_id": "e1_cseciic_binary_mlp_h32__dir0.1__seed43",
  "seed": 43,
  "device": "cuda",
  "model_name": "mlp",
  "model_hidden": [
    32
  ],
  "model_grid_size": 5,
  "model_spline_order": 3,
  "data_mode": "binary",
  "data_partition": "dirichlet",
  "data_alpha": 0.1,
  "n_params": 1346,
  "bytes_per_round_uplink": 5384,
  "total_uplink_bytes": 2692000,
  "final_metrics": {
    "accuracy": 0.9123846153846153,
    "f1_macro": 0.9121540556467838,
    "f1_weighted": 0.9121540556467839,
    "per_class_precision": [
      0.9594617757970517,
      0.8740580519118057
    ],
    "per_class_recall": [
      0.8611538461538462,
      0.9636153846153847
    ],
    "per_class_f1": [
      0.9076536403437652,
      0.9166544709498025
    ]
  },
  "best_accuracy": 0.9206923076923077,
  "rounds": 50
}