{
  "run_id": "e1_toniot_binary_mlp_h80__dir0.1__seed29",
  "seed": 29,
  "device": "cuda",
  "model_name": "mlp",
  "model_hidden": [
    80
  ],
  "model_grid_size": 5,
  "model_spline_order": 3,
  "data_mode": "binary",
  "data_partition": "dirichlet",
  "data_alpha": 0.1,
  "n_params": 3362,
  "bytes_per_round_uplink": 13448,
  "total_uplink_bytes": 6724000,
  "final_metrics": {
    "accuracy": 0.8012884615384616,
    "f1_macro": 0.7937128065797168,
    "f1_weighted": 0.7937128065797168,
    "per_class_precision": [
      0.988525101340817,
      0.717808980953705
    ],
    "per_class_recall": [
      0.6096538461538461,
      0.9929230769230769
    ],
    "per_class_f1": [
      0.754181039609849,
      0.8332445735495845
    ]
  },
  "best_accuracy": 0.8019038461538461,
  "rounds": 50
}