{
  "run_id": "e1_toniot_binary_kan_h8__dir0.1__seed31",
  "seed": 31,
  "device": "cuda",
  "model_name": "kan",
  "model_hidden": [
    8
  ],
  "model_grid_size": 5,
  "model_spline_order": 3,
  "data_mode": "binary",
  "data_partition": "dirichlet",
  "data_alpha": 0.1,
  "n_params": 3280,
  "bytes_per_round_uplink": 15376,
  "total_uplink_bytes": 7688000,
  "final_metrics": {
    "accuracy": 0.92475,
    "f1_macro": 0.9244421868300433,
    "f1_weighted": 0.9244421868300433,
    "per_class_precision": [
      0.9869053392707553,
      0.8766670077424196
    ],
    "per_class_recall": [
      0.8609230769230769,
      0.9885769230769231
    ],
    "per_class_f1": [
      0.919619564100984,
      0.9292648095591026
    ]
  },
  "best_accuracy": 0.9443076923076923,
  "rounds": 50
}