{
  "run_id": "e1_cseciic_multiclass_mlp_h80__dir0.1__seed37",
  "seed": 37,
  "device": "cuda",
  "model_name": "mlp",
  "model_hidden": [
    80
  ],
  "model_grid_size": 5,
  "model_spline_order": 3,
  "data_mode": "multiclass",
  "data_partition": "dirichlet",
  "data_alpha": 0.1,
  "n_params": 4415,
  "bytes_per_round_uplink": 17660,
  "total_uplink_bytes": 8830000,
  "final_metrics": {
    "accuracy": 0.8206419897301113,
    "f1_macro": 0.6094892606988135,
    "f1_weighted": 0.7770265206640401,
    "per_class_precision": [
      0.5522498857925994,
      0.9732592463969439,
      0.4025974025974026,
      0.9473684210526315,
      0.9371192952862899,
      0.0,
      0.9564675424297632,
      0.9907063197026023,
      0.6537405179178656,
      0.9919184820801125,
      0.9994036970781157,
      0.99884437596302,
      0.9953656024716787,
      0.0,
      0.977121626906531
    ],
    "per_class_recall": [
      0.9671,
      0.9998216196931858,
      0.07242990654205607,
      0.0972972972972973,
      1.0,
      0.0,
      0.9975,
      0.09613997113997114,
      0.9997,
      1.0,
      0.8811777076761304,
      1.0,
      0.1933,
      0.0,
      0.9994
    ],
    "per_class_f1": [
      0.7030386740331491,
      0.9863616366036075,
      0.12277227722772277,
      0.17647058823529413,
      0.9675390643897247,
      0.0,
      0.9765529394488227,
      0.1752712923380467,
      0.7905266487426854,
      0.9959428470629741,
      0.9365744621402626,
      0.9994218539217575,
      0.3237313682800201,
      0.0,
      0.9881352580581373
    ]
  },
  "best_accuracy": 0.825302377649607,
  "rounds": 50
}