{
  "run_id": "e1_botiot_multiclass_mlp_h32__dir0.1__seed11",
  "seed": 11,
  "device": "cuda",
  "model_name": "mlp",
  "model_hidden": [
    32
  ],
  "model_grid_size": 5,
  "model_spline_order": 3,
  "data_mode": "multiclass",
  "data_partition": "dirichlet",
  "data_alpha": 0.1,
  "n_params": 1445,
  "bytes_per_round_uplink": 5780,
  "total_uplink_bytes": 2890000,
  "final_metrics": {
    "accuracy": 0.8544596297852359,
    "f1_macro": 0.6840605931543311,
    "f1_weighted": 0.8452914924181734,
    "per_class_precision": [
      0.9796854521625163,
      0.9751497888223161,
      0.8437471660469756,
      0.7118850277545434,
      0.0
    ],
    "per_class_recall": [
      0.598,
      0.9928,
      0.9304,
      0.9362,
      0.0
    ],
    "per_class_f1": [
      0.7426726279185295,
      0.9838957435211337,
      0.8849574356779379,
      0.8087771586540539,
      0.0
    ]
  },
  "best_accuracy": 0.8624669451103477,
  "rounds": 50
}