{
  "run_id": "e1_cseciic_multiclass_mlp_h32__dir0.1__seed2024",
  "seed": 2024,
  "device": "cuda",
  "model_name": "mlp",
  "model_hidden": [
    32
  ],
  "model_grid_size": 5,
  "model_spline_order": 3,
  "data_mode": "multiclass",
  "data_partition": "dirichlet",
  "data_alpha": 0.1,
  "n_params": 1775,
  "bytes_per_round_uplink": 7100,
  "total_uplink_bytes": 3550000,
  "final_metrics": {
    "accuracy": 0.8147404541140396,
    "f1_macro": 0.6194879280600563,
    "f1_weighted": 0.7575215800536024,
    "per_class_precision": [
      1.0,
      0.9885159010600707,
      0.0,
      0.6470588235294118,
      0.9390553103577801,
      0.9974811083123426,
      0.9961066187481282,
      0.9458870168483647,
      0.9190275829827022,
      0.0,
      1.0,
      0.6475215382694469,
      0.4893322797313315,
      0.0,
      0.9852955689331886
    ],
    "per_class_recall": [
      0.0002,
      0.9980378166250446,
      0.0,
      0.1783783783783784,
      1.0,
      0.9383886255924171,
      0.9978,
      0.8607503607503607,
      0.9829,
      0.0,
      0.6698212407991588,
      1.0,
      0.9908,
      0.0,
      0.9984
    ],
    "per_class_f1": [
      0.0003999200159968006,
      0.9932540387005149,
      0.0,
      0.2796610169491525,
      0.968569906533004,
      0.967032967032967,
      0.9969525902982465,
      0.9013126829728964,
      0.9498912780864943,
      0.0,
      0.8022670025188917,
      0.7860553239863585,
      0.6551176937318169,
      0.0,
      0.9918045000745045
    ]
  },
  "best_accuracy": 0.8185125696624564,
  "rounds": 50
}