{
  "run_id": "e1_botiot_binary_kan_h16__dir0.1__seed31",
  "seed": 31,
  "device": "cuda",
  "model_name": "kan",
  "model_hidden": [
    16
  ],
  "model_grid_size": 5,
  "model_spline_order": 3,
  "data_mode": "binary",
  "data_partition": "dirichlet",
  "data_alpha": 0.1,
  "n_params": 6560,
  "bytes_per_round_uplink": 28880,
  "total_uplink_bytes": 14440000,
  "final_metrics": {
    "accuracy": 0.9726135640911981,
    "f1_macro": 0.9725998694238287,
    "f1_weighted": 0.972598535374335,
    "per_class_precision": [
      0.9504050073637702,
      0.9970073199336758
    ],
    "per_class_recall": [
      0.9971414223355353,
      0.9481923076923077
    ],
    "per_class_f1": [
      0.9732124342564141,
      0.9719873045912433
    ]
  },
  "best_accuracy": 0.9739241043035828,
  "rounds": 50
}