{
  "run_id": "e1_toniot_binary_mlp_h32__dir0.1__seed23",
  "seed": 23,
  "device": "cuda",
  "model_name": "mlp",
  "model_hidden": [
    32
  ],
  "model_grid_size": 5,
  "model_spline_order": 3,
  "data_mode": "binary",
  "data_partition": "dirichlet",
  "data_alpha": 0.1,
  "n_params": 1346,
  "bytes_per_round_uplink": 5384,
  "total_uplink_bytes": 2692000,
  "final_metrics": {
    "accuracy": 0.9432884615384616,
    "f1_macro": 0.9432712787570576,
    "f1_weighted": 0.9432712787570576,
    "per_class_precision": [
      0.9283776249767701,
      0.9592747559274756
    ],
    "per_class_recall": [
      0.9606923076923077,
      0.9258846153846154
    ],
    "per_class_f1": [
      0.9442585766940743,
      0.9422839808200411
    ]
  },
  "best_accuracy": 0.9445961538461538,
  "rounds": 50
}