{
  "run_id": "e1_botiot_binary_mlp_h80__dir0.1__seed2024",
  "seed": 2024,
  "device": "cuda",
  "model_name": "mlp",
  "model_hidden": [
    80
  ],
  "model_grid_size": 5,
  "model_spline_order": 3,
  "data_mode": "binary",
  "data_partition": "dirichlet",
  "data_alpha": 0.1,
  "n_params": 3362,
  "bytes_per_round_uplink": 13448,
  "total_uplink_bytes": 6724000,
  "final_metrics": {
    "accuracy": 0.8471871567059186,
    "f1_macro": 0.8434945854279201,
    "f1_weighted": 0.8435469393243333,
    "per_class_precision": [
      0.9980033277870216,
      0.7668724340609032
    ],
    "per_class_recall": [
      0.6950979255997218,
      0.9986153846153846
    ],
    "per_class_f1": [
      0.8194548807978687,
      0.8675342900579714
    ]
  },
  "best_accuracy": 0.8471871567059186,
  "rounds": 50
}