{
  "run_id": "e1_botiot_binary_mlp_h80__dir0.1__seed37",
  "seed": 37,
  "device": "cuda",
  "model_name": "mlp",
  "model_hidden": [
    80
  ],
  "model_grid_size": 5,
  "model_spline_order": 3,
  "data_mode": "binary",
  "data_partition": "dirichlet",
  "data_alpha": 0.1,
  "n_params": 3362,
  "bytes_per_round_uplink": 13448,
  "total_uplink_bytes": 6724000,
  "final_metrics": {
    "accuracy": 0.9950469289031935,
    "f1_macro": 0.9950467543715513,
    "f1_weighted": 0.9950468184042641,
    "per_class_precision": [
      0.998793398723338,
      0.9913723993128459
    ],
    "per_class_recall": [
      0.991269749295013,
      0.9988076923076923
    ],
    "per_class_f1": [
      0.9950173520231101,
      0.9950761567199924
    ]
  },
  "best_accuracy": 0.9954709272072002,
  "rounds": 50
}