{
  "run_id": "e1_cseciic_multiclass_mlp_h80__dir0.1__seed2024",
  "seed": 2024,
  "device": "cuda",
  "model_name": "mlp",
  "model_hidden": [
    80
  ],
  "model_grid_size": 5,
  "model_spline_order": 3,
  "data_mode": "multiclass",
  "data_partition": "dirichlet",
  "data_alpha": 0.1,
  "n_params": 4415,
  "bytes_per_round_uplink": 17660,
  "total_uplink_bytes": 8830000,
  "final_metrics": {
    "accuracy": 0.8221995084081672,
    "f1_macro": 0.6339217338822423,
    "f1_weighted": 0.7749013218791216,
    "per_class_precision": [
      0.9697648376259799,
      0.9798986191225311,
      0.0,
      0.43209876543209874,
      0.93694368968425,
      1.0,
      0.9965048931495906,
      0.9722757955641272,
      0.8566103164282618,
      0.0,
      0.9772853185595568,
      0.6475215382694469,
      0.5237968483816013,
      0.0,
      0.9868551097054754
    ],
    "per_class_recall": [
      0.0866,
      1.0,
      0.0,
      0.1891891891891892,
      1.0,
      0.9383886255924171,
      0.9979,
      0.7274531024531025,
      0.9881,
      0.0,
      0.9274447949526814,
      1.0,
      0.9839,
      0.0,
      0.9985
    ],
    "per_class_f1": [
      0.15900119342697144,
      0.9898472675907125,
      0.0,
      0.2631578947368421,
      0.9674454602621777,
      0.9682151589242054,
      0.9972019586289598,
      0.8322327692942633,
      0.9176689110749942,
      0.0,
      0.9517129754518479,
      0.7860553239863585,
      0.6836436909394108,
      0.0,
      0.9926434039168903
    ]
  },
  "best_accuracy": 0.8517801951765593,
  "rounds": 50
}