{
  "run_id": "e1_botiot_multiclass_mlp_h80__dir0.1__seed11",
  "seed": 11,
  "device": "cuda",
  "model_name": "mlp",
  "model_hidden": [
    80
  ],
  "model_grid_size": 5,
  "model_spline_order": 3,
  "data_mode": "multiclass",
  "data_partition": "dirichlet",
  "data_alpha": 0.1,
  "n_params": 3605,
  "bytes_per_round_uplink": 14420,
  "total_uplink_bytes": 7210000,
  "final_metrics": {
    "accuracy": 0.847688011269555,
    "f1_macro": 0.6801890058894554,
    "f1_weighted": 0.8405073843875336,
    "per_class_precision": [
      0.9901960784313726,
      0.9899282010370961,
      0.814677194612169,
      0.7021118381915527,
      0.0
    ],
    "per_class_recall": [
      0.6161,
      0.9927,
      0.877,
      0.9442,
      0.0
    ],
    "per_class_f1": [
      0.7595857477499692,
      0.9913121629718394,
      0.8446905851191909,
      0.8053565336062777,
      0.0
    ]
  },
  "best_accuracy": 0.8670390233052419,
  "rounds": 50
}