{
  "run_id": "e1_toniot_multiclass_mlp_h80__dir0.1__seed31",
  "seed": 31,
  "device": "cuda",
  "model_name": "mlp",
  "model_hidden": [
    80
  ],
  "model_grid_size": 5,
  "model_spline_order": 3,
  "data_mode": "multiclass",
  "data_partition": "dirichlet",
  "data_alpha": 0.1,
  "n_params": 4010,
  "bytes_per_round_uplink": 16040,
  "total_uplink_bytes": 8020000,
  "final_metrics": {
    "accuracy": 0.778708292476082,
    "f1_macro": 0.7629840739254579,
    "f1_weighted": 0.7720644313765647,
    "per_class_precision": [
      0.8642370431550692,
      0.9972075705864102,
      0.889839701096782,
      0.6984892545570608,
      0.5408258042725661,
      0.6102403343782654,
      0.7207098691078455,
      0.8087091757387247,
      0.9648465938637546,
      0.9008602150537635
    ],
    "per_class_recall": [
      0.8371,
      0.9886188864964627,
      0.7383,
      0.9848,
      0.6405,
      0.37823834196891193,
      0.8975,
      0.7749627421758569,
      0.9277,
      0.4189
    ],
    "per_class_f1": [
      0.8504520979376207,
      0.9928946555452579,
      0.8070175438596491,
      0.8172953234574049,
      0.5864579041340475,
      0.46701319472211117,
      0.7994477352692291,
      0.791476407914764,
      0.9459087433086923,
      0.571877133105802
    ]
  },
  "best_accuracy": 0.7996713751888268,
  "rounds": 50
}