{
  "run_id": "e1_botiot_multiclass_kan_h8__dir0.1__seed23",
  "seed": 23,
  "device": "cuda",
  "model_name": "kan",
  "model_hidden": [
    8
  ],
  "model_grid_size": 5,
  "model_spline_order": 3,
  "data_mode": "multiclass",
  "data_partition": "dirichlet",
  "data_alpha": 0.1,
  "n_params": 3520,
  "bytes_per_round_uplink": 16336,
  "total_uplink_bytes": 8168000,
  "final_metrics": {
    "accuracy": 0.7784642760052394,
    "f1_macro": 0.7554204906975273,
    "f1_weighted": 0.7196867360013329,
    "per_class_precision": [
      0.6189707616860141,
      0.9928900460644903,
      0.7849050582415829,
      0.9717314487632509,
      0.954653937947494
    ],
    "per_class_recall": [
      0.9971,
      0.9915,
      0.9838,
      0.1375,
      0.8639308855291576
    ],
    "per_class_f1": [
      0.7637979240874794,
      0.9921945361753227,
      0.8731694328570161,
      0.24091108190976784,
      0.9070294784580499
    ]
  },
  "best_accuracy": 0.8637026419197785,
  "rounds": 50
}