{
  "run_id": "e1_toniot_binary_mlp_h32__dir0.1__seed42",
  "seed": 42,
  "device": "cuda",
  "model_name": "mlp",
  "model_hidden": [
    32
  ],
  "model_grid_size": 5,
  "model_spline_order": 3,
  "data_mode": "binary",
  "data_partition": "dirichlet",
  "data_alpha": 0.1,
  "n_params": 1346,
  "bytes_per_round_uplink": 5384,
  "total_uplink_bytes": 2692000,
  "final_metrics": {
    "accuracy": 0.7328846153846154,
    "f1_macro": 0.7289335732018263,
    "f1_weighted": 0.7289335732018262,
    "per_class_precision": [
      0.687589069954768,
      0.8070175438596491
    ],
    "per_class_recall": [
      0.8536153846153847,
      0.6121538461538462
    ],
    "per_class_f1": [
      0.7616596314218058,
      0.6962075149818469
    ]
  },
  "best_accuracy": 0.7328846153846154,
  "rounds": 50
}