{
  "run_id": "e1_cseciic_multiclass_mlp_h80__dir0.1__seed11",
  "seed": 11,
  "device": "cuda",
  "model_name": "mlp",
  "model_hidden": [
    80
  ],
  "model_grid_size": 5,
  "model_spline_order": 3,
  "data_mode": "multiclass",
  "data_partition": "dirichlet",
  "data_alpha": 0.1,
  "n_params": 4415,
  "bytes_per_round_uplink": 17660,
  "total_uplink_bytes": 8830000,
  "final_metrics": {
    "accuracy": 0.882005792022584,
    "f1_macro": 0.7523584783623181,
    "f1_weighted": 0.8697481423808894,
    "per_class_precision": [
      0.5710562324884342,
      0.9742787625999305,
      0.5193798449612403,
      0.7368421052631579,
      0.9440929266219662,
      0.9975308641975309,
      0.9873605213784932,
      0.9932769464324441,
      0.9091738099580522,
      0.9975265017667845,
      0.983453981385729,
      0.9998072103335262,
      0.7468860164512339,
      0.0,
      0.9966098314886829
    ],
    "per_class_recall": [
      0.8764,
      1.0,
      0.15654205607476634,
      0.07567567567567568,
      0.9997,
      0.957345971563981,
      0.9999,
      0.8261183261183261,
      0.997,
      1.0,
      1.0,
      1.0,
      0.3178,
      0.0,
      0.9995
    ],
    "per_class_f1": [
      0.6915216790941728,
      0.9869718309859155,
      0.24057450628366248,
      0.13725490196078433,
      0.9711010733887027,
      0.9770253929866989,
      0.9935906990609629,
      0.9020187099950763,
      0.9510636268243823,
      0.9987617194410048,
      0.9916579770594369,
      0.9999035958739034,
      0.4458786390740091,
      0.0,
      0.9980528234060612
    ]
  },
  "best_accuracy": 0.8824560122654596,
  "rounds": 50
}