{
  "run_id": "e1_cseciic_binary_mlp_h80__dir0.1__seed2026",
  "seed": 2026,
  "device": "cuda",
  "model_name": "mlp",
  "model_hidden": [
    80
  ],
  "model_grid_size": 5,
  "model_spline_order": 3,
  "data_mode": "binary",
  "data_partition": "dirichlet",
  "data_alpha": 0.1,
  "n_params": 3362,
  "bytes_per_round_uplink": 13448,
  "total_uplink_bytes": 6724000,
  "final_metrics": {
    "accuracy": 0.9745576923076923,
    "f1_macro": 0.9745420492160338,
    "f1_weighted": 0.9745420492160338,
    "per_class_precision": [
      0.9521418886730917,
      0.9993120472663996
    ],
    "per_class_recall": [
      0.9993461538461539,
      0.9497692307692308
    ],
    "per_class_f1": [
      0.9751731126498903,
      0.9739109857821774
    ]
  },
  "best_accuracy": 0.9754807692307692,
  "rounds": 50
}