{
  "run_id": "e1_botiot_multiclass_mlp_h80__dir0.1__seed43",
  "seed": 43,
  "device": "cuda",
  "model_name": "mlp",
  "model_hidden": [
    80
  ],
  "model_grid_size": 5,
  "model_spline_order": 3,
  "data_mode": "multiclass",
  "data_partition": "dirichlet",
  "data_alpha": 0.1,
  "n_params": 3605,
  "bytes_per_round_uplink": 14420,
  "total_uplink_bytes": 7210000,
  "final_metrics": {
    "accuracy": 0.9234115117514766,
    "f1_macro": 0.7434761236018826,
    "f1_weighted": 0.9187110738228539,
    "per_class_precision": [
      0.9881726788882318,
      0.9924060751398881,
      0.9314384482427501,
      0.8093388572414983,
      0.0
    ],
    "per_class_recall": [
      0.8355,
      0.9932,
      0.97,
      0.9377,
      0.0
    ],
    "per_class_f1": [
      0.9054456786778651,
      0.9928028788484606,
      0.9503282061330459,
      0.8688038543500417,
      0.0
    ]
  },
  "best_accuracy": 0.9234115117514766,
  "rounds": 50
}