{
  "run_id": "e1_cseciic_binary_kan_h8__dir0.1__seed43",
  "seed": 43,
  "device": "cuda",
  "model_name": "kan",
  "model_hidden": [
    8
  ],
  "model_grid_size": 5,
  "model_spline_order": 3,
  "data_mode": "binary",
  "data_partition": "dirichlet",
  "data_alpha": 0.1,
  "n_params": 3280,
  "bytes_per_round_uplink": 15376,
  "total_uplink_bytes": 7688000,
  "final_metrics": {
    "accuracy": 0.9654038461538461,
    "f1_macro": 0.965400017519912,
    "f1_weighted": 0.9654000175199121,
    "per_class_precision": [
      0.9558142162956266,
      0.9754056496287274
    ],
    "per_class_recall": [
      0.9759230769230769,
      0.9548846153846153
    ],
    "per_class_f1": [
      0.9657639827202315,
      0.9650360523195927
    ]
  },
  "best_accuracy": 0.9654038461538461,
  "rounds": 50
}