{
  "run_id": "e1_toniot_binary_mlp_h32__dir0.1__seed17",
  "seed": 17,
  "device": "cuda",
  "model_name": "mlp",
  "model_hidden": [
    32
  ],
  "model_grid_size": 5,
  "model_spline_order": 3,
  "data_mode": "binary",
  "data_partition": "dirichlet",
  "data_alpha": 0.1,
  "n_params": 1346,
  "bytes_per_round_uplink": 5384,
  "total_uplink_bytes": 2692000,
  "final_metrics": {
    "accuracy": 0.6261923076923077,
    "f1_macro": 0.6003289837149316,
    "f1_weighted": 0.6003289837149315,
    "per_class_precision": [
      0.5836392372794943,
      0.7568900720325713
    ],
    "per_class_recall": [
      0.880576923076923,
      0.3718076923076923
    ],
    "per_class_f1": [
      0.701999141472987,
      0.4986588259568761
    ]
  },
  "best_accuracy": 0.6261923076923077,
  "rounds": 50
}