{
  "run_id": "e1_botiot_binary_kan_h8__dir0.1__seed43",
  "seed": 43,
  "device": "cuda",
  "model_name": "kan",
  "model_hidden": [
    8
  ],
  "model_grid_size": 5,
  "model_spline_order": 3,
  "data_mode": "binary",
  "data_partition": "dirichlet",
  "data_alpha": 0.1,
  "n_params": 3280,
  "bytes_per_round_uplink": 15376,
  "total_uplink_bytes": 7688000,
  "final_metrics": {
    "accuracy": 0.918380326478694,
    "f1_macro": 0.9178248507582386,
    "f1_weighted": 0.9178395644845422,
    "per_class_precision": [
      0.9981135547989326,
      0.8609093622525121
    ],
    "per_class_recall": [
      0.8379881793950632,
      0.998423076923077
    ],
    "per_class_f1": [
      0.9110686461855064,
      0.9245810553309708
    ]
  },
  "best_accuracy": 0.9588143465607956,
  "rounds": 50
}