{
  "run_id": "e1_cseciic_multiclass_mlp_h80__dir0.1__seed42",
  "seed": 42,
  "device": "cuda",
  "model_name": "mlp",
  "model_hidden": [
    80
  ],
  "model_grid_size": 5,
  "model_spline_order": 3,
  "data_mode": "multiclass",
  "data_partition": "dirichlet",
  "data_alpha": 0.1,
  "n_params": 4415,
  "bytes_per_round_uplink": 17660,
  "total_uplink_bytes": 8830000,
  "final_metrics": {
    "accuracy": 0.876323282470614,
    "f1_macro": 0.7404622467177425,
    "f1_weighted": 0.8628696577184001,
    "per_class_precision": [
      0.7054054054054054,
      0.9758008356545961,
      0.9047619047619048,
      0.25862068965517243,
      0.9439879097005762,
      1.0,
      0.9902941467762701,
      0.9803027161517728,
      0.9169731518940787,
      1.0,
      0.9822714681440443,
      0.9998072103335262,
      0.5534329123661773,
      0.0,
      0.9950199203187251
    ],
    "per_class_recall": [
      0.2871,
      0.9998216196931858,
      0.04439252336448598,
      0.16216216216216217,
      0.9994,
      0.933649289099526,
      0.9999,
      0.8528138528138528,
      0.9973,
      1.0,
      0.9321766561514195,
      1.0,
      0.8633,
      0.0,
      0.999
    ],
    "per_class_f1": [
      0.4081023454157783,
      0.9876651982378855,
      0.08463251670378619,
      0.19933554817275748,
      0.9709039685238258,
      0.9656862745098039,
      0.9950738916256158,
      0.9121250120574901,
      0.9554512358689404,
      1.0,
      0.9565686538980308,
      0.9999035958739034,
      0.6744794718543693,
      0.0,
      0.9970059880239521
    ]
  },
  "best_accuracy": 0.876323282470614,
  "rounds": 50
}