{
  "run_id": "e1_cseciic_multiclass_kan_h8__dir0.1__seed29",
  "seed": 29,
  "device": "cuda",
  "model_name": "kan",
  "model_hidden": [
    8
  ],
  "model_grid_size": 5,
  "model_spline_order": 3,
  "data_mode": "multiclass",
  "data_partition": "dirichlet",
  "data_alpha": 0.1,
  "n_params": 4320,
  "bytes_per_round_uplink": 19536,
  "total_uplink_bytes": 9768000,
  "final_metrics": {
    "accuracy": 0.845306758170889,
    "f1_macro": 0.6614708604077092,
    "f1_weighted": 0.8383260591271993,
    "per_class_precision": [
      0.48332290083161944,
      0.9897363298531233,
      0.4263565891472868,
      0.0,
      0.9415309292910272,
      0.0,
      0.95300733962444,
      0.9083983649201041,
      0.9321834574676597,
      0.9996458923512748,
      0.9984251968503937,
      0.9998072103335262,
      0.48176380907704935,
      0.0,
      0.9920619170470332
    ],
    "per_class_recall": [
      0.5405,
      0.9976810560114163,
      0.12850467289719625,
      0.0,
      1.0,
      0.0,
      0.9998,
      0.8818542568542569,
      0.9512,
      1.0,
      1.0,
      1.0,
      0.4108,
      0.0,
      0.9998
    ],
    "per_class_f1": [
      0.510314875135722,
      0.9936928133605757,
      0.19748653500897667,
      0.0,
      0.9698850686193686,
      0.0,
      0.9758430530476795,
      0.8949295259015193,
      0.9415957236190853,
      0.9998229148220295,
      0.9992119779353822,
      0.9999035958739034,
      0.4434608949101312,
      0.0,
      0.995915927881263
    ]
  },
  "best_accuracy": 0.8744007203523886,
  "rounds": 50
}