{
  "run_id": "e1_botiot_binary_mlp_h80__iid__seed42",
  "seed": 42,
  "device": "cuda",
  "model_name": "mlp",
  "model_hidden": [
    80
  ],
  "model_grid_size": 5,
  "model_spline_order": 3,
  "data_mode": "binary",
  "data_partition": "iid",
  "data_alpha": 0.1,
  "n_params": 3362,
  "bytes_per_round_uplink": 13448,
  "total_uplink_bytes": 6724000,
  "final_metrics": {
    "accuracy": 0.9973211016246845,
    "f1_macro": 0.9973211001878506,
    "f1_weighted": 0.9973211044605408,
    "per_class_precision": [
      0.9958785917879979,
      0.9987656702025073
    ],
    "per_class_recall": [
      0.9987638583072584,
      0.9958846153846154
    ],
    "per_class_f1": [
      0.9973191382668904,
      0.9973230621088108
    ]
  },
  "best_accuracy": 0.9973211016246845,
  "rounds": 50
}