{
  "run_id": "e1_cseciic_multiclass_kan_h8__dir0.1__seed43",
  "seed": 43,
  "device": "cuda",
  "model_name": "kan",
  "model_hidden": [
    8
  ],
  "model_grid_size": 5,
  "model_spline_order": 3,
  "data_mode": "multiclass",
  "data_partition": "dirichlet",
  "data_alpha": 0.1,
  "n_params": 4320,
  "bytes_per_round_uplink": 19536,
  "total_uplink_bytes": 9768000,
  "final_metrics": {
    "accuracy": 0.8427514540897033,
    "f1_macro": 0.6931998606511333,
    "f1_weighted": 0.8232599584488148,
    "per_class_precision": [
      0.5506145251396648,
      0.9985749910936943,
      0.048348106365834004,
      0.0,
      0.9414422895876483,
      0.8309859154929577,
      0.9990952273241348,
      0.9959100204498977,
      0.7767759987564122,
      1.0,
      0.9994022713687986,
      0.999036794451936,
      0.9808884297520661,
      0.0,
      0.995418326693227
    ],
    "per_class_recall": [
      0.9856,
      1.0,
      0.14018691588785046,
      0.0,
      1.0,
      0.9786729857819905,
      0.8834,
      0.5270562770562771,
      0.9994,
      1.0,
      0.879074658254469,
      1.0,
      0.1899,
      0.0,
      0.9994
    ],
    "per_class_f1": [
      0.7065232974910395,
      0.9992869875222816,
      0.07189934092270821,
      0.0,
      0.969838037047813,
      0.8988030467899891,
      0.9376923893429572,
      0.689313517338995,
      0.8741362721945246,
      1.0,
      0.9353846153846154,
      0.9995181651729788,
      0.3181970509383378,
      0.0,
      0.9974051896207585
    ]
  },
  "best_accuracy": 0.8731595726558127,
  "rounds": 50
}