{
  "run_id": "e1_toniot_multiclass_mlp_h32__dir0.1__seed11",
  "seed": 11,
  "device": "cuda",
  "model_name": "mlp",
  "model_hidden": [
    32
  ],
  "model_grid_size": 5,
  "model_spline_order": 3,
  "data_mode": "multiclass",
  "data_partition": "dirichlet",
  "data_alpha": 0.1,
  "n_params": 1610,
  "bytes_per_round_uplink": 6440,
  "total_uplink_bytes": 3220000,
  "final_metrics": {
    "accuracy": 0.6906023904804813,
    "f1_macro": 0.6687927145601181,
    "f1_weighted": 0.6626625252107048,
    "per_class_precision": [
      0.7269144144144144,
      0.9931951747602845,
      0.6026206538661131,
      0.7579796264855687,
      0.48110992529348984,
      0.9242761692650334,
      0.822585267985096,
      0.8782608695652174,
      0.905011532816104,
      0.5308375634517767
    ],
    "per_class_recall": [
      0.7746,
      0.9876960935096893,
      0.929,
      0.8929,
      0.2254,
      0.26878238341968913,
      0.287,
      0.6020864381520119,
      0.8632,
      0.8366
    ],
    "per_class_f1": [
      0.75,
      0.9904380012338063,
      0.7310355681460498,
      0.8199265381083563,
      0.3069799114742935,
      0.4164576016056197,
      0.425531914893617,
      0.7144120247568524,
      0.883611423891903,
      0.6495341614906832
    ]
  },
  "best_accuracy": 0.700818911827843,
  "rounds": 50
}