{
  "run_id": "e1_toniot_multiclass_kan_h8__dir0.1__seed43",
  "seed": 43,
  "device": "cuda",
  "model_name": "kan",
  "model_hidden": [
    8
  ],
  "model_grid_size": 5,
  "model_spline_order": 3,
  "data_mode": "multiclass",
  "data_partition": "dirichlet",
  "data_alpha": 0.1,
  "n_params": 3920,
  "bytes_per_round_uplink": 17936,
  "total_uplink_bytes": 8968000,
  "final_metrics": {
    "accuracy": 0.7525508175867278,
    "f1_macro": 0.729877152623703,
    "f1_weighted": 0.7401845237354726,
    "per_class_precision": [
      0.8624495860751433,
      0.9962756052141527,
      0.7938532659875011,
      0.834345186470078,
      0.8248138331440111,
      0.12752494524215138,
      0.7990632318501171,
      0.8907330567081605,
      0.9554955495549555,
      0.7156626506024096
    ],
    "per_class_recall": [
      0.8126,
      0.9873884958474316,
      0.9273,
      0.0962,
      0.6535,
      0.6787564766839378,
      0.853,
      0.9597615499254843,
      0.9554,
      0.891
    ],
    "per_class_f1": [
      0.8367830295541139,
      0.9918121427467944,
      0.8554033485540334,
      0.17250963866224334,
      0.7292305975562127,
      0.2147101003892645,
      0.8251511487303507,
      0.9239598278335724,
      0.9554477723886194,
      0.7937639198218263
    ]
  },
  "best_accuracy": 0.8371187024620359,
  "rounds": 50
}