{
  "run_id": "e1_toniot_multiclass_kan_h8__dir0.1__seed17",
  "seed": 17,
  "device": "cuda",
  "model_name": "kan",
  "model_hidden": [
    8
  ],
  "model_grid_size": 5,
  "model_spline_order": 3,
  "data_mode": "multiclass",
  "data_partition": "dirichlet",
  "data_alpha": 0.1,
  "n_params": 3920,
  "bytes_per_round_uplink": 17936,
  "total_uplink_bytes": 8968000,
  "final_metrics": {
    "accuracy": 0.6733098348925344,
    "f1_macro": 0.6249628670167432,
    "f1_weighted": 0.6466221634071435,
    "per_class_precision": [
      0.8492161948798918,
      0.9084507042253521,
      0.6385061638868745,
      0.8056962025316455,
      0.6543142349241078,
      0.7386363636363636,
      0.7843235147279082,
      0.9919786096256684,
      0.9163414866279623,
      0.4136544306757073
    ],
    "per_class_recall": [
      0.753,
      0.9920024607812981,
      0.8805,
      0.1273,
      0.4785,
      0.04209844559585492,
      0.6284,
      0.5529061102831595,
      0.9628,
      0.8846
    ],
    "per_class_f1": [
      0.7982191127365241,
      0.9483899426554918,
      0.7402269861286255,
      0.21986183074265975,
      0.5527638190954773,
      0.07965686274509803,
      0.6977570508549855,
      0.7100478468899522,
      0.9389964402399181,
      0.5637087780787
    ]
  },
  "best_accuracy": 0.7881430047968622,
  "rounds": 50
}