{
  "run_id": "e1_cseciic_multiclass_mlp_h32__dir0.1__seed43",
  "seed": 43,
  "device": "cuda",
  "model_name": "mlp",
  "model_hidden": [
    32
  ],
  "model_grid_size": 5,
  "model_spline_order": 3,
  "data_mode": "multiclass",
  "data_partition": "dirichlet",
  "data_alpha": 0.1,
  "n_params": 1775,
  "bytes_per_round_uplink": 7100,
  "total_uplink_bytes": 3550000,
  "final_metrics": {
    "accuracy": 0.8002238933099706,
    "f1_macro": 0.5984453758888326,
    "f1_weighted": 0.7512643957177008,
    "per_class_precision": [
      0.5512156237544839,
      0.9406040268456376,
      0.7297297297297297,
      0.0,
      0.9393199323689648,
      0.9785714285714285,
      0.9975987993996999,
      0.9470383275261324,
      0.6979443434484688,
      0.0,
      0.9899777282850779,
      0.647036805988771,
      0.991577765300393,
      0.0,
      0.9772238514173998
    ],
    "per_class_recall": [
      0.9681,
      1.0,
      0.0630841121495327,
      0.0,
      1.0,
      0.9739336492890995,
      0.9971,
      0.24512987012987014,
      0.9982,
      0.0,
      0.9348054679284963,
      1.0,
      0.1766,
      0.0,
      0.9997
    ],
    "per_class_f1": [
      0.7024634473751044,
      0.9693930485906969,
      0.11612903225806452,
      0.0,
      0.968710646130001,
      0.9762470308788599,
      0.9973493373343336,
      0.38945407651526004,
      0.8214961731544729,
      0.0,
      0.9616008653326122,
      0.7856980531777895,
      0.2998047703930057,
      0.0,
      0.9883341571922887
    ]
  },
  "best_accuracy": 0.8377260227300382,
  "rounds": 50
}