{
  "run_id": "e1_cseciic_multiclass_kan_h16__dir0.1__seed23",
  "seed": 23,
  "device": "cuda",
  "model_name": "kan",
  "model_hidden": [
    16
  ],
  "model_grid_size": 5,
  "model_spline_order": 3,
  "data_mode": "multiclass",
  "data_partition": "dirichlet",
  "data_alpha": 0.1,
  "n_params": 8640,
  "bytes_per_round_uplink": 37200,
  "total_uplink_bytes": 18600000,
  "final_metrics": {
    "accuracy": 0.723808133167847,
    "f1_macro": 0.5351549172346333,
    "f1_weighted": 0.6515504848590482,
    "per_class_precision": [
      0.45398242178605586,
      0.9950301739439119,
      0.0,
      0.18181818181818182,
      0.9445609131143722,
      0.9766355140186916,
      0.9961143768058185,
      0.9952978056426333,
      0.6708291372943941,
      0.3523904631132193,
      0.9932079414838035,
      0.0,
      0.9166666666666666,
      0.0,
      0.9986015383078614
    ],
    "per_class_recall": [
      0.9969,
      1.0,
      0.0,
      0.010810810810810811,
      0.811,
      0.990521327014218,
      0.9998,
      0.11453823953823954,
      0.9992,
      1.0,
      0.9994742376445847,
      0.0,
      0.0033,
      0.0,
      0.9997
    ],
    "per_class_f1": [
      0.6238618229606684,
      0.997508896797153,
      0.0,
      0.02040816326530612,
      0.8726998816313354,
      0.9835294117647059,
      0.9979537854968309,
      0.20543513426075705,
      0.8027314721831693,
      0.5211371607901052,
      0.9963312368972747,
      0.0,
      0.00657632522917497,
      0.0,
      0.9991504672430164
    ]
  },
  "best_accuracy": 0.8245966269986128,
  "rounds": 50
}