{
  "run_id": "e1_cseciic_multiclass_kan_h8__dir0.1__seed23",
  "seed": 23,
  "device": "cuda",
  "model_name": "kan",
  "model_hidden": [
    8
  ],
  "model_grid_size": 5,
  "model_spline_order": 3,
  "data_mode": "multiclass",
  "data_partition": "dirichlet",
  "data_alpha": 0.1,
  "n_params": 4320,
  "bytes_per_round_uplink": 19536,
  "total_uplink_bytes": 9768000,
  "final_metrics": {
    "accuracy": 0.7969019980044292,
    "f1_macro": 0.6224720012726948,
    "f1_weighted": 0.7370242127625625,
    "per_class_precision": [
      0.5021428931578682,
      0.9739402362751911,
      0.0,
      0.0,
      0.9437364297177381,
      0.9406392694063926,
      0.9933432687531049,
      0.9839816933638444,
      0.6809410160245483,
      0.6925907752698724,
      0.9921752738654147,
      1.0,
      0.8666666666666667,
      0.0,
      0.9988014382740711
    ],
    "per_class_recall": [
      0.9959,
      1.0,
      0.0,
      0.0,
      0.9997,
      0.976303317535545,
      0.9998,
      0.15512265512265513,
      0.9986,
      1.0,
      1.0,
      0.7587736212880833,
      0.0013,
      0.0,
      1.0
    ],
    "per_class_f1": [
      0.6676499178761773,
      0.9867980989262454,
      0.0,
      0.0,
      0.9709124459767883,
      0.958139534883721,
      0.9965611761774233,
      0.2679962605172951,
      0.8097303871883236,
      0.8183794752862734,
      0.9960722702278083,
      0.8628439864049995,
      0.002596105841238143,
      0.0,
      0.9994003597841296
    ]
  },
  "best_accuracy": 0.8228200822564552,
  "rounds": 50
}