{
  "run_id": "e1_toniot_multiclass_mlp_h80__dir0.1__seed2024",
  "seed": 2024,
  "device": "cuda",
  "model_name": "mlp",
  "model_hidden": [
    80
  ],
  "model_grid_size": 5,
  "model_spline_order": 3,
  "data_mode": "multiclass",
  "data_partition": "dirichlet",
  "data_alpha": 0.1,
  "n_params": 4010,
  "bytes_per_round_uplink": 16040,
  "total_uplink_bytes": 8020000,
  "final_metrics": {
    "accuracy": 0.678981263085363,
    "f1_macro": 0.5564564324680781,
    "f1_weighted": 0.6080666091863092,
    "per_class_precision": [
      0.7272727272727273,
      0.9659294680215182,
      0.8039180765805877,
      0.8370587640335795,
      0.6212642158159217,
      0.9833333333333333,
      0.5713668887244017,
      0.0,
      0.5991456695350709,
      0.6248877219650384
    ],
    "per_class_recall": [
      0.0016,
      0.9941556444171025,
      0.9028,
      0.8276,
      0.2349,
      0.22927461139896374,
      0.9263,
      0.0,
      0.9678,
      0.9044
    ],
    "per_class_f1": [
      0.0031929754540011976,
      0.979839320903441,
      0.8504945831370702,
      0.8323025091768492,
      0.34090414338582103,
      0.37184873949579833,
      0.7067755226613764,
      0.0,
      0.7401062975566857,
      0.7391002329097373
    ]
  },
  "best_accuracy": 0.7032703469111918,
  "rounds": 50
}