{
  "run_id": "e1_cseciic_binary_mlp_h32__dir0.1__seed37",
  "seed": 37,
  "device": "cuda",
  "model_name": "mlp",
  "model_hidden": [
    32
  ],
  "model_grid_size": 5,
  "model_spline_order": 3,
  "data_mode": "binary",
  "data_partition": "dirichlet",
  "data_alpha": 0.1,
  "n_params": 1346,
  "bytes_per_round_uplink": 5384,
  "total_uplink_bytes": 2692000,
  "final_metrics": {
    "accuracy": 0.9707115384615385,
    "f1_macro": 0.9706873745271829,
    "f1_weighted": 0.9706873745271828,
    "per_class_precision": [
      0.9451496744625905,
      0.9993879299791896
    ],
    "per_class_recall": [
      0.999423076923077,
      0.942
    ],
    "per_class_f1": [
      0.9715289851008543,
      0.9698457639535114
    ]
  },
  "best_accuracy": 0.9732307692307692,
  "rounds": 50
}