{
  "run_id": "e1_cseciic_binary_kan_h16__dir0.1__seed37",
  "seed": 37,
  "device": "cuda",
  "model_name": "kan",
  "model_hidden": [
    16
  ],
  "model_grid_size": 5,
  "model_spline_order": 3,
  "data_mode": "binary",
  "data_partition": "dirichlet",
  "data_alpha": 0.1,
  "n_params": 6560,
  "bytes_per_round_uplink": 28880,
  "total_uplink_bytes": 14440000,
  "final_metrics": {
    "accuracy": 0.9768846153846154,
    "f1_macro": 0.9768729872526098,
    "f1_weighted": 0.9768729872526098,
    "per_class_precision": [
      0.9564161083707575,
      0.9992751872432954
    ],
    "per_class_recall": [
      0.9993076923076923,
      0.9544615384615385
    ],
    "per_class_f1": [
      0.9773915660384456,
      0.9763544084667742
    ]
  },
  "best_accuracy": 0.9769615384615384,
  "rounds": 50
}