{
  "run_id": "e1_botiot_binary_mlp_h80__dir0.1__seed42",
  "seed": 42,
  "device": "cuda",
  "model_name": "mlp",
  "model_hidden": [
    80
  ],
  "model_grid_size": 5,
  "model_spline_order": 3,
  "data_mode": "binary",
  "data_partition": "dirichlet",
  "data_alpha": 0.1,
  "n_params": 3362,
  "bytes_per_round_uplink": 13448,
  "total_uplink_bytes": 6724000,
  "final_metrics": {
    "accuracy": 0.9981112802821516,
    "f1_macro": 0.9981112783115329,
    "f1_weighted": 0.9981112825130407,
    "per_class_precision": [
      0.9969553320229699,
      0.9992675404780262
    ],
    "per_class_recall": [
      0.9992660408699348,
      0.9969615384615385
    ],
    "per_class_f1": [
      0.9981093490758961,
      0.9981132075471698
    ]
  },
  "best_accuracy": 0.9981112802821516,
  "rounds": 50
}