{
  "run_id": "e1_toniot_multiclass_mlp_h32__dir0.1__seed43",
  "seed": 43,
  "device": "cuda",
  "model_name": "mlp",
  "model_hidden": [
    32
  ],
  "model_grid_size": 5,
  "model_spline_order": 3,
  "data_mode": "multiclass",
  "data_partition": "dirichlet",
  "data_alpha": 0.1,
  "n_params": 1610,
  "bytes_per_round_uplink": 6440,
  "total_uplink_bytes": 3220000,
  "final_metrics": {
    "accuracy": 0.6993082977764822,
    "f1_macro": 0.6825161097581305,
    "f1_weighted": 0.6762789731015898,
    "per_class_precision": [
      0.850044464206314,
      0.9550595238095239,
      0.6437564499484004,
      0.8375,
      0.6671455409437507,
      0.8771929824561403,
      0.9439182077883025,
      0.715527950310559,
      0.9682308970099668,
      0.42855762728238816
    ],
    "per_class_recall": [
      0.7647,
      0.9870808981851737,
      0.9357,
      0.1072,
      0.6037,
      0.25906735751295334,
      0.6278,
      0.8584202682563339,
      0.9326,
      0.8872
    ],
    "per_class_f1": [
      0.8051168667087808,
      0.9708062320375133,
      0.7627470959853271,
      0.1900709219858156,
      0.6338390466691165,
      0.4,
      0.7540688246952135,
      0.7804878048780488,
      0.950081499592502,
      0.5779428050289883
    ]
  },
  "best_accuracy": 0.731587734873983,
  "rounds": 50
}