{
  "run_id": "e1_cseciic_binary_mlp_h32__dir0.1__seed17",
  "seed": 17,
  "device": "cuda",
  "model_name": "mlp",
  "model_hidden": [
    32
  ],
  "model_grid_size": 5,
  "model_spline_order": 3,
  "data_mode": "binary",
  "data_partition": "dirichlet",
  "data_alpha": 0.1,
  "n_params": 1346,
  "bytes_per_round_uplink": 5384,
  "total_uplink_bytes": 2692000,
  "final_metrics": {
    "accuracy": 0.9125192307692308,
    "f1_macro": 0.9123445993946255,
    "f1_weighted": 0.9123445993946255,
    "per_class_precision": [
      0.8787119098901875,
      0.9529540943452004
    ],
    "per_class_recall": [
      0.9571538461538461,
      0.8678846153846154
    ],
    "per_class_f1": [
      0.9162570644870308,
      0.9084321343022203
    ]
  },
  "best_accuracy": 0.9178846153846154,
  "rounds": 50
}