{
  "run_id": "e1_toniot_binary_kan_h8__dir0.1__seed2024",
  "seed": 2024,
  "device": "cuda",
  "model_name": "kan",
  "model_hidden": [
    8
  ],
  "model_grid_size": 5,
  "model_spline_order": 3,
  "data_mode": "binary",
  "data_partition": "dirichlet",
  "data_alpha": 0.1,
  "n_params": 3280,
  "bytes_per_round_uplink": 15376,
  "total_uplink_bytes": 7688000,
  "final_metrics": {
    "accuracy": 0.9516346153846154,
    "f1_macro": 0.9515643198616334,
    "f1_weighted": 0.9515643198616333,
    "per_class_precision": [
      0.9888838003247429,
      0.9196597691290519
    ],
    "per_class_recall": [
      0.9135384615384615,
      0.9897307692307692
    ],
    "per_class_f1": [
      0.949719106739439,
      0.9534095329838277
    ]
  },
  "best_accuracy": 0.9605961538461538,
  "rounds": 50
}