{
  "run_id": "e1_toniot_multiclass_mlp_h80__dir0.1__seed37",
  "seed": 37,
  "device": "cuda",
  "model_name": "mlp",
  "model_hidden": [
    80
  ],
  "model_grid_size": 5,
  "model_spline_order": 3,
  "data_mode": "multiclass",
  "data_partition": "dirichlet",
  "data_alpha": 0.1,
  "n_params": 4010,
  "bytes_per_round_uplink": 16040,
  "total_uplink_bytes": 8020000,
  "final_metrics": {
    "accuracy": 0.7120557602098958,
    "f1_macro": 0.6866332689074762,
    "f1_weighted": 0.6700732193206737,
    "per_class_precision": [
      0.4445375335120643,
      0.9895928986838077,
      0.8500232450023245,
      0.8645208031463465,
      0.6387583076673691,
      0.9272727272727272,
      0.8841012042868192,
      0.792258064516129,
      1.0,
      0.7221235795454546
    ],
    "per_class_recall": [
      0.7959,
      0.9944632420793602,
      0.9142,
      0.8353,
      0.7881,
      0.26424870466321243,
      0.8002,
      0.9150521609538003,
      0.001,
      0.8134
    ],
    "per_class_f1": [
      0.5704558486238532,
      0.9920220926664621,
      0.8809443507588532,
      0.8496592411758722,
      0.7056137523502551,
      0.4112903225806452,
      0.8400608891921684,
      0.8492392807745505,
      0.001998001998001998,
      0.7650489089541008
    ]
  },
  "best_accuracy": 0.716773116370286,
  "rounds": 50
}