{
  "run_id": "e1_botiot_binary_kan_h8__dir0.1__seed37",
  "seed": 37,
  "device": "cuda",
  "model_name": "kan",
  "model_hidden": [
    8
  ],
  "model_grid_size": 5,
  "model_spline_order": 3,
  "data_mode": "binary",
  "data_partition": "dirichlet",
  "data_alpha": 0.1,
  "n_params": 3280,
  "bytes_per_round_uplink": 15376,
  "total_uplink_bytes": 7688000,
  "final_metrics": {
    "accuracy": 0.9963189238152138,
    "f1_macro": 0.9963189122425136,
    "f1_weighted": 0.9963189264568084,
    "per_class_precision": [
      0.9959085996603366,
      0.9967281265637631
    ],
    "per_class_recall": [
      0.9967164986286553,
      0.9959230769230769
    ],
    "per_class_f1": [
      0.9963123853653828,
      0.9963254391196444
    ]
  },
  "best_accuracy": 0.9969741939214062,
  "rounds": 50
}