{
  "run_id": "e1_cseciic_binary_kan_h8__dir0.1__seed29",
  "seed": 29,
  "device": "cuda",
  "model_name": "kan",
  "model_hidden": [
    8
  ],
  "model_grid_size": 5,
  "model_spline_order": 3,
  "data_mode": "binary",
  "data_partition": "dirichlet",
  "data_alpha": 0.1,
  "n_params": 3280,
  "bytes_per_round_uplink": 15376,
  "total_uplink_bytes": 7688000,
  "final_metrics": {
    "accuracy": 0.9649615384615384,
    "f1_macro": 0.9649593387788468,
    "f1_weighted": 0.9649593387788468,
    "per_class_precision": [
      0.9577086172951689,
      0.9724480225105518
    ],
    "per_class_recall": [
      0.9728846153846153,
      0.9570384615384615
    ],
    "per_class_f1": [
      0.9652369686331375,
      0.9646817089245561
    ]
  },
  "best_accuracy": 0.973173076923077,
  "rounds": 50
}