{
  "run_id": "e1_toniot_binary_mlp_h32__dir0.1__seed29",
  "seed": 29,
  "device": "cuda",
  "model_name": "mlp",
  "model_hidden": [
    32
  ],
  "model_grid_size": 5,
  "model_spline_order": 3,
  "data_mode": "binary",
  "data_partition": "dirichlet",
  "data_alpha": 0.1,
  "n_params": 1346,
  "bytes_per_round_uplink": 5384,
  "total_uplink_bytes": 2692000,
  "final_metrics": {
    "accuracy": 0.5847115384615384,
    "f1_macro": 0.5053097485670035,
    "f1_weighted": 0.5053097485670034,
    "per_class_precision": [
      0.9262628217534352,
      0.5470288044754767
    ],
    "per_class_recall": [
      0.18407692307692308,
      0.9853461538461539
    ],
    "per_class_f1": [
      0.30711970994962623,
      0.7034997871843807
    ]
  },
  "best_accuracy": 0.6387307692307692,
  "rounds": 50
}