{
  "run_id": "e1_cseciic_multiclass_mlp_h80__dir0.1__seed31",
  "seed": 31,
  "device": "cuda",
  "model_name": "mlp",
  "model_hidden": [
    80
  ],
  "model_grid_size": 5,
  "model_spline_order": 3,
  "data_mode": "multiclass",
  "data_partition": "dirichlet",
  "data_alpha": 0.1,
  "n_params": 4415,
  "bytes_per_round_uplink": 17660,
  "total_uplink_bytes": 8830000,
  "final_metrics": {
    "accuracy": 0.8834051252099,
    "f1_macro": 0.7363725729938436,
    "f1_weighted": 0.8738611970207949,
    "per_class_precision": [
      0.5837473626897162,
      0.99308142629058,
      0.3218390804597701,
      0.21428571428571427,
      0.9393340857787811,
      1.0,
      0.9933445912387007,
      0.95935470354075,
      0.8996719518862767,
      0.9982319660537482,
      0.9931740614334471,
      1.0,
      0.7479387514723204,
      0.0,
      0.9951214655515731
    ],
    "per_class_recall": [
      0.8577,
      0.998572957545487,
      0.06542056074766354,
      0.016216216216216217,
      0.9987,
      0.9360189573459715,
      1.0,
      0.825937950937951,
      0.9873,
      1.0,
      0.917981072555205,
      1.0,
      0.381,
      0.0,
      0.9995
    ],
    "per_class_f1": [
      0.6946908030615964,
      0.9958196210975718,
      0.1087378640776699,
      0.03015075376884422,
      0.9681077937184955,
      0.966952264381885,
      0.996661185030149,
      0.8876611418047882,
      0.9414513206827501,
      0.9991152008494072,
      0.9540983606557377,
      1.0,
      0.5048363588180734,
      0.0,
      0.9973059269606865
    ]
  },
  "best_accuracy": 0.8884427246842375,
  "rounds": 50
}