{
  "run_id": "e1_botiot_binary_kan_h16__dir0.1__seed2024",
  "seed": 2024,
  "device": "cuda",
  "model_name": "kan",
  "model_hidden": [
    16
  ],
  "model_grid_size": 5,
  "model_spline_order": 3,
  "data_mode": "binary",
  "data_partition": "dirichlet",
  "data_alpha": 0.1,
  "n_params": 6560,
  "bytes_per_round_uplink": 28880,
  "total_uplink_bytes": 14440000,
  "final_metrics": {
    "accuracy": 0.9596623431688092,
    "f1_macro": 0.9596602919165307,
    "f1_weighted": 0.959659665452997,
    "per_class_precision": [
      0.9511566173682214,
      0.9684524042795
    ],
    "per_class_recall": [
      0.9689033105419709,
      0.9504615384615385
    ],
    "per_class_f1": [
      0.9599479495569971,
      0.9593726342760642
    ]
  },
  "best_accuracy": 0.9596623431688092,
  "rounds": 50
}