{
  "run_id": "e1_botiot_binary_kan_h16__dir0.1__seed17",
  "seed": 17,
  "device": "cuda",
  "model_name": "kan",
  "model_hidden": [
    16
  ],
  "model_grid_size": 5,
  "model_spline_order": 3,
  "data_mode": "binary",
  "data_partition": "dirichlet",
  "data_alpha": 0.1,
  "n_params": 6560,
  "bytes_per_round_uplink": 28880,
  "total_uplink_bytes": 14440000,
  "final_metrics": {
    "accuracy": 0.9973596469250486,
    "f1_macro": 0.9973596436259036,
    "f1_weighted": 0.9973596500535483,
    "per_class_precision": [
      0.9962994372060751,
      0.998419734052804
    ],
    "per_class_recall": [
      0.9984161934561749,
      0.9963076923076923
    ],
    "per_class_f1": [
      0.9973566921993479,
      0.9973625950524593
    ]
  },
  "best_accuracy": 0.9979378264305124,
  "rounds": 50
}