{
  "run_id": "e1_cseciic_multiclass_kan_h8__dir0.1__seed42",
  "seed": 42,
  "device": "cuda",
  "model_name": "kan",
  "model_hidden": [
    8
  ],
  "model_grid_size": 5,
  "model_spline_order": 3,
  "data_mode": "multiclass",
  "data_partition": "dirichlet",
  "data_alpha": 0.1,
  "n_params": 4320,
  "bytes_per_round_uplink": 19536,
  "total_uplink_bytes": 9768000,
  "final_metrics": {
    "accuracy": 0.8782945170475287,
    "f1_macro": 0.7448545767749832,
    "f1_weighted": 0.8668958654793861,
    "per_class_precision": [
      0.658329708568943,
      0.9982171510073097,
      0.3541666666666667,
      0.7352941176470589,
      0.9435742592942065,
      1.0,
      0.9915708052360175,
      0.904,
      0.9884109417414909,
      0.9989384288747346,
      0.9994216310005783,
      1.0,
      0.5459157127991675,
      0.0,
      0.9986996098829649
    ],
    "per_class_recall": [
      0.3027,
      0.9987513378523011,
      0.0397196261682243,
      0.13513513513513514,
      1.0,
      0.933649289099526,
      0.9999,
      0.9987373737373737,
      0.9467,
      1.0,
      0.9085173501577287,
      1.0,
      0.8394,
      0.0,
      0.9984
    ],
    "per_class_f1": [
      0.41471434443074395,
      0.9984841729826126,
      0.07142857142857142,
      0.228310502283105,
      0.9709680551509855,
      0.9656862745098039,
      0.995717984465246,
      0.9490101979604079,
      0.9671059352334253,
      0.9994689325544344,
      0.9518039107683833,
      1.0,
      0.6615699873896596,
      0.0,
      0.9985497824673701
    ]
  },
  "best_accuracy": 0.8791584531892629,
  "rounds": 50
}