{
  "run_id": "e1_toniot_multiclass_kan_h16__dir0.1__seed23",
  "seed": 23,
  "device": "cuda",
  "model_name": "kan",
  "model_hidden": [
    16
  ],
  "model_grid_size": 5,
  "model_spline_order": 3,
  "data_mode": "multiclass",
  "data_partition": "dirichlet",
  "data_alpha": 0.1,
  "n_params": 7840,
  "bytes_per_round_uplink": 34000,
  "total_uplink_bytes": 17000000,
  "final_metrics": {
    "accuracy": 0.7168923753743408,
    "f1_macro": 0.6850162728846472,
    "f1_weighted": 0.6719299147459101,
    "per_class_precision": [
      0.5854241338112306,
      0.9604872251931076,
      0.6887902330743618,
      0.8583647286427044,
      0.8236220472440945,
      0.966321243523316,
      0.8139212972117856,
      0.789272030651341,
      0.5989105153629575,
      0.6309904153354633
    ],
    "per_class_recall": [
      0.098,
      0.9944632420793602,
      0.9309,
      0.843,
      0.3661,
      0.241580310880829,
      0.8232,
      0.9210134128166915,
      0.9785,
      0.948
    ],
    "per_class_f1": [
      0.1678944663354463,
      0.9771799909324467,
      0.791749946842441,
      0.8506129862267292,
      0.5068881966078228,
      0.38652849740932643,
      0.8185343541811674,
      0.8500687757909215,
      0.7430328802490698,
      0.7576726342710998
    ]
  },
  "best_accuracy": 0.7454217793443405,
  "rounds": 50
}