{
  "run_id": "e1_botiot_binary_kan_h16__iid__seed42",
  "seed": 42,
  "device": "cuda",
  "model_name": "kan",
  "model_hidden": [
    16
  ],
  "model_grid_size": 5,
  "model_spline_order": 3,
  "data_mode": "binary",
  "data_partition": "iid",
  "data_alpha": 0.1,
  "n_params": 6560,
  "bytes_per_round_uplink": 28880,
  "total_uplink_bytes": 14440000,
  "final_metrics": {
    "accuracy": 0.9753502804170602,
    "f1_macro": 0.9753386252538582,
    "f1_weighted": 0.9753374576710196,
    "per_class_precision": [
      0.9535535240342082,
      0.9992326022860374
    ],
    "per_class_recall": [
      0.9992660408699348,
      0.9515384615384616
    ],
    "per_class_f1": [
      0.9758747524285579,
      0.9748024980791584
    ]
  },
  "best_accuracy": 0.9755237342686993,
  "rounds": 50
}