{
  "run_id": "e1_botiot_multiclass_kan_h8__dir1.0__seed42",
  "seed": 42,
  "device": "cuda",
  "model_name": "kan",
  "model_hidden": [
    8
  ],
  "model_grid_size": 5,
  "model_spline_order": 3,
  "data_mode": "multiclass",
  "data_partition": "dirichlet",
  "data_alpha": 1.0,
  "n_params": 3520,
  "bytes_per_round_uplink": 16336,
  "total_uplink_bytes": 8168000,
  "final_metrics": {
    "accuracy": 0.9317401082470405,
    "f1_macro": 0.935485573224051,
    "f1_weighted": 0.9321275896795231,
    "per_class_precision": [
      0.9889463781749764,
      0.9911186508332501,
      0.9407429245283019,
      0.8274579273693534,
      0.940677966101695
    ],
    "per_class_recall": [
      0.841,
      0.9932,
      0.9573,
      0.9342,
      0.958963282937365
    ],
    "per_class_f1": [
      0.9089926502377864,
      0.9921582338544528,
      0.948949246629659,
      0.8775951150775012,
      0.9497326203208556
    ]
  },
  "best_accuracy": 0.9345822109087314,
  "rounds": 50
}