{
  "run_id": "e1_cseciic_multiclass_mlp_h80__dir0.1__seed23",
  "seed": 23,
  "device": "cuda",
  "model_name": "mlp",
  "model_hidden": [
    80
  ],
  "model_grid_size": 5,
  "model_spline_order": 3,
  "data_mode": "multiclass",
  "data_partition": "dirichlet",
  "data_alpha": 0.1,
  "n_params": 4415,
  "bytes_per_round_uplink": 17660,
  "total_uplink_bytes": 8830000,
  "final_metrics": {
    "accuracy": 0.7573069528607238,
    "f1_macro": 0.5483803432618186,
    "f1_weighted": 0.690053129277119,
    "per_class_precision": [
      0.5506785531769917,
      0.9542127659574469,
      0.0,
      0.09090909090909091,
      0.9429352952273156,
      0.9786223277909739,
      0.9886296223057148,
      0.868421052631579,
      0.6462642192347466,
      0.35203890759446316,
      0.9645030425963489,
      0.0,
      0.9769014084507043,
      0.0,
      0.977230528681716
    ],
    "per_class_recall": [
      0.9698,
      1.0,
      0.0,
      0.005405405405405406,
      0.9997,
      0.976303317535545,
      0.9999,
      0.011904761904761904,
      0.9999,
      1.0,
      1.0,
      0.0,
      0.1734,
      0.0,
      1.0
    ],
    "per_class_f1": [
      0.7024736518054399,
      0.9765699851929275,
      0.0,
      0.01020408163265306,
      0.9704883021065915,
      0.9774614472123369,
      0.9942328726260317,
      0.023487544483985764,
      0.7850973618090452,
      0.5207526286662977,
      0.9819308208569953,
      0.0,
      0.2945222929936306,
      0.0,
      0.9884841595413434
    ]
  },
  "best_accuracy": 0.782689640067168,
  "rounds": 50
}