{
  "run_id": "e1_cseciic_multiclass_kan_h8__dir0.1__seed37",
  "seed": 37,
  "device": "cuda",
  "model_name": "kan",
  "model_hidden": [
    8
  ],
  "model_grid_size": 5,
  "model_spline_order": 3,
  "data_mode": "multiclass",
  "data_partition": "dirichlet",
  "data_alpha": 0.1,
  "n_params": 4320,
  "bytes_per_round_uplink": 19536,
  "total_uplink_bytes": 9768000,
  "final_metrics": {
    "accuracy": 0.8514638241950793,
    "f1_macro": 0.7087844610530297,
    "f1_weighted": 0.8249116494245612,
    "per_class_precision": [
      0.5495900258339885,
      0.9833362567970532,
      0.5037037037037037,
      0.5,
      0.9436633009342267,
      1.0,
      0.9883376161296699,
      0.9996095275283092,
      0.755992438563327,
      0.9996458923512748,
      1.0,
      0.9998072103335262,
      0.9708636836628513,
      0.0,
      0.9979039824333766
    ],
    "per_class_recall": [
      0.9786,
      1.0,
      0.1588785046728972,
      0.016216216216216217,
      1.0,
      0.9052132701421801,
      1.0,
      0.46176046176046176,
      0.9998,
      1.0,
      0.8932702418506835,
      1.0,
      0.1866,
      0.0,
      0.9998
    ],
    "per_class_f1": [
      0.7038768611091132,
      0.9915981250552754,
      0.24156305506216696,
      0.031413612565445025,
      0.9710151963878235,
      0.9502487562189055,
      0.9941346058256287,
      0.6317088217149908,
      0.8609687836383207,
      0.9998229148220295,
      0.9436267703415718,
      0.9999035958739034,
      0.31303472571716157,
      0.0,
      0.99885109146311
    ]
  },
  "best_accuracy": 0.8642525127156798,
  "rounds": 50
}