{
  "run_id": "e1_botiot_binary_mlp_h32__dir0.1__seed31",
  "seed": 31,
  "device": "cuda",
  "model_name": "mlp",
  "model_hidden": [
    32
  ],
  "model_grid_size": 5,
  "model_spline_order": 3,
  "data_mode": "binary",
  "data_partition": "dirichlet",
  "data_alpha": 0.1,
  "n_params": 1346,
  "bytes_per_round_uplink": 5384,
  "total_uplink_bytes": 2692000,
  "final_metrics": {
    "accuracy": 0.969684121263515,
    "f1_macro": 0.96967680434988,
    "f1_weighted": 0.9696757785294821,
    "per_class_precision": [
      0.953517869133776,
      0.9869622423348351
    ],
    "per_class_recall": [
      0.9873681770772975,
      0.952076923076923
    ],
    "per_class_f1": [
      0.9701478374736683,
      0.9692057712260919
    ]
  },
  "best_accuracy": 0.9701273922177038,
  "rounds": 50
}