{
  "run_id": "e1_cseciic_binary_kan_h16__dir0.1__seed23",
  "seed": 23,
  "device": "cuda",
  "model_name": "kan",
  "model_hidden": [
    16
  ],
  "model_grid_size": 5,
  "model_spline_order": 3,
  "data_mode": "binary",
  "data_partition": "dirichlet",
  "data_alpha": 0.1,
  "n_params": 6560,
  "bytes_per_round_uplink": 28880,
  "total_uplink_bytes": 14440000,
  "final_metrics": {
    "accuracy": 0.9746153846153847,
    "f1_macro": 0.9746068018646705,
    "f1_weighted": 0.9746068018646704,
    "per_class_precision": [
      0.9577830538655587,
      0.9927327902890912
    ],
    "per_class_recall": [
      0.993,
      0.9562307692307692
    ],
    "per_class_f1": [
      0.9750736460457738,
      0.9741399576835671
    ]
  },
  "best_accuracy": 0.9768076923076923,
  "rounds": 50
}