{
  "run_id": "e1_cseciic_binary_mlp_h32__dir0.1__seed29",
  "seed": 29,
  "device": "cuda",
  "model_name": "mlp",
  "model_hidden": [
    32
  ],
  "model_grid_size": 5,
  "model_spline_order": 3,
  "data_mode": "binary",
  "data_partition": "dirichlet",
  "data_alpha": 0.1,
  "n_params": 1346,
  "bytes_per_round_uplink": 5384,
  "total_uplink_bytes": 2692000,
  "final_metrics": {
    "accuracy": 0.9291153846153846,
    "f1_macro": 0.9290510384202575,
    "f1_weighted": 0.9290510384202574,
    "per_class_precision": [
      0.9566178276172547,
      0.9047377203801785
    ],
    "per_class_recall": [
      0.899,
      0.9592307692307692
    ],
    "per_class_f1": [
      0.9269143831542214,
      0.9311876936862935
    ]
  },
  "best_accuracy": 0.93,
  "rounds": 50
}