{
  "run_id": "e1_botiot_binary_kan_h16__dir0.1__seed11",
  "seed": 11,
  "device": "cuda",
  "model_name": "kan",
  "model_hidden": [
    16
  ],
  "model_grid_size": 5,
  "model_spline_order": 3,
  "data_mode": "binary",
  "data_partition": "dirichlet",
  "data_alpha": 0.1,
  "n_params": 6560,
  "bytes_per_round_uplink": 28880,
  "total_uplink_bytes": 14440000,
  "final_metrics": {
    "accuracy": 0.9978221905294197,
    "f1_macro": 0.9978221788809849,
    "f1_weighted": 0.9978221898499277,
    "per_class_precision": [
      0.997952086553323,
      0.9976929288268543
    ],
    "per_class_recall": [
      0.9976822343261096,
      0.9979615384615385
    ],
    "per_class_f1": [
      0.9978171421948345,
      0.9978272155671352
    ]
  },
  "best_accuracy": 0.9978221905294197,
  "rounds": 50
}