{
  "run_id": "e1_toniot_binary_mlp_h32__dir0.1__seed2026",
  "seed": 2026,
  "device": "cuda",
  "model_name": "mlp",
  "model_hidden": [
    32
  ],
  "model_grid_size": 5,
  "model_spline_order": 3,
  "data_mode": "binary",
  "data_partition": "dirichlet",
  "data_alpha": 0.1,
  "n_params": 1346,
  "bytes_per_round_uplink": 5384,
  "total_uplink_bytes": 2692000,
  "final_metrics": {
    "accuracy": 0.9076153846153846,
    "f1_macro": 0.9074194842440451,
    "f1_weighted": 0.907419484244045,
    "per_class_precision": [
      0.8732741617357002,
      0.9489156218231108
    ],
    "per_class_recall": [
      0.9536153846153846,
      0.8616153846153846
    ],
    "per_class_f1": [
      0.9116781879688189,
      0.9031607805192711
    ]
  },
  "best_accuracy": 0.9389423076923077,
  "rounds": 50
}