{
  "run_id": "e1_botiot_multiclass_mlp_h80__dir0.1__seed31",
  "seed": 31,
  "device": "cuda",
  "model_name": "mlp",
  "model_hidden": [
    80
  ],
  "model_grid_size": 5,
  "model_spline_order": 3,
  "data_mode": "multiclass",
  "data_partition": "dirichlet",
  "data_alpha": 0.1,
  "n_params": 3605,
  "bytes_per_round_uplink": 14420,
  "total_uplink_bytes": 7210000,
  "final_metrics": {
    "accuracy": 0.8974865926896177,
    "f1_macro": 0.8989548133894637,
    "f1_weighted": 0.8959144919033823,
    "per_class_precision": [
      0.9914941876949248,
      0.9901335459437911,
      0.9019109479431422,
      0.7650474321229964,
      0.8587786259541985
    ],
    "per_class_recall": [
      0.6994,
      0.9935,
      0.9581,
      0.9355,
      0.9719222462203023
    ],
    "per_class_f1": [
      0.8202181306438372,
      0.9918139163422183,
      0.9291567667167725,
      0.8417311499010257,
      0.9118541033434651
    ]
  },
  "best_accuracy": 0.90030398141512,
  "rounds": 50
}