{
  "run_id": "e1_botiot_multiclass_kan_h16__dir0.1__seed11",
  "seed": 11,
  "device": "cuda",
  "model_name": "kan",
  "model_hidden": [
    16
  ],
  "model_grid_size": 5,
  "model_spline_order": 3,
  "data_mode": "multiclass",
  "data_partition": "dirichlet",
  "data_alpha": 0.1,
  "n_params": 7040,
  "bytes_per_round_uplink": 30800,
  "total_uplink_bytes": 15400000,
  "final_metrics": {
    "accuracy": 0.8704742604354595,
    "f1_macro": 0.698639445369482,
    "f1_weighted": 0.8633065335855992,
    "per_class_precision": [
      0.9901083372585964,
      0.9616390584132519,
      0.9298160225834712,
      0.6995033726187829,
      0.0
    ],
    "per_class_recall": [
      0.6306,
      0.9927,
      0.9552,
      0.9437,
      0.0
    ],
    "per_class_f1": [
      0.7704807868531981,
      0.9769226984205088,
      0.9423370986040547,
      0.8034566429696479,
      0.0
    ]
  },
  "best_accuracy": 0.8747003435237131,
  "rounds": 50
}