{
  "run_id": "e1_toniot_multiclass_kan_h16__dir0.1__seed42",
  "seed": 42,
  "device": "cuda",
  "model_name": "kan",
  "model_hidden": [
    16
  ],
  "model_grid_size": 5,
  "model_spline_order": 3,
  "data_mode": "multiclass",
  "data_partition": "dirichlet",
  "data_alpha": 0.1,
  "n_params": 7840,
  "bytes_per_round_uplink": 34000,
  "total_uplink_bytes": 17000000,
  "final_metrics": {
    "accuracy": 0.8219993109479766,
    "f1_macro": 0.8055793881940737,
    "f1_weighted": 0.8216761766703162,
    "per_class_precision": [
      0.877571899511197,
      0.9917304747320062,
      0.8391266877334099,
      0.8753231258699543,
      0.843754512635379,
      0.3769987699876999,
      0.6648064936947383,
      0.9863247863247864,
      0.9909527532670613,
      0.7652505446623094
    ],
    "per_class_recall": [
      0.772,
      0.996001230390649,
      0.8763,
      0.8804,
      0.5843,
      0.39702072538860106,
      0.9173,
      0.8599105812220567,
      0.8872,
      0.843
    ],
    "per_class_f1": [
      0.8214076714369314,
      0.9938612645794966,
      0.8573105708555496,
      0.8778542227540134,
      0.6904579025110783,
      0.3867507886435331,
      0.7709051180771493,
      0.9187898089171974,
      0.9362106262860761,
      0.8022459078797107
    ]
  },
  "best_accuracy": 0.8319243102854266,
  "rounds": 50
}