{
  "run_id": "e1_toniot_binary_mlp_h80__dir0.1__seed17",
  "seed": 17,
  "device": "cuda",
  "model_name": "mlp",
  "model_hidden": [
    80
  ],
  "model_grid_size": 5,
  "model_spline_order": 3,
  "data_mode": "binary",
  "data_partition": "dirichlet",
  "data_alpha": 0.1,
  "n_params": 3362,
  "bytes_per_round_uplink": 13448,
  "total_uplink_bytes": 6724000,
  "final_metrics": {
    "accuracy": 0.6280576923076923,
    "f1_macro": 0.6025350746488709,
    "f1_weighted": 0.6025350746488709,
    "per_class_precision": [
      0.5849860887765781,
      0.759650627778211
    ],
    "per_class_recall": [
      0.8814615384615384,
      0.37465384615384617
    ],
    "per_class_f1": [
      0.7032542154440984,
      0.5018159338536434
    ]
  },
  "best_accuracy": 0.6280576923076923,
  "rounds": 50
}