{
  "run_id": "e1_cseciic_binary_kan_h8__dir0.1__seed2026",
  "seed": 2026,
  "device": "cuda",
  "model_name": "kan",
  "model_hidden": [
    8
  ],
  "model_grid_size": 5,
  "model_spline_order": 3,
  "data_mode": "binary",
  "data_partition": "dirichlet",
  "data_alpha": 0.1,
  "n_params": 3280,
  "bytes_per_round_uplink": 15376,
  "total_uplink_bytes": 7688000,
  "final_metrics": {
    "accuracy": 0.9670384615384615,
    "f1_macro": 0.9670051603739636,
    "f1_weighted": 0.9670051603739636,
    "per_class_precision": [
      0.9391364096629539,
      0.9987267948086085
    ],
    "per_class_recall": [
      0.9988076923076923,
      0.9352692307692307
    ],
    "per_class_f1": [
      0.9680533810482368,
      0.9659569396996902
    ]
  },
  "best_accuracy": 0.9762692307692308,
  "rounds": 50
}