{
  "run_id": "e1_cseciic_multiclass_kan_h16__dir0.1__seed42",
  "seed": 42,
  "device": "cuda",
  "model_name": "kan",
  "model_hidden": [
    16
  ],
  "model_grid_size": 5,
  "model_spline_order": 3,
  "data_mode": "multiclass",
  "data_partition": "dirichlet",
  "data_alpha": 0.1,
  "n_params": 8640,
  "bytes_per_round_uplink": 37200,
  "total_uplink_bytes": 18600000,
  "final_metrics": {
    "accuracy": 0.8606994232313645,
    "f1_macro": 0.6692512281781122,
    "f1_weighted": 0.8438235913696257,
    "per_class_precision": [
      0.598843453118546,
      0.9962679936022747,
      0.0,
      0.46875,
      0.9441087613293051,
      1.0,
      0.9938375906967498,
      0.9497427101200686,
      0.9998968753222646,
      0.0,
      0.994277539341917,
      0.6474406991260924,
      0.6725737392959087,
      0.0,
      0.9995995194233079
    ],
    "per_class_recall": [
      0.7249,
      1.0,
      0.0,
      0.16216216216216217,
      1.0,
      0.95260663507109,
      0.9999,
      0.9987373737373737,
      0.9696,
      0.0,
      0.7308096740273397,
      1.0,
      0.5655,
      0.0,
      0.9984
    ],
    "per_class_f1": [
      0.6558697127346754,
      0.9981305083236891,
      0.0,
      0.24096385542168675,
      0.9712509712509713,
      0.9757281553398058,
      0.996859578286227,
      0.9736240548619659,
      0.9845154084378331,
      0.0,
      0.8424242424242424,
      0.7859957562897848,
      0.614406779661017,
      0.0,
      0.9989993996397839
    ]
  },
  "best_accuracy": 0.9013530943515612,
  "rounds": 50
}