{
  "run_id": "e1_toniot_binary_kan_h8__dir0.1__seed17",
  "seed": 17,
  "device": "cuda",
  "model_name": "kan",
  "model_hidden": [
    8
  ],
  "model_grid_size": 5,
  "model_spline_order": 3,
  "data_mode": "binary",
  "data_partition": "dirichlet",
  "data_alpha": 0.1,
  "n_params": 3280,
  "bytes_per_round_uplink": 15376,
  "total_uplink_bytes": 7688000,
  "final_metrics": {
    "accuracy": 0.5173653846153846,
    "f1_macro": 0.4003726401715965,
    "f1_weighted": 0.40037264017159657,
    "per_class_precision": [
      0.648960739030023,
      0.5092201188507015
    ],
    "per_class_recall": [
      0.07565384615384615,
      0.959076923076923
    ],
    "per_class_f1": [
      0.13551031655816195,
      0.6652349637850311
    ]
  },
  "best_accuracy": 0.748,
  "rounds": 50
}