{
  "run_id": "e1_toniot_multiclass_mlp_h80__dir0.1__seed42",
  "seed": 42,
  "device": "cuda",
  "model_name": "mlp",
  "model_hidden": [
    80
  ],
  "model_grid_size": 5,
  "model_spline_order": 3,
  "data_mode": "multiclass",
  "data_partition": "dirichlet",
  "data_alpha": 0.1,
  "n_params": 4010,
  "bytes_per_round_uplink": 16040,
  "total_uplink_bytes": 8020000,
  "final_metrics": {
    "accuracy": 0.7025680438873135,
    "f1_macro": 0.7029073092590025,
    "f1_weighted": 0.6875509047232634,
    "per_class_precision": [
      0.5273298715496038,
      0.996001230390649,
      0.8203678964135238,
      0.8496455297361166,
      0.8378815443703255,
      0.7021276595744681,
      0.529675561953272,
      0.9449081803005008,
      0.941101152368758,
      0.7541791477437434
    ],
    "per_class_recall": [
      0.7718,
      0.996001230390649,
      0.7983,
      0.8629,
      0.4145,
      0.2778497409326425,
      0.9567,
      0.8435171385991058,
      0.294,
      0.7805
    ],
    "per_class_f1": [
      0.6265627536937814,
      0.996001230390649,
      0.8091835183214231,
      0.8562214725143877,
      0.5546263464240315,
      0.39814385150812065,
      0.6818473380372033,
      0.8913385826771654,
      0.4480341359341664,
      0.7671138630890952
    ]
  },
  "best_accuracy": 0.7943312220072616,
  "rounds": 50
}