{
  "run_id": "e1_cseciic_binary_mlp_h80__dir0.1__seed42",
  "seed": 42,
  "device": "cuda",
  "model_name": "mlp",
  "model_hidden": [
    80
  ],
  "model_grid_size": 5,
  "model_spline_order": 3,
  "data_mode": "binary",
  "data_partition": "dirichlet",
  "data_alpha": 0.1,
  "n_params": 3362,
  "bytes_per_round_uplink": 13448,
  "total_uplink_bytes": 6724000,
  "final_metrics": {
    "accuracy": 0.9314615384615385,
    "f1_macro": 0.9311510545684449,
    "f1_weighted": 0.9311510545684449,
    "per_class_precision": [
      0.8803743388037434,
      0.9984005686866891
    ],
    "per_class_recall": [
      0.9986153846153846,
      0.8643076923076923
    ],
    "per_class_f1": [
      0.9357745260578101,
      0.9265275830790798
    ]
  },
  "best_accuracy": 0.9320576923076923,
  "rounds": 50
}