{
  "run_id": "e1_toniot_binary_kan_h8_g10__dir0.1__seed17",
  "seed": 17,
  "device": "cuda",
  "model_name": "kan",
  "model_hidden": [
    8
  ],
  "model_grid_size": 10,
  "model_spline_order": 3,
  "data_mode": "binary",
  "data_partition": "dirichlet",
  "data_alpha": 0.1,
  "n_params": 4920,
  "bytes_per_round_uplink": 22876,
  "total_uplink_bytes": 11438000,
  "final_metrics": {
    "accuracy": 0.5665,
    "f1_macro": 0.4801416831847005,
    "f1_weighted": 0.4801416831847006,
    "per_class_precision": [
      0.8597586350395339,
      0.5366360130525066
    ],
    "per_class_recall": [
      0.15892307692307692,
      0.9740769230769231
    ],
    "per_class_f1": [
      0.2682594299811725,
      0.6920239363882286
    ]
  },
  "best_accuracy": 0.8405384615384616,
  "rounds": 50
}