{
  "run_id": "e1_cseciic_binary_mlp_h32__dir0.1__seed23",
  "seed": 23,
  "device": "cuda",
  "model_name": "mlp",
  "model_hidden": [
    32
  ],
  "model_grid_size": 5,
  "model_spline_order": 3,
  "data_mode": "binary",
  "data_partition": "dirichlet",
  "data_alpha": 0.1,
  "n_params": 1346,
  "bytes_per_round_uplink": 5384,
  "total_uplink_bytes": 2692000,
  "final_metrics": {
    "accuracy": 0.9753653846153846,
    "f1_macro": 0.9753560322204984,
    "f1_weighted": 0.9753560322204984,
    "per_class_precision": [
      0.9575389627216525,
      0.9946372113499019
    ],
    "per_class_recall": [
      0.9948461538461538,
      0.9558846153846153
    ],
    "per_class_f1": [
      0.9758361156697414,
      0.9748759487712554
    ]
  },
  "best_accuracy": 0.9753653846153846,
  "rounds": 50
}