cell,dataset,mode,downsample,arch,lr,seed,algo,grid_size,n_params,acc_last,acc_mean5,acc_mean10,acc_best,f1_macro,fpr,mcc,uplink_total_MB,rounds,osc10
lrsweep_botiot,nf_botiot_v2,binary,130000,mlp80,0.001,29,fedavg,5,3362,0.709098618150982,0.7056064139379806,0.7040491838032648,0.709098618150982,0.6934336569682049,0.06281144976242903,0.470541948317455,6.724,50,0.0067454275637442995
lrsweep_botiot,nf_botiot_v2,binary,130000,mlp80,0.001,11,fedavg,5,3362,0.9668317690365602,0.9657216643860697,0.96539788386301,0.9668317690365602,0.9668230738762167,0.014833700312898324,0.9342990018447607,6.724,50,0.0023898086225836446
lrsweep_botiot,nf_botiot_v2,binary,130000,mlp32,0.03,11,fedavg,5,1346,0.8915142521248097,0.9153468113400274,0.9135775820533081,0.9905178561103938,0.8902292186253291,0.21497276625333184,0.8011616673344262,2.692,50,0.03251296085724742
lrsweep_botiot,nf_botiot_v2,binary,130000,mlp80,0.01,2024,fedavg,5,3362,0.8471871567059186,0.8401295122092239,0.8336673926031569,0.8471871567059186,0.8434945854279201,0.30490207440027817,0.7284260406210264,6.724,50,0.03646385414458342
lrsweep_botiot,nf_botiot_v2,binary,130000,mlp32,0.03,29,fedavg,5,1346,0.8024167903328386,0.7972709927342109,0.7883284830497042,0.865669628230578,0.8003973840662155,0.09502839262950513,0.6181937884489923,2.692,50,0.051245976834274454
lrsweep_botiot,nf_botiot_v2,binary,130000,mlp32,0.03,42,fedavg,5,1346,0.998323279434155,0.9981344074623703,0.9982481160984447,0.9986123691868869,0.9983232758368962,0.0009657356974542841,0.9966475669626044,2.692,50,0.0006552701061922628
lrsweep_botiot,nf_botiot_v2,binary,130000,mlp32,0.0003,37,fedavg,5,1346,0.9723244743384662,0.9722358201476287,0.9721163297164992,0.9723244743384662,0.9723086337677871,0.0015838065438250615,0.9459438699650099,2.692,50,0.0004239983040067452
lrsweep_botiot,nf_botiot_v2,binary,130000,mlp80,0.001,2026,fedavg,5,3362,0.5303255150615761,0.5314240561219573,0.5351995682926359,0.5477287181760364,0.4075168606284137,0.012245528643720749,0.15331803116146517,6.724,50,0.012295950816196832
lrsweep_botiot,nf_botiot_v2,binary,130000,kan16,0.01,31,fedavg,5,6560,0.9721702931370093,0.97284869042342,0.9719332395397691,0.9736157419006688,0.9721570642559367,0.0038629427898172475,0.9454334301174593,14.44,50,0.008711237882321199
lrsweep_botiot,nf_botiot_v2,binary,130000,kan8,0.1,2024,fedavg,5,3280,0.9638830535586949,0.8972806290593021,0.8928980284078865,0.964210688611791,0.9638623146706855,0.010005021825626792,0.9290435962784548,7.688,50,0.12091660724266196
lrsweep_botiot,nf_botiot_v2,binary,130000,mlp80,0.001,42,fedavg,5,3362,0.9744059205581359,0.9744290477383544,0.9744059205581358,0.9744637385086823,0.9743927888599412,0.0007725885579634717,0.9499883587818627,6.724,50,0.00011563590109275879
lrsweep_botiot,nf_botiot_v2,binary,130000,mlp32,0.03,17,fedavg,5,1346,0.9989014589396188,0.9989284406498738,0.9988108774837627,0.9990170948407116,0.9989014526656115,0.0013134005485379019,0.9978029951207873,2.692,50,0.0009058145585599808
lrsweep_botiot,nf_botiot_v2,binary,130000,mlp80,0.1,23,fedavg,5,3362,0.9737891957523079,0.9737814866922351,0.9735290149748492,0.9744059205581359,0.973775051773059,0.0008112179858615898,0.9488088710574621,6.724,50,0.0025054445236765144
lrsweep_botiot,nf_botiot_v2,binary,130000,kan8,0.003,23,fedavg,5,3280,0.9646732322161621,0.9644843602443773,0.9644612330641585,0.9648659587179833,0.9646372987327587,0.0012747711206396728,0.9315191144324337,7.688,50,0.0008672692581956909
lrsweep_botiot,nf_botiot_v2,binary,130000,mlp80,0.001,17,fedavg,5,3362,0.9746179197101393,0.9746063561200302,0.9746121379150846,0.9748684641625069,0.9746058756474842,0.0014292888322323671,0.9503320675119312,6.724,50,0.00040472565382465575
lrsweep_botiot,nf_botiot_v2,binary,130000,mlp80,0.001,43,fedavg,5,3362,0.9697997571646078,0.9694875402316573,0.9692080868040165,0.9697997571646078,0.9697909886926186,0.011009386950979305,0.9402987643861763,6.724,50,0.0010985410603813195
lrsweep_botiot,nf_botiot_v2,binary,130000,mlp32,0.0003,31,fedavg,5,1346,0.8130167479330083,0.7687975793551372,0.7636305818413089,0.8130167479330083,0.8088962661651137,0.332367597635879,0.6537936335480539,2.692,50,0.06942008595601978
lrsweep_botiot,nf_botiot_v2,binary,130000,kan16,0.01,37,fedavg,5,6560,0.9260122959508162,0.95448570932989,0.9693661225355099,0.9976872819781448,0.9256014096759658,0.14644416116197323,0.8609911742065384,14.44,50,0.07788077938597338
lrsweep_botiot,nf_botiot_v2,binary,130000,mlp32,0.03,43,fedavg,5,1346,0.9110952647098502,0.905718195309037,0.9097847244974657,0.9213675872569237,0.9103854100192399,0.17611156178776988,0.8348146865553054,2.692,50,0.03424749937363891
lrsweep_botiot,nf_botiot_v2,binary,130000,mlp80,0.0003,23,fedavg,5,3362,0.9227937633704011,0.922720527299709,0.9225509279781061,0.922947944571858,0.9227323349542274,0.10344960791130686,0.8467166950647789,6.724,50,0.0007516333571029321
lrsweep_botiot,nf_botiot_v2,binary,130000,kan16,0.03,11,fedavg,5,6560,0.9741939214061326,0.9749648274134175,0.9520592826719604,0.9944302040973654,0.9741835497984267,0.003592536794530088,0.9493304216924885,14.44,50,0.09936978433904442
lrsweep_botiot,nf_botiot_v2,binary,130000,kan8,0.1,37,fedavg,5,3280,0.9695684853624222,0.9615549174166939,0.9453716730587625,0.9736928325013973,0.9695586638490394,0.01031405724881218,0.9399046849808091,7.688,50,0.15023030816967642
lrsweep_botiot,nf_botiot_v2,binary,130000,kan16,0.0003,23,fedavg,5,6560,0.9379806117139168,0.9375797405901285,0.9342629174937847,0.9379806117139168,0.9379806115065912,0.06003013095376053,0.8759696543038007,14.44,50,0.007342879719390183
lrsweep_botiot,nf_botiot_v2,binary,130000,kan16,0.03,29,fedavg,5,6560,0.8902037119124251,0.9046235087786922,0.90545608726656,0.9571761712953148,0.8888202551353055,0.21964692702901067,0.7996873072231993,14.44,50,0.06949717655674836
lrsweep_botiot,nf_botiot_v2,binary,130000,kan8,0.001,2026,fedavg,5,3280,0.5770424191030509,0.5603985584057665,0.5395378418486325,0.5770424191030509,0.49033991673785093,0.008343956426005383,0.2773406486799204,7.688,50,0.07071135351822233
lrsweep_botiot,nf_botiot_v2,binary,130000,kan16,0.0003,2026,fedavg,5,6560,0.49891109526470984,0.49891109526470984,0.49891109526470984,0.49891109526470984,0.3328490240954561,0.0,,14.44,50,0.0
lrsweep_botiot,nf_botiot_v2,binary,130000,mlp80,0.003,31,fedavg,5,3362,0.9474049376529766,0.9475321371441787,0.9476747547555264,0.9528976429548828,0.947403974840409,0.05481515818750726,0.8948163118403155,6.724,50,0.008267966928132364
lrsweep_botiot,nf_botiot_v2,binary,130000,mlp32,0.003,23,fedavg,5,1346,0.968624125503498,0.9676990382947558,0.9661090446547302,0.968624125503498,0.9685997050532507,0.0013134005485379019,0.9389547660357802,2.692,50,0.007940331875036066
lrsweep_botiot,nf_botiot_v2,binary,130000,mlp32,0.03,2024,fedavg,5,1346,0.8587122015148303,0.8520284464316689,0.8525488079865863,0.8587122015148303,0.8558046093524876,0.28172441766137446,0.7470949958648732,2.692,50,0.025439898240407044
lrsweep_botiot,nf_botiot_v2,binary,130000,mlp32,0.1,31,fedavg,5,1346,0.9946614758995509,0.9523502996897102,0.9454237092142541,0.9946614758995509,0.9946613933772872,0.007107814733263829,0.9893289058277313,2.692,50,0.0752596989612041
lrsweep_botiot,nf_botiot_v2,binary,130000,mlp80,0.01,23,fedavg,5,3362,0.9734808333493938,0.9715227320908898,0.9695453581822037,0.9734808333493938,0.9734656546409992,0.0004249237068798539,0.9482594912617054,6.724,50,0.007092335267022576
lrsweep_botiot,nf_botiot_v2,binary,130000,kan16,0.03,42,fedavg,5,6560,0.9738277410526721,0.9835334476843911,0.981648582496579,0.9972247383737738,0.9738133350256308,0.0005408119905744302,0.9489085562685787,14.44,50,0.023396997321101676
lrsweep_botiot,nf_botiot_v2,binary,130000,kan8,0.03,2026,fedavg,5,3280,0.9058338312101297,0.906207720623663,0.9052980515350665,0.9439744059205581,0.9050302103117311,0.0,0.8265222096090553,7.688,50,0.06756991153853564
lrsweep_botiot,nf_botiot_v2,binary,130000,mlp32,0.01,31,fedavg,5,1346,0.969684121263515,0.969938520245919,0.9652995933470813,0.9700695742671575,0.96967680434988,0.012631822922702485,0.9399624633524906,2.692,50,0.015996299651165002
lrsweep_botiot,nf_botiot_v2,binary,130000,kan16,0.1,2024,fedavg,5,6560,0.8418100873051053,0.8640584346753523,0.8555225779096883,0.9266868387071906,0.8376980062734238,0.31587283192335924,0.7198596844980965,14.44,50,0.08907818914178889
lrsweep_botiot,nf_botiot_v2,binary,130000,kan16,0.001,2024,fedavg,5,6560,0.6816543642916337,0.7534835315204194,0.7739954131092567,0.9020371191242508,0.6548042992293575,0.5963611078919921,0.43550780180376236,14.44,50,0.15327538689845244
lrsweep_botiot,nf_botiot_v2,binary,130000,mlp32,0.1,2024,fedavg,5,1346,0.9081080039316206,0.8934260990228766,0.876581802763698,0.913195983579702,0.9072970484352068,0.18364430022791367,0.8301261585128054,2.692,50,0.05988012411586707
lrsweep_botiot,nf_botiot_v2,binary,130000,kan16,0.03,17,fedavg,5,6560,0.9986701871374333,0.9982230616532078,0.9979860080559677,0.9986701871374333,0.9986701838161784,0.0007339591300652426,0.9973410805849735,14.44,50,0.0018887197178484305
lrsweep_botiot,nf_botiot_v2,binary,130000,kan8,0.1,31,fedavg,5,3280,0.9560198122843873,0.9467034131863471,0.9359916742151213,0.9662921348314607,0.9560071869653812,0.024915980994321463,0.9127138935480702,7.688,50,0.07204116638078906
lrsweep_botiot,nf_botiot_v2,binary,130000,kan16,0.003,23,fedavg,5,6560,0.9641335980110625,0.9634089463642145,0.9629367664347525,0.9641335980110625,0.9640966726951697,0.0016224359717232906,0.9304621506177555,14.44,50,0.0021007188698517476
lrsweep_botiot,nf_botiot_v2,binary,130000,mlp32,0.003,2026,fedavg,5,1346,0.6089193825042881,0.6148245225200918,0.6124462774876174,0.6226800547343265,0.5551247957228338,0.04125622899524861,0.30617946677040586,2.692,50,0.017962109969742013
lrsweep_botiot,nf_botiot_v2,binary,130000,kan8,0.01,23,fedavg,5,3280,0.9663692254321892,0.9690982326979782,0.9688553973056834,0.9726713820417445,0.966337615613799,0.0008112179858615898,0.9347632898932171,7.688,50,0.009732688341973827
lrsweep_botiot,nf_botiot_v2,binary,130000,mlp32,0.1,37,fedavg,5,1346,0.9851986046601268,0.9820610172104767,0.9841443906951645,0.9934858442384412,0.9851948436292831,0.028624406072546016,0.9707630515470265,2.692,50,0.01430030643513791
lrsweep_botiot,nf_botiot_v2,binary,130000,mlp32,0.01,37,fedavg,5,1346,0.9954901998573824,0.995197255574614,0.9950160926629019,0.9954901998573824,0.9954901508753151,0.005639896473133232,0.9909827895524593,2.692,50,0.0009829051592884497
lrsweep_botiot,nf_botiot_v2,binary,130000,kan16,0.03,43,fedavg,5,6560,0.864744541021836,0.8281033784955769,0.8467149767764566,0.99238730317806,0.8623261167762339,0.266195387646309,0.755493843068577,14.44,50,0.1477634089463642
lrsweep_botiot,nf_botiot_v2,binary,130000,kan16,0.01,2024,fedavg,5,6560,0.959643070518627,0.9520727735270876,0.9435947347119702,0.959643070518627,0.9596410514324797,0.031173948313825472,0.9194463825577643,14.44,50,0.04288164665523153
lrsweep_botiot,nf_botiot_v2,binary,130000,mlp80,0.003,37,fedavg,5,3362,0.996184015263939,0.9961608880837204,0.9961493244936112,0.9965887409177636,0.9961839924027112,0.004094719357206289,0.9923681298540851,6.724,50,0.0006745427563744633
lrsweep_botiot,nf_botiot_v2,binary,130000,mlp32,0.1,23,fedavg,5,1346,0.9719582939850059,0.9728563994834929,0.9733883246285195,0.9748684641625069,0.9719398575889173,0.0002317765673890415,0.9453862683613697,2.692,50,0.002910170177501059
lrsweep_botiot,nf_botiot_v2,binary,130000,mlp80,0.0003,2024,fedavg,5,3362,0.7943608225567098,0.7944379131574383,0.7945670399136586,0.7971553568331181,0.7880359484999074,0.030787654034843737,0.6286977685519602,6.724,50,0.00040472565382465575
lrsweep_botiot,nf_botiot_v2,binary,130000,mlp80,0.01,31,fedavg,5,3362,0.9735964692504866,0.9728486904234203,0.972540328020506,0.9742902846570431,0.9735865994343842,0.00490593734306799,0.9480750551263065,6.724,50,0.0027945342764083003
lrsweep_botiot,nf_botiot_v2,binary,130000,mlp32,0.01,23,fedavg,5,1346,0.9665234066336462,0.9664655886830997,0.9676238749590456,0.9722088384373735,0.9664911444153792,0.0002704059952871596,0.93512017450883,2.692,50,0.005820340355002229
lrsweep_botiot,nf_botiot_v2,binary,130000,mlp32,0.003,31,fedavg,5,1346,0.933605720122574,0.9340644091969088,0.9342378630485477,0.9486962052151792,0.9335888901383045,0.08031058060030127,0.8675305911981611,2.692,50,0.0015418120145701542
lrsweep_botiot,nf_botiot_v2,binary,130000,mlp80,0.003,23,fedavg,5,3362,0.9670052228881993,0.9669281322874708,0.9678493649661764,0.9722666563879199,0.9669743278742475,0.0002317765673890415,0.9360307140849956,6.724,50,0.005627613853180891
lrsweep_botiot,nf_botiot_v2,binary,130000,mlp80,0.03,2024,fedavg,5,3362,0.8663827162873167,0.8644708693892497,0.860413976525912,0.8663827162873167,0.8639201522252222,0.2665430524973925,0.7597394638783018,6.724,50,0.031106057393952224
lrsweep_botiot,nf_botiot_v2,binary,130000,kan8,0.001,17,fedavg,5,3280,0.9742131940563147,0.974217048586351,0.974143812515659,0.974251739356679,0.9742003215224562,0.0012747711206396728,0.94957344506734,7.688,50,0.00023127180218551757
lrsweep_botiot,nf_botiot_v2,binary,130000,kan8,0.001,43,fedavg,5,3280,0.8729932352997861,0.8737140324165976,0.8743114845722435,0.9245668471871568,0.8709638909362885,0.25078224591493803,0.7696150720592924,7.688,50,0.007824695973943308
lrsweep_botiot,nf_botiot_v2,binary,130000,mlp80,0.003,2026,fedavg,5,3362,0.5934048991076762,0.5923063580472951,0.5969260122959507,0.6162815348738605,0.5235313237591879,0.0215165913392823,0.29433796795650946,6.724,50,0.03068205908994548
lrsweep_botiot,nf_botiot_v2,binary,130000,kan8,0.01,37,fedavg,5,3280,0.9967621947694028,0.9406980553895966,0.9395821689440516,0.9967621947694028,0.9967621391766762,0.0052149727662533785,0.993531982442818,7.688,50,0.08150403762021319
lrsweep_botiot,nf_botiot_v2,binary,130000,kan16,0.0003,31,fedavg,5,6560,0.8833041031472237,0.8668028600612869,0.8600227417272149,0.8833041031472237,0.8828167989999159,0.17939506315911458,0.7725693165922731,14.44,50,0.032802050609979316
lrsweep_botiot,nf_botiot_v2,binary,130000,kan16,0.003,37,fedavg,5,6560,0.9959141981613892,0.9607261934588625,0.9631738200319925,0.9966080135679457,0.9959141891634598,0.0033993896550391645,0.9918293371575786,14.44,50,0.07055717231676528
lrsweep_botiot,nf_botiot_v2,binary,130000,kan8,0.001,29,fedavg,5,3280,0.7204694817584366,0.7194249041185654,0.7166689151425212,0.7204694817584366,0.696580988472616,0.5591609688260517,0.5303194738445172,7.688,50,0.010985410603812196
lrsweep_botiot,nf_botiot_v2,binary,130000,mlp32,0.003,37,fedavg,5,1346,0.9958563802108428,0.9959527434617534,0.9958583074758609,0.9960298340624819,0.9958563722322077,0.0033607602271410464,0.9917139880601765,2.692,50,0.0004818162545531246
lrsweep_botiot,nf_botiot_v2,binary,130000,kan8,0.001,11,fedavg,5,3280,0.9215410411085628,0.9172393855879122,0.9193208318075821,0.958428893557153,0.9210860223983388,0.15254761076988455,0.8523617476132179,7.688,50,0.03812130206024633
lrsweep_botiot,nf_botiot_v2,binary,130000,mlp80,0.01,37,fedavg,5,3362,0.9931774818355272,0.993755661340991,0.9934704261182954,0.9955287451577466,0.9931770411510642,0.012709081778498832,0.9864222780872294,6.724,50,0.0032570778807793355
lrsweep_botiot,nf_botiot_v2,binary,130000,kan8,0.1,23,fedavg,5,3280,0.9561161755352978,0.8972767745292656,0.8683716537861121,0.9722859290381021,0.9560968720321188,0.020782632209216945,0.9132196490716539,7.688,50,0.45832289398115134
lrsweep_botiot,nf_botiot_v2,binary,130000,kan8,0.01,31,fedavg,5,3280,0.9717077495326383,0.9723013471582478,0.9722146202324282,0.9727677452926552,0.971691971070016,0.0025109128133812275,0.9446784970005266,7.688,50,0.002370535972401555
lrsweep_botiot,nf_botiot_v2,binary,130000,kan16,0.0003,37,fedavg,5,6560,0.9702815734191609,0.9703471004297801,0.9703432458997436,0.9705321178715285,0.9702717542318349,0.009386950979256015,0.9413481395405514,14.44,50,9.636325091066933e-05
lrsweep_botiot,nf_botiot_v2,binary,130000,kan16,0.003,31,fedavg,5,6560,0.9674870391427525,0.9672943126409314,0.9673039489660225,0.9681615818991269,0.967477079491948,0.012863599490091526,0.9357041136291857,14.44,50,0.002081446219669658
lrsweep_botiot,nf_botiot_v2,binary,130000,mlp80,0.1,2024,fedavg,5,3362,0.9131188929789735,0.9265249484456607,0.9189931967544857,0.9746371923603214,0.9124339494691753,0.1735233901185923,0.8387589238791152,6.724,50,0.06926590475456273
lrsweep_botiot,nf_botiot_v2,binary,130000,kan8,0.0003,2024,fedavg,5,3280,0.4966947404937653,0.4966947404937653,0.49723437469886483,0.7455624722955654,0.33189504394027064,0.004481013636188025,-0.0468304199098539,7.688,50,0.005338524100449105
lrsweep_botiot,nf_botiot_v2,binary,130000,kan8,0.001,42,fedavg,5,3280,0.9750997359646925,0.9750457725441827,0.9747297010811955,0.9750997359646925,0.9750879832120114,0.0010043651253525132,0.9512914245060611,7.688,50,0.0011563590109275879
lrsweep_botiot,nf_botiot_v2,binary,130000,kan16,0.1,43,fedavg,5,6560,0.508528147705591,0.8625898587314742,0.9034748588278376,0.9714764777304528,0.35056338505569584,0.9846254876965272,0.08421573611375043,14.44,50,0.4629483300248618
lrsweep_botiot,nf_botiot_v2,binary,130000,mlp32,0.001,42,fedavg,5,1346,0.974116830805404,0.9741168308054039,0.9741534488407501,0.9744830111588645,0.9741041101526658,0.0015451771159269434,0.9493643430720875,2.692,50,0.00042399830400685623
lrsweep_botiot,nf_botiot_v2,binary,130000,kan8,0.03,17,fedavg,5,3280,0.9977065546283269,0.9978992811301483,0.9978009906142192,0.9988050956887081,0.9977065535243081,0.0008112179858615898,0.995417501437852,7.688,50,0.0012527222618381462
lrsweep_botiot,nf_botiot_v2,binary,130000,kan8,0.0003,29,fedavg,5,3280,0.49891109526470984,0.49891109526470984,0.49891109526470984,0.49891109526470984,0.3328490240954561,0.0,,7.688,50,0.0
lrsweep_botiot,nf_botiot_v2,binary,130000,kan16,0.001,17,fedavg,5,6560,0.9743095573072253,0.9742054849962418,0.9741862123460597,0.9743095573072253,0.9742966219316732,0.0010816239811488604,0.9497754167481366,14.44,50,0.00028908975273189697
lrsweep_botiot,nf_botiot_v2,binary,130000,kan8,0.003,2026,fedavg,5,3280,0.950353653130842,0.9445757126062404,0.9335267022568272,0.950353653130842,0.9502433517553033,0.00038629427898173585,0.9051298360965037,7.688,50,0.03947038757299515
lrsweep_botiot,nf_botiot_v2,binary,130000,mlp80,0.0003,37,fedavg,5,3362,0.9726713820417445,0.9726174186212347,0.972594291441016,0.9726713820417445,0.9726566348633807,0.0019314713949086793,0.9465705906954789,6.724,50,0.00013490855127484824
lrsweep_botiot,nf_botiot_v2,binary,130000,mlp80,0.03,42,fedavg,5,3362,0.9984581879854298,0.9981922254129165,0.9983367702892825,0.9988436409890724,0.9984581861247805,0.000463553134778083,0.9969186983066106,6.724,50,0.0011370863607454984
lrsweep_botiot,nf_botiot_v2,binary,130000,kan16,0.01,23,fedavg,5,6560,0.9728641085435659,0.970482008981055,0.9712201514830305,0.9749070094628712,0.9728477650360272,0.0004249237068798539,0.9470864772431923,14.44,50,0.008788328483049668
lrsweep_botiot,nf_botiot_v2,binary,130000,kan8,0.0003,11,fedavg,5,3280,0.9312159114999904,0.9310231849981692,0.9319309268217472,0.9329311773661996,0.9312122220523522,0.07409124270869549,0.8624737660767702,7.688,50,0.0020621735694874577
lrsweep_botiot,nf_botiot_v2,binary,130000,mlp80,0.03,29,fedavg,5,3362,0.9273806541137471,0.9250910632721105,0.9246805558232314,0.9440707691714688,0.9273475845720226,0.09197666782554947,0.8553766722594847,6.724,50,0.01046504904889467
lrsweep_botiot,nf_botiot_v2,binary,130000,mlp32,0.0003,2026,fedavg,5,1346,0.49891109526470984,0.49891109526470984,0.49891109526470984,0.49891109526470984,0.3328490240954561,0.0,,2.692,50,0.0
lrsweep_botiot,nf_botiot_v2,binary,130000,mlp80,0.1,37,fedavg,5,3362,0.9861815098194152,0.9853682039817295,0.9843178445468037,0.992849846782431,0.9861784183563431,0.02665430524973922,0.9726790617908152,6.724,50,0.014242488484591531
lrsweep_botiot,nf_botiot_v2,binary,130000,kan8,0.0003,42,fedavg,5,3280,0.9717655674831847,0.9717578584231118,0.9716923314124924,0.9717848401333667,0.9717505081010333,0.0029744659481593105,0.944743833773049,7.688,50,0.00017345385163913818
lrsweep_botiot,nf_botiot_v2,binary,130000,kan16,0.001,43,fedavg,5,6560,0.8993004027983889,0.8943935860620194,0.8868444889856804,0.9019407558733401,0.8982827202429648,0.1989801831034882,0.8142717078037133,14.44,50,0.026403530749513404
lrsweep_botiot,nf_botiot_v2,binary,130000,mlp32,0.01,2024,fedavg,5,1346,0.8096440341511362,0.7816177462562878,0.7721895657871916,0.8895098965058685,0.8024222542618775,0.380190829373817,0.6686737585118285,2.692,50,0.07452733825428337
lrsweep_botiot,nf_botiot_v2,binary,130000,kan8,0.03,43,fedavg,5,3280,0.8799699346657159,0.8770597644882148,0.8819954901998575,0.9924836664289707,0.8781652523819552,0.2400818943871441,0.7825270348993117,7.688,50,0.30878640121803147
lrsweep_botiot,nf_botiot_v2,binary,130000,mlp80,0.03,11,fedavg,5,3362,0.9196523213907144,0.9193979224083103,0.9199587565286101,0.924451211286064,0.9191080803889304,0.1605439023448063,0.850166159919429,6.724,50,0.010175959296162884
lrsweep_botiot,nf_botiot_v2,binary,130000,kan8,0.01,2026,fedavg,5,3280,0.9650201399194404,0.9653400659124636,0.9651781756509337,0.9667546784358317,0.9649924985827989,0.004712790203577066,0.931758624574177,7.688,50,0.0017923564669377612
lrsweep_botiot,nf_botiot_v2,binary,130000,mlp32,0.001,29,fedavg,5,1346,0.5669050051072523,0.5671709676797657,0.5669686048528534,0.5681577273690905,0.4797723762863772,0.02170973847877311,0.2373170051387217,2.692,50,0.004394164241524834
lrsweep_botiot,nf_botiot_v2,binary,130000,kan8,0.003,37,fedavg,5,3280,0.9953745639562896,0.9636826179968008,0.967091949814019,0.9953745639562896,0.9953745618516785,0.003128983659752005,0.9907536224340056,7.688,50,0.058877946306396645
lrsweep_botiot,nf_botiot_v2,binary,130000,kan16,0.003,2024,fedavg,5,6560,0.7954979089174552,0.7948580569314087,0.7939291151926302,0.7960568157727369,0.7864540441143424,0.4090083825858539,0.6467966856917041,14.44,50,0.003989438587700178
lrsweep_botiot,nf_botiot_v2,binary,130000,kan16,0.1,17,fedavg,5,6560,0.9618594252895716,0.9627151309576579,0.9639177443290228,0.9945843852988224,0.9618490419787502,0.019507861088577272,0.9243695912629272,14.44,50,0.0054156147011775735
lrsweep_botiot,nf_botiot_v2,binary,130000,mlp32,0.001,11,fedavg,5,1346,0.9573303524967718,0.9566635188004702,0.9556112321005262,0.9573303524967718,0.9573277527057549,0.032757754857650534,0.9148463711947069,2.692,50,0.004567618093163972
lrsweep_botiot,nf_botiot_v2,binary,130000,mlp80,0.03,43,fedavg,5,3362,0.9191126871856149,0.8875248135371094,0.8860388922080675,0.9207315898009135,0.9185797201648143,0.15996446092633365,0.8487642168184731,6.724,50,0.07907568369726525
lrsweep_botiot,nf_botiot_v2,binary,130000,kan8,0.03,11,fedavg,5,3280,0.9739433769537649,0.962352805134234,0.955185306531501,0.974560101759593,0.9739349493377825,0.005910302468420392,0.9486623271597002,7.688,50,0.07292770828916684
lrsweep_botiot,nf_botiot_v2,binary,130000,kan16,0.001,11,fedavg,5,6560,0.9199028658430821,0.9201457012353769,0.9169329504500165,0.9318711816061827,0.9194111535978862,0.15637192413180356,0.8496135393563452,14.44,50,0.008402875479407212
lrsweep_botiot,nf_botiot_v2,binary,130000,mlp80,0.0003,31,fedavg,5,3362,0.9095149073949159,0.9090523637905449,0.896490450401835,0.9095149073949159,0.9093701062979602,0.12855873604511914,0.8213496873723535,6.724,50,0.03945111492281306
lrsweep_botiot,nf_botiot_v2,binary,130000,kan16,0.001,29,fedavg,5,6560,0.8106654846107888,0.8099485420240138,0.8068475726097096,0.8409042727465453,0.8039849273375029,0.37258083207787696,0.6670948674782143,14.44,50,0.010175959296162773
lrsweep_botiot,nf_botiot_v2,binary,130000,mlp32,0.0003,23,fedavg,5,1346,0.8916298880259025,0.8914140343438625,0.8912251623720776,0.9403896929866826,0.8912098753302902,0.16869471163132077,0.7888976735597677,2.692,50,0.0007709060072851326
lrsweep_botiot,nf_botiot_v2,binary,130000,kan8,0.0003,17,fedavg,5,3280,0.971977566635188,0.9719737121051516,0.9718985487694412,0.9719968392853702,0.971963189007797,0.003206242515548352,0.945126158423571,7.688,50,0.00028908975273189697
lrsweep_botiot,nf_botiot_v2,binary,130000,kan8,0.03,29,fedavg,5,3280,0.8534700406652919,0.8450401834756297,0.845678108196658,0.8862720912752713,0.8501844420592934,0.29308146946343727,0.7389604924375195,7.688,50,0.05650741033399509
lrsweep_botiot,nf_botiot_v2,binary,130000,mlp32,0.001,43,fedavg,5,1346,0.968180854549309,0.9673135852911134,0.9667681692909593,0.968180854549309,0.9681732508682005,0.014215629466527546,0.9369491271902569,2.692,50,0.0027559889760440104
lrsweep_botiot,nf_botiot_v2,binary,130000,mlp32,0.001,2026,fedavg,5,1346,0.49866055081234223,0.49866055081234223,0.49866055081234223,0.49891109526470984,0.33273749051581125,0.0005021825626762011,-0.01586509289733402,2.692,50,0.0
lrsweep_botiot,nf_botiot_v2,binary,130000,kan16,0.1,42,fedavg,5,6560,0.9164723341106635,0.9370362518549925,0.9494574748973733,0.9732881068475726,0.9159389890264842,0.1613551203306679,0.8430771985122099,14.44,50,0.12004933798446626
lrsweep_botiot,nf_botiot_v2,binary,130000,kan8,0.003,31,fedavg,5,3280,0.969086669107869,0.9683196176306204,0.9670707498988185,0.969086669107869,0.9690754339527106,0.009695986402441403,0.9390261347132377,7.688,50,0.011274500356543982
lrsweep_botiot,nf_botiot_v2,binary,130000,kan16,0.1,29,fedavg,5,6560,0.6023666814423652,0.8134561643571608,0.806741573033708,0.9604910671266406,0.5473943994829029,0.7455865878626338,0.2825776361853421,14.44,50,0.3581243856842754
lrsweep_botiot,nf_botiot_v2,binary,130000,kan16,0.03,2024,fedavg,5,6560,0.9733651974483011,0.9714148052498699,0.9402432208452984,0.9733651974483011,0.9733532866798499,0.0033221307992428173,0.9477667391741929,14.44,50,0.14387033360957457
lrsweep_botiot,nf_botiot_v2,binary,130000,mlp32,0.001,17,fedavg,5,1346,0.9748491915123249,0.9743866479079537,0.9742112667912963,0.9748684641625069,0.9748367877362745,0.0007725885579634717,0.9508342415420922,2.692,50,0.0008865419083777804
lrsweep_botiot,nf_botiot_v2,binary,130000,kan16,0.1,11,fedavg,5,6560,0.9723052016882842,0.9596392159885907,0.9034208954073275,0.9723052016882842,0.9722911128986729,0.0029744659481593105,0.9457730951373373,14.44,50,0.3312390386802089
lrsweep_botiot,nf_botiot_v2,binary,130000,kan8,0.0003,43,fedavg,5,3280,0.9685470349027695,0.9683851446412396,0.9676315840191183,0.9685470349027695,0.9685367744789035,0.011241163518368347,0.9378676292162648,7.688,50,0.0025054445236765144
lrsweep_botiot,nf_botiot_v2,binary,130000,kan16,0.001,42,fedavg,5,6560,0.975022645363964,0.9750727542544375,0.9750149363038911,0.9751190086148747,0.9750108980501379,0.0011202534090469785,0.9511335651621048,14.44,50,0.0002698171025498075
lrsweep_botiot,nf_botiot_v2,binary,130000,kan8,0.03,42,fedavg,5,3280,0.9972247383737738,0.9877965579046775,0.9898009135236187,0.9972247383737738,0.9972247354781709,0.0016224359717232906,0.9944521378758101,7.688,50,0.02293445371673064
lrsweep_botiot,nf_botiot_v2,binary,130000,mlp80,0.1,31,fedavg,5,3362,0.9316977277545435,0.9560776302349335,0.9621138242719756,0.9954516545570181,0.9313871372927713,0.13369644995557617,0.8707732828444613,6.724,50,0.07142444157496097
lrsweep_botiot,nf_botiot_v2,binary,130000,mlp80,0.03,17,fedavg,5,3362,0.9991134580916222,0.9989631314202014,0.9989766222753291,0.9991134580916222,0.9991134557124758,0.00034766485108350675,0.9982274933220611,6.724,50,0.0004432709541889457
lrsweep_botiot,nf_botiot_v2,binary,130000,kan8,0.003,43,fedavg,5,3280,0.9688361246555014,0.9690288511573227,0.9659490816582188,0.9697997571646078,0.9688288621596721,0.013752076331749574,0.9382476380425466,7.688,50,0.030392969337213582
lrsweep_botiot,nf_botiot_v2,binary,130000,kan8,0.0003,31,fedavg,5,3280,0.8271050552161427,0.7617630620386608,0.6679650008672692,0.8271050552161427,0.8242511398888497,0.29879862479236685,0.6755848109424321,7.688,50,0.31441401507121247
lrsweep_botiot,nf_botiot_v2,binary,130000,mlp80,0.0003,17,fedavg,5,3362,0.9734037427486654,0.9734075972787017,0.973083816755642,0.9734230153988475,0.9733900968574689,0.001776953683315985,0.947981736411774,6.724,50,0.000828723957831401
lrsweep_botiot,nf_botiot_v2,binary,130000,kan16,0.001,37,fedavg,5,6560,0.9639986894597876,0.9638290901381849,0.964646250505907,0.9740397402046755,0.9639948329336512,0.023525321589987214,0.9282923389383584,14.44,50,0.009886869543430876
lrsweep_botiot,nf_botiot_v2,binary,130000,mlp80,0.1,43,fedavg,5,3362,0.9818258908782547,0.9541812014570124,0.9386146819049088,0.9824811609844469,0.9818190837165118,0.035423185382624456,0.9642177966696386,6.724,50,0.09940832963940871
lrsweep_botiot,nf_botiot_v2,binary,130000,kan8,0.03,37,fedavg,5,3280,0.973654287201033,0.9919440322238711,0.9934106809027309,0.997417464875595,0.9736405154498129,0.0013134005485379019,0.9485035353256259,7.688,50,0.02376317767456204
lrsweep_botiot,nf_botiot_v2,binary,130000,mlp80,0.03,31,fedavg,5,3362,0.995875652861025,0.9671439859695108,0.9647271956366721,0.996203287914121,0.9958756478837878,0.0030517248039556577,0.9917536158082106,6.724,50,0.0634648370497427
lrsweep_botiot,nf_botiot_v2,binary,130000,mlp80,0.1,17,fedavg,5,3362,0.998169098232698,0.9983656792645557,0.9984524061903752,0.9988436409890724,0.9981690911573151,0.0016224359717232906,0.9963382720380326,6.724,50,0.0011370863607454984
lrsweep_botiot,nf_botiot_v2,binary,130000,mlp80,0.0003,43,fedavg,5,3362,0.9698383024649719,0.9696609940832964,0.9693892497157284,0.9698383024649719,0.969824242731103,0.006412485031096704,0.9407454089223906,6.724,50,0.0008479966080134904
lrsweep_botiot,nf_botiot_v2,binary,130000,mlp32,0.03,23,fedavg,5,1346,0.9724015649391948,0.9728371268333108,0.9724805828049415,0.9737891957523079,0.9723840961355706,0.0002704059952871596,0.9462235517637707,2.692,50,0.0019272650182127204
lrsweep_botiot,nf_botiot_v2,binary,130000,mlp80,0.001,23,fedavg,5,3362,0.958891437161524,0.9577389326806329,0.9569545358182203,0.958891437161524,0.9588722060668493,0.01734461312627955,0.9188324690473615,6.724,50,0.0033919864320541837
lrsweep_botiot,nf_botiot_v2,binary,130000,mlp32,0.001,31,fedavg,5,1346,0.9423362306550774,0.9404590745273383,0.9369996338196467,0.9423362306550774,0.9423326124198419,0.06354540889249427,0.884727399981377,2.692,50,0.027135891456434247
lrsweep_botiot,nf_botiot_v2,binary,130000,kan16,0.1,37,fedavg,5,6560,0.97290265384393,0.98455875267408,0.9783645229055449,0.9940062057933586,0.9728864871246913,0.0005021825626762011,0.9471519356213884,14.44,50,0.025324262339314285
lrsweep_botiot,nf_botiot_v2,binary,130000,kan8,0.003,17,fedavg,5,3280,0.9974367375257772,0.9971360841829359,0.9971861930734096,0.9974560101759593,0.9974367356825383,0.0012361416927415547,0.9948769991151164,7.688,50,0.000790178657467222
lrsweep_botiot,nf_botiot_v2,binary,130000,mlp80,0.1,42,fedavg,5,3362,0.9977258272785091,0.9974328829957407,0.9972093202536282,0.9978029178792376,0.9977258193306289,0.0019701008228067973,0.9954518284048522,6.724,50,0.0011563590109275879
lrsweep_botiot,nf_botiot_v2,binary,130000,kan8,0.0003,37,fedavg,5,3280,0.9710139341260817,0.9706092084722571,0.9703027733343612,0.9710332067762638,0.9710029253414616,0.00733959130065287,0.9429182712934442,7.688,50,0.0010599957600169185
lrsweep_botiot,nf_botiot_v2,binary,130000,kan8,0.1,2026,fedavg,5,3280,0.7595736889779714,0.7108717019677376,0.6511553953784185,0.9615510628866576,0.745105265213361,0.0,0.5924779666830833,7.688,50,0.46263996762194776
lrsweep_botiot,nf_botiot_v2,binary,130000,mlp80,0.0003,11,fedavg,5,3362,0.9495634744733749,0.9492011486499509,0.9488561682116907,0.9495634744733749,0.9495533243561484,0.03414841426198478,0.8996154335183865,6.724,50,0.0014839940640237748
lrsweep_botiot,nf_botiot_v2,binary,130000,mlp80,0.0003,29,fedavg,5,3362,0.49891109526470984,0.49891109526470984,0.49891109526470984,0.4990267311658026,0.3328490240954561,0.0,,6.724,50,0.0
lrsweep_botiot,nf_botiot_v2,binary,130000,kan16,0.001,31,fedavg,5,6560,0.9686433981536801,0.968335035750766,0.967997764372579,0.9686433981536801,0.9686335370828214,0.011472940085757277,0.9380356984327085,14.44,50,0.0015225393643879537
lrsweep_botiot,nf_botiot_v2,binary,130000,kan8,0.03,31,fedavg,5,3280,0.9556536319309268,0.967591111453736,0.9630755295160638,0.9729411991442943,0.9556534102853425,0.04002008730250706,0.9113440509063346,7.688,50,0.053057605951394415
lrsweep_botiot,nf_botiot_v2,binary,130000,mlp80,0.001,2024,fedavg,5,3362,0.9275926532657506,0.9277159982269161,0.9277718889124443,0.9313508200512652,0.9275767039295144,0.08525514737126738,0.855451017487882,6.724,50,0.0005974521556458834
lrsweep_botiot,nf_botiot_v2,binary,130000,kan8,0.003,42,fedavg,5,3280,0.9970320118719526,0.9969741939214062,0.9970339391369707,0.9973018289745023,0.9970320118179341,0.000927106269556166,0.9940723457857694,7.688,50,0.0006938154065565527
lrsweep_botiot,nf_botiot_v2,binary,130000,kan16,0.1,31,fedavg,5,6560,0.9115578083142213,0.9437662612985912,0.9499219457667625,0.9714764777304528,0.9114900154439263,0.1141885888669989,0.824167715143389,14.44,50,0.05469578121687513
lrsweep_botiot,nf_botiot_v2,binary,130000,kan8,0.003,29,fedavg,5,3280,0.9299824618883342,0.9306184593443444,0.9309615125175863,0.9367471621022607,0.9299651407091212,0.08374859968323867,0.8602719277467882,7.688,50,0.006938154065565638
lrsweep_botiot,nf_botiot_v2,binary,130000,mlp32,0.001,37,fedavg,5,1346,0.9739241043035828,0.9739395224237285,0.9739896313142019,0.9741746487559504,0.9739132581923915,0.0035152779387337407,0.9488199181648487,2.692,50,0.0002698171025498075
lrsweep_botiot,nf_botiot_v2,binary,130000,mlp80,0.01,2026,fedavg,5,3362,0.5642453793821188,0.5966195771580549,0.6030547150538671,0.6404108929018829,0.46476975804420073,0.0024722833854831094,0.2592905104656773,6.724,50,0.07616551351976408
lrsweep_botiot,nf_botiot_v2,binary,130000,kan8,0.003,11,fedavg,5,3280,0.96039470387573,0.9596469250486633,0.9556401410757994,0.9689517605565942,0.9603928810655027,0.03071039517904739,0.9209400535415401,7.688,50,0.03954747817372373
lrsweep_botiot,nf_botiot_v2,binary,130000,mlp80,0.0003,42,fedavg,5,3362,0.9732688341973905,0.9732765432574633,0.9729681808545492,0.9733073794977547,0.9732546717123601,0.0015451771159269434,0.9477464881894819,6.724,50,0.0022549000713087963
lrsweep_botiot,nf_botiot_v2,binary,130000,mlp80,0.03,37,fedavg,5,3362,0.9967429221192207,0.9927187927611925,0.9929076647329775,0.9967429221192207,0.9967428646240094,0.005292231622049726,0.9934938930355331,6.724,50,0.010773411451808768
lrsweep_botiot,nf_botiot_v2,binary,130000,mlp80,0.1,11,fedavg,5,3362,0.9239693950315108,0.9317555457050899,0.9223909649815946,0.9844855166033881,0.9235111811520373,0.15158187507243015,0.8576559230099258,6.724,50,0.07818914178888736
lrsweep_botiot,nf_botiot_v2,binary,130000,mlp80,0.1,29,fedavg,5,3362,0.8878717212403877,0.893954169637867,0.8978106269393104,0.9419507776514349,0.8867521703996372,0.2098350523428748,0.7907619139695884,6.724,50,0.0780542332376124
lrsweep_botiot,nf_botiot_v2,binary,130000,kan16,0.0003,42,fedavg,5,6560,0.9718426580839131,0.9717771310732939,0.9716846223524197,0.9718426580839131,0.9718274889282057,0.002781318808668498,0.9449093174015294,14.44,50,0.0003661803534603658
lrsweep_botiot,nf_botiot_v2,binary,130000,mlp80,0.01,29,fedavg,5,3362,0.679418736870507,0.6792684101990865,0.6808237130687841,0.7350974232466706,0.6612678597212974,0.08710935991037971,0.4065040519287334,6.724,50,0.016535933856264617
lrsweep_botiot,nf_botiot_v2,binary,130000,kan8,0.01,43,fedavg,5,3280,0.9188814153834294,0.9004336346290979,0.9191839959912889,0.9940062057933586,0.9183277852785474,0.16162552632595506,0.8486895523452982,7.688,50,0.1475128644939966
lrsweep_botiot,nf_botiot_v2,binary,130000,mlp80,0.01,11,fedavg,5,3362,0.9224083103667585,0.9216836587199106,0.9356833118122074,0.9925993023300634,0.9219474573830486,0.15258624019778266,0.8543505299399572,6.724,50,0.07165571337714649
lrsweep_botiot,nf_botiot_v2,binary,130000,kan16,0.003,43,fedavg,5,6560,0.9710910247268102,0.9634821824349066,0.9484109699924836,0.9710910247268102,0.9710826121609284,0.009695986402441403,0.9428844082579344,14.44,50,0.03941256962244877
lrsweep_botiot,nf_botiot_v2,binary,130000,mlp32,0.003,29,fedavg,5,1346,0.6994430204097365,0.7026037350396053,0.6993736388690809,0.7236880143388518,0.6852614966538318,0.08629814192451812,0.4420859943480875,2.692,50,0.012238132865650342
lrsweep_botiot,nf_botiot_v2,binary,130000,kan8,0.001,37,fedavg,5,3280,0.9733651974483011,0.9734114518087381,0.9733439975331007,0.973500105999576,0.9733528924180065,0.0029744659481593105,0.9477977766897985,7.688,50,0.00036618035346047684
lrsweep_botiot,nf_botiot_v2,binary,130000,kan16,0.01,2026,fedavg,5,6560,0.9589878004124347,0.9593693988860407,0.9592499084549118,0.9663306801318249,0.9589265927904678,0.0002317765673890415,0.9210574203490115,14.44,50,0.004394164241524834
lrsweep_botiot,nf_botiot_v2,binary,130000,mlp32,0.003,11,fedavg,5,1346,0.9535914583614393,0.9530942239867404,0.9526258985873147,0.9535914583614393,0.9535914475878375,0.04481013636188047,0.9071883810014477,2.692,50,0.002621080424769273
lrsweep_botiot,nf_botiot_v2,binary,130000,mlp32,0.003,42,fedavg,5,1346,0.9968392853701312,0.996746776649257,0.9904099292693738,0.9968392853701312,0.996839284852397,0.001390659404334249,0.9936848375055133,2.692,50,0.021373369051978286
lrsweep_botiot,nf_botiot_v2,binary,130000,mlp32,0.003,2024,fedavg,5,1346,0.7355985121514059,0.7349393875151773,0.750164781159057,0.8862913639254534,0.7157845320999991,0.5274075790937536,0.5526451967594059,2.692,50,0.07005608341202996
lrsweep_botiot,nf_botiot_v2,binary,130000,mlp32,0.1,2026,fedavg,5,1346,0.5884132827105055,0.5844700984832425,0.5711411336172837,0.5884132827105055,0.5057763123181036,0.0005021825626762011,0.31205666066822285,2.692,50,0.0488754408618729
lrsweep_botiot,nf_botiot_v2,binary,130000,kan16,0.003,17,fedavg,5,6560,0.9973981922254129,0.9973904831653402,0.9974868464162506,0.9977836452290555,0.9973981905206777,0.0012361416927415547,0.9948001161180839,14.44,50,0.0005010889047353251
lrsweep_botiot,nf_botiot_v2,binary,130000,kan16,0.0003,11,fedavg,5,6560,0.9371711604062675,0.9332626669493322,0.9320523445178945,0.9371711604062675,0.937171036044039,0.06219337891605825,0.8743431860071329,14.44,50,0.006475610461194492
lrsweep_botiot,nf_botiot_v2,binary,130000,kan8,0.01,17,fedavg,5,3280,0.9983425520843371,0.9981806618228072,0.9981633164376434,0.9983425520843371,0.9983425499413116,0.0006180708463707774,0.9966872625093524,7.688,50,0.0004818162545531246
lrsweep_botiot,nf_botiot_v2,binary,130000,kan16,0.03,23,fedavg,5,6560,0.9646732322161621,0.9710910247268101,0.971561277391254,0.9937171160406267,0.9646350013113,0.0002704059952871596,0.9316490326696008,14.44,50,0.010195231946344863
lrsweep_botiot,nf_botiot_v2,binary,130000,kan16,0.0003,29,fedavg,5,6560,0.49891109526470984,0.49891109526470984,0.49891109526470984,0.49891109526470984,0.3328490240954561,0.0,,14.44,50,0.0
lrsweep_botiot,nf_botiot_v2,binary,130000,mlp80,0.01,42,fedavg,5,3362,0.9980727349817874,0.9979570990806946,0.9978761539499297,0.9980727349817874,0.9980727323180918,0.000927106269556166,0.9961474694931148,6.724,50,0.0005010889047353251
lrsweep_botiot,nf_botiot_v2,binary,130000,kan8,0.001,31,fedavg,5,3280,0.968180854549309,0.9679650008672691,0.9651569757357337,0.968180854549309,0.9681712784841952,0.012322787499517096,0.9370813227829524,7.688,50,0.009250872087420703
lrsweep_botiot,nf_botiot_v2,binary,130000,kan8,0.03,2024,fedavg,5,3280,0.9698383024649719,0.9681384547189082,0.9636459999614546,0.9702623007689788,0.9698288583778891,0.01031405724881218,0.9404243095254237,7.688,50,0.049241621215333375
lrsweep_botiot,nf_botiot_v2,binary,130000,mlp32,0.003,17,fedavg,5,1346,0.9972247383737738,0.9971437932430088,0.9971977566635187,0.9973211016246845,0.9972247352555113,0.0016610653996214086,0.9944519625992837,2.692,50,0.00030836240291409744
lrsweep_botiot,nf_botiot_v2,binary,130000,kan16,0.1,2026,fedavg,5,6560,0.9092450902923661,0.581012585040569,0.5705205542814192,0.9361304372964326,0.9090795515393172,0.13153320199327845,0.8211554244432443,14.44,50,0.4103339950276563
lrsweep_botiot,nf_botiot_v2,binary,130000,kan16,0.001,2026,fedavg,5,6560,0.5616050263071675,0.5561662844257714,0.554350800778615,0.5616050263071675,0.4630670303435126,0.007841773863329071,0.24428066968301768,14.44,50,0.014011216682406014
lrsweep_botiot,nf_botiot_v2,binary,130000,kan8,0.01,42,fedavg,5,3280,0.9962611058646674,0.9966812496386378,0.9968084491298397,0.9973596469250486,0.9962611057521782,0.001390659404334249,0.9925332271038387,7.688,50,0.0010021778094705391
lrsweep_botiot,nf_botiot_v2,binary,130000,kan16,0.003,42,fedavg,5,6560,0.9975331007766878,0.9974136103455586,0.9972054657235917,0.9975331007766878,0.9975331002919687,0.0007339591300652426,0.9950722030081355,14.44,50,0.0005974521556458834
lrsweep_botiot,nf_botiot_v2,binary,130000,mlp80,0.01,17,fedavg,5,3362,0.9987087324377976,0.9985005878158304,0.9984003700348836,0.9990170948407116,0.9987087288905032,0.0007725885579634717,0.9974179986371274,6.724,50,0.0011370863607454984
lrsweep_botiot,nf_botiot_v2,binary,130000,kan16,0.0003,43,fedavg,5,6560,0.9536685489621678,0.9629040029294428,0.9622795690635421,0.9692986682598724,0.953668253634498,0.041719782130026695,0.907378687102161,14.44,50,0.0171333860119105
lrsweep_botiot,nf_botiot_v2,binary,130000,mlp32,0.03,2026,fedavg,5,1346,0.5788155029198065,0.5849403511476863,0.5975793551371249,0.6385414458342167,0.4918329641617764,0.005292231622049726,0.2855708086120331,2.692,50,0.05274924354848032
lrsweep_botiot,nf_botiot_v2,binary,130000,kan16,0.003,11,fedavg,5,6560,0.9610499739819223,0.9531019330468133,0.9569024996627288,0.9610499739819223,0.9610480146495557,0.029744659481593105,0.9222612362244496,14.44,50,0.03837184651261394
lrsweep_botiot,nf_botiot_v2,binary,130000,kan8,0.001,2024,fedavg,5,3280,0.8387457359261472,0.8374737410141269,0.8401776938346794,0.9255882976468094,0.8365082719930074,0.2766639626067138,0.6959420275778128,7.688,50,0.006591246362287251
lrsweep_botiot,nf_botiot_v2,binary,130000,kan16,0.0003,17,fedavg,5,6560,0.9723052016882842,0.9720932025362806,0.9720411663807889,0.9723052016882842,0.972290479436256,0.0024722833854831094,0.9458206694608889,14.44,50,0.00034690770327827636
lrsweep_botiot,nf_botiot_v2,binary,130000,mlp80,0.01,43,fedavg,5,3362,0.9097847244974656,0.899909418544144,0.9043035827856688,0.9196715940408966,0.909047959328714,0.1784293274616603,0.8324521951482529,6.724,50,0.04463545782180511
lrsweep_botiot,nf_botiot_v2,binary,130000,kan8,0.01,11,fedavg,5,3280,0.9264170216046409,0.9564900649488312,0.9542987646231234,0.9969934665715883,0.9260212785891442,0.14486035461814806,0.8615139487980202,7.688,50,0.07057644496694737
lrsweep_botiot,nf_botiot_v2,binary,130000,kan16,0.0003,2024,fedavg,5,6560,0.7937440977508817,0.7929385009732688,0.7923468306126775,0.8974502283809047,0.7871941859529678,0.028701664928342363,0.6287484227624375,14.44,50,0.0020621735694875687
lrsweep_botiot,nf_botiot_v2,binary,130000,kan8,0.01,29,fedavg,5,3280,0.806888045175092,0.8111511553953784,0.8124713319328543,0.814654923198489,0.7993842197437853,0.3851740255726813,0.6640208971232319,7.688,50,0.007651242122304169
lrsweep_botiot,nf_botiot_v2,binary,130000,kan16,0.003,29,fedavg,5,6560,0.9297319174359666,0.929018829379228,0.9292713010966139,0.9298090080366951,0.9297139758464736,0.08425078224591498,0.8597822625278373,14.44,50,0.0018501744174841406
lrsweep_botiot,nf_botiot_v2,binary,130000,mlp32,0.003,43,fedavg,5,1346,0.9436274982172799,0.9437778248887005,0.9410333995027657,0.945477672634764,0.9436213465030936,0.06478155058523583,0.8873717396949201,2.692,50,0.032590051457976
lrsweep_botiot,nf_botiot_v2,binary,130000,mlp32,0.01,42,fedavg,5,1346,0.9977258272785091,0.9978106269393103,0.9977585907838188,0.9979956443810588,0.9977258268316588,0.0005408119905744302,0.995457657247203,2.692,50,0.00038545300364245527
lrsweep_botiot,nf_botiot_v2,binary,130000,mlp80,0.1,2026,fedavg,5,3362,0.8125734769788193,0.7935166804787326,0.7143292154104112,0.8953109642106886,0.805915845807736,3.8629427898118074e-05,0.674530978780004,6.724,50,0.38152138300537697
lrsweep_botiot,nf_botiot_v2,binary,130000,kan8,0.0003,2026,fedavg,5,3280,0.49891109526470984,0.49891109526470984,0.49891109526470984,0.49891109526470984,0.3328490240954561,0.0,,7.688,50,0.0
lrsweep_botiot,nf_botiot_v2,binary,130000,mlp32,0.1,42,fedavg,5,1346,0.9975716460770521,0.9974868464162508,0.9973519378649758,0.9977450999286912,0.9975716310671808,0.002742689380770269,0.9951434518496507,2.692,50,0.000790178657467222
lrsweep_botiot,nf_botiot_v2,binary,130000,kan8,0.1,17,fedavg,5,3280,0.9102472681018366,0.9145412145624144,0.9176633838919187,0.9732881068475726,0.9095325184127172,0.17684552091783523,0.8330574301343023,7.688,50,0.05623759323144528
lrsweep_botiot,nf_botiot_v2,binary,130000,kan16,0.03,31,fedavg,5,6560,0.97380846840249,0.9712297878081216,0.9672519128105306,0.9925800296798812,0.9737964764878542,0.0026268010970758038,0.9486765505391412,14.44,50,0.04001002177809465
lrsweep_botiot,nf_botiot_v2,binary,130000,mlp80,0.003,42,fedavg,5,3362,0.9974367375257772,0.9974136103455585,0.9974271012006861,0.9976101913774164,0.9974367374648437,0.0005408119905744302,0.9948816441127858,6.724,50,0.00030836240291409744
lrsweep_botiot,nf_botiot_v2,binary,130000,mlp80,0.003,29,fedavg,5,3362,0.668124963863781,0.6683408175458208,0.6683157631005839,0.7090215275502534,0.6557935373426327,0.14072700583304365,0.3645345290491332,6.724,50,0.0004818162545531246
lrsweep_botiot,nf_botiot_v2,binary,130000,mlp80,0.003,11,fedavg,5,3362,0.9214639505078344,0.9214176961473972,0.921462023242816,0.9413533254957889,0.921005223211457,0.15289527562096805,0.8522751735658337,6.724,50,0.0011756316611096773
lrsweep_botiot,nf_botiot_v2,binary,130000,mlp32,0.1,29,fedavg,5,1346,0.8671728949447839,0.8809566943550408,0.8797656445737854,0.9390984254244801,0.864786627707028,0.2640707691119094,0.7606588950520764,2.692,50,0.07123171507313975
lrsweep_botiot,nf_botiot_v2,binary,130000,mlp32,0.01,11,fedavg,5,1346,0.9798600805596778,0.9761057683041996,0.9761500953996183,0.9804768053655059,0.979852864183455,0.0369683624985514,0.9602559571073875,2.692,50,0.020679553645421844
lrsweep_botiot,nf_botiot_v2,binary,130000,kan8,0.1,43,fedavg,5,3280,0.9676990382947559,0.781085821111261,0.8240965945227128,0.9709946614758995,0.9676885012418152,0.012091010932128055,0.9361703870287748,7.688,50,0.4707537533486229
lrsweep_botiot,nf_botiot_v2,binary,130000,mlp32,0.01,29,fedavg,5,1346,0.730587623104053,0.7247711372790873,0.7146125233680883,0.7439435696802668,0.7196249368990892,0.06964885850040559,0.5035686060954786,2.692,50,0.045521999730182894
lrsweep_botiot,nf_botiot_v2,binary,130000,mlp32,0.1,11,fedavg,5,1346,0.9076454603272496,0.9238730317806001,0.9378514849576964,0.9850444234586698,0.9068215881868904,0.18461003592536795,0.8293421703164626,2.692,50,0.07884441189507974
lrsweep_botiot,nf_botiot_v2,binary,130000,mlp80,0.003,43,fedavg,5,3362,0.9154316110008287,0.9141673251488811,0.912804748781005,0.9157592460539249,0.9148114806447462,0.16807664078495,0.8425398001697261,6.724,50,0.00952068918997051
lrsweep_botiot,nf_botiot_v2,binary,130000,mlp32,0.1,43,fedavg,5,1346,0.9030392969337213,0.8950565652282844,0.8919478867539077,0.9070094628712394,0.9020986551934398,0.1932243983466605,0.8212384350562183,2.692,50,0.030392969337213582
lrsweep_botiot,nf_botiot_v2,binary,130000,kan8,0.1,29,fedavg,5,3280,0.8159269181105093,0.8388575172972036,0.784040318384181,0.9590841636633454,0.809455849926769,0.36697956503264184,0.6782205539640311,7.688,50,0.4295488272592364
lrsweep_botiot,nf_botiot_v2,binary,130000,kan8,0.1,11,fedavg,5,3280,0.969684121263515,0.9632971649931582,0.9610615375720316,0.969684121263515,0.9696721704173061,0.008305326998107154,0.9402866173769882,7.688,50,0.012893402971842716
lrsweep_botiot,nf_botiot_v2,binary,130000,mlp32,0.01,43,fedavg,5,1346,0.8845182801086977,0.88517355021489,0.8853123132962013,0.9089367278894521,0.8829674125423113,0.2289179897245722,0.789341947007575,2.692,50,0.003160714629868777
lrsweep_botiot,nf_botiot_v2,binary,130000,kan16,0.03,37,fedavg,5,6560,0.9961069246632105,0.9803997147647772,0.9789581205311544,0.9966851041686743,0.9961069246617644,0.0016996948275196377,0.992223466124577,14.44,50,0.09287490122766784
lrsweep_botiot,nf_botiot_v2,binary,130000,mlp80,0.003,2024,fedavg,5,3362,0.7322257983695338,0.731185075259699,0.729346464432324,0.7820070537899667,0.7113269594826335,0.5358287943755553,0.5487553837301011,6.724,50,0.006167248058280506
lrsweep_botiot,nf_botiot_v2,binary,130000,mlp32,0.01,17,fedavg,5,1346,0.9982847341337907,0.9980842985718967,0.9979956443810588,0.9982847341337907,0.9982847315241847,0.0007725885579634717,0.9965712436270509,2.692,50,0.0005589068552815935
lrsweep_botiot,nf_botiot_v2,binary,130000,mlp80,0.03,2026,fedavg,5,3362,0.5612581186038892,0.5580126043132191,0.551141904523291,0.5684468171218224,0.4582873804075975,0.0005794414184725483,0.2561897089480056,6.724,50,0.02790679746371927
lrsweep_botiot,nf_botiot_v2,binary,130000,kan8,0.1,42,fedavg,5,3280,0.972575018790834,0.9725094917802147,0.9725094917802146,0.9732110162468441,0.9725578985351646,0.0002704059952871596,0.946552959637477,7.688,50,0.0006552701061923738
lrsweep_botiot,nf_botiot_v2,binary,130000,mlp32,0.1,17,fedavg,5,1346,0.9980534623316052,0.9978568812997475,0.9979127719852755,0.9985352785861584,0.9980534605240727,0.0007339591300652426,0.9961098637700543,2.692,50,0.0010599957600170296
lrsweep_botiot,nf_botiot_v2,binary,130000,kan8,0.001,23,fedavg,5,3280,0.9659837724285466,0.9659220999479639,0.9659972632836741,0.9661379536300037,0.9659516390995195,0.0011202534090469785,0.9340003487067546,7.688,50,0.0002698171025498075
lrsweep_botiot,nf_botiot_v2,binary,130000,mlp80,0.0003,2026,fedavg,5,3362,0.49891109526470984,0.49891109526470984,0.49891109526470984,0.49891109526470984,0.3328490240954561,0.0,,6.724,50,0.0
lrsweep_botiot,nf_botiot_v2,binary,130000,mlp80,0.003,17,fedavg,5,3362,0.9977450999286912,0.9976487366777806,0.9976564457378535,0.9977836452290555,0.9977450984512539,0.0008884768416579369,0.9954939332783451,6.724,50,0.00036618035346047684
lrsweep_botiot,nf_botiot_v2,binary,130000,mlp32,0.001,23,fedavg,5,1346,0.9517991018945016,0.9515408483820611,0.9499604910671267,0.9517991018945016,0.9517990141671784,0.04477150693398235,0.9036217075463712,2.692,50,0.005242160849538435
lrsweep_botiot,nf_botiot_v2,binary,130000,mlp80,0.001,31,fedavg,5,3362,0.9397729681808545,0.941407288916299,0.9445795671362769,0.9482529342609902,0.939768192968153,0.06709931625912624,0.87962143524375,6.724,50,0.009019600285235185
lrsweep_botiot,nf_botiot_v2,binary,130000,kan16,0.01,42,fedavg,5,6560,0.9976101913774164,0.9979648081407675,0.9978337541195289,0.9984967332857941,0.997610190162211,0.000927106269556166,0.9952246609013558,14.44,50,0.0015418120145701542
lrsweep_botiot,nf_botiot_v2,binary,130000,mlp80,0.03,23,fedavg,5,3362,0.9749262821130533,0.9741245398654769,0.9738951953283095,0.9749262821130533,0.9749143421983419,0.0010816239811488604,0.9509529704337379,6.724,50,0.001329812862566726
lrsweep_botiot,nf_botiot_v2,binary,130000,mlp32,0.0003,43,fedavg,5,1346,0.969992483666429,0.969221577659144,0.9661244627748763,0.969992483666429,0.9699777873210251,0.0057171553289295796,0.9411031484510158,2.692,50,0.0095399618401526
lrsweep_botiot,nf_botiot_v2,binary,130000,kan16,0.03,2026,fedavg,5,6560,0.7698074662246805,0.7163065893190973,0.686324127430763,0.9663692254321892,0.7571832498941671,0.0,0.6082206366347065,14.44,50,0.45770616917532325
lrsweep_botiot,nf_botiot_v2,binary,130000,mlp32,0.03,31,fedavg,5,1346,0.9928113014820668,0.9899974945554764,0.9923256306974773,0.9951240195039219,0.9928111626751117,0.009425580407154133,0.9856320796039753,2.692,50,0.021257733150885527
lrsweep_botiot,nf_botiot_v2,binary,130000,kan16,0.01,11,fedavg,5,6560,0.9967814674195848,0.9805577504962708,0.9738894135332549,0.9973018289745023,0.9967814669413946,0.0014292888322323671,0.9935693383093291,14.44,50,0.06198084298571893
lrsweep_botiot,nf_botiot_v2,binary,130000,kan8,0.0003,23,fedavg,5,3280,0.9296548268352381,0.9293618825524698,0.9289494478385721,0.9367086168018964,0.9296489310616518,0.07749063236373466,0.8593883812125254,7.688,50,0.0013490855127489265
lrsweep_botiot,nf_botiot_v2,binary,130000,mlp32,0.0003,17,fedavg,5,1346,0.9713030238788136,0.9712721876385222,0.9711835334476844,0.9713030238788136,0.9712853851285994,0.0017383242554177558,0.9439857088577678,2.692,50,0.0003276350530961869
lrsweep_botiot,nf_botiot_v2,binary,130000,mlp32,0.001,2024,fedavg,5,1346,0.8957927804652418,0.8926012295950816,0.8872048875440862,0.8957927804652418,0.8956945885243146,0.07150307103951792,0.7933290038439389,2.692,50,0.01929192283230874
lrsweep_botiot,nf_botiot_v2,binary,130000,kan16,0.01,29,fedavg,5,6560,0.8072349528783703,0.8066028099523965,0.8058800855705668,0.8140767436930252,0.7997446073729881,0.3848263607215977,0.664772535280755,14.44,50,0.003025806078593929
lrsweep_botiot,nf_botiot_v2,binary,130000,mlp32,0.0003,42,fedavg,5,1346,0.970917570875171,0.9708674619846975,0.970564881376838,0.970917570875171,0.9709056110839942,0.006644261598485746,0.9427914180144495,2.692,50,0.001117813710563298
lrsweep_botiot,nf_botiot_v2,binary,130000,kan8,0.01,2024,fedavg,5,3280,0.9125985314240561,0.9112494459113073,0.9090870545608727,0.914410160541176,0.9124341661081361,0.1288291420404064,0.827974358927769,7.688,50,0.013009038872935363
lrsweep_botiot,nf_botiot_v2,binary,130000,kan16,0.003,2026,fedavg,5,6560,0.9435889529169156,0.9383159558270858,0.9312737294505367,0.9456511264864031,0.9434227819684362,3.8629427898118074e-05,0.8928954581799503,14.44,50,0.032031144602694295
lrsweep_botiot,nf_botiot_v2,binary,130000,kan16,0.01,43,fedavg,5,6560,0.9162988802590244,0.9091949814018927,0.9020775916896332,0.971225933278085,0.9156915166394828,0.1667632402364121,0.8441720435976516,14.44,50,0.03605912849075876
lrsweep_botiot,nf_botiot_v2,binary,130000,mlp32,0.03,37,fedavg,5,1346,0.9952974733555611,0.9948542024013722,0.9946229305991867,0.9955672904581109,0.9952973926137441,0.006682891026383864,0.9906024779955632,2.692,50,0.002948715477865349
lrsweep_botiot,nf_botiot_v2,binary,130000,kan16,0.1,23,fedavg,5,6560,0.9651743211208973,0.9656021739549405,0.9648543951278741,0.9713993871297242,0.9651375992886848,0.00019314713949081241,0.9325980452431969,14.44,50,0.009193054136874435
lrsweep_botiot,nf_botiot_v2,binary,130000,mlp80,0.001,37,fedavg,5,3362,0.9742710120068611,0.9741283943955132,0.9741129762753676,0.9742902846570431,0.9742605116187216,0.0033607602271410464,0.9494978554827617,6.724,50,0.0003276350530960759
lrsweep_botiot,nf_botiot_v2,binary,130000,mlp32,0.0003,2024,fedavg,5,1346,0.5683311812207297,0.5683543084009482,0.5684082718214583,0.5690635419276505,0.4743990183811858,0.006760149882180211,0.2610784041750721,2.692,50,0.00015418120145704872
lrsweep_botiot,nf_botiot_v2,binary,130000,mlp32,0.01,2026,fedavg,5,1346,0.6044095823616705,0.6107464297415538,0.6312602385954091,0.66585079114229,0.5351923108547162,0.0075327384401436825,0.3324351980166321,2.692,50,0.07703278277795977
lrsweep_botiot,nf_botiot_v2,binary,130000,kan8,0.003,2024,fedavg,5,3280,0.7937248251006996,0.7925877387399541,0.7919845047892535,0.9080694586312564,0.7844411746657389,0.41252366052458767,0.6440059994368876,7.688,50,0.003565440283693433
lrsweep_botiot,nf_botiot_v2,binary,130000,kan16,0.01,17,fedavg,5,6560,0.997417464875595,0.9977104091583634,0.9977431726636729,0.9980920076319695,0.9974174632631048,0.0011975122648433256,0.9948387676314946,14.44,50,0.0006745427563744633
lrsweep_botiot,nf_botiot_v2,binary,130000,mlp32,0.0003,11,fedavg,5,1346,0.925067936091892,0.9211324609247017,0.9161003719621486,0.925067936091892,0.9249616269106722,0.035191408815235414,0.8528688395048111,2.692,50,0.017885019369013433
lrsweep_botiot,nf_botiot_v2,binary,130000,mlp32,0.0003,29,fedavg,5,1346,0.49891109526470984,0.49891109526470984,0.49891109526470984,0.5778904157110645,0.3328490240954561,0.0,,2.692,50,0.0
lrsweep_botiot,nf_botiot_v2,binary,130000,kan8,0.03,23,fedavg,5,3280,0.9716306589319097,0.9604563763563128,0.9672538400755488,0.9746757376606857,0.9716190588609321,0.005987561324216739,0.944213981677634,7.688,50,0.055909958178349095
lrsweep_botiot,nf_botiot_v2,binary,130000,kan16,0.001,23,fedavg,5,6560,0.9654634108736292,0.9652976660820629,0.9653207932622816,0.9656175920750862,0.9654295869109921,0.0010816239811488604,0.933027158773753,14.44,50,0.0006167248058280839
lrsweep_toniot,nf_toniot_v2,binary,130000,mlp80,0.001,29,fedavg,5,3362,0.7791153846153847,0.7408653846153846,0.7114173076923078,0.7791153846153847,0.7708010559428269,0.4113461538461538,0.6037494101139097,6.724,50,0.09826923076923078
lrsweep_toniot,nf_toniot_v2,binary,130000,mlp80,0.001,11,fedavg,5,3362,0.7590769230769231,0.7450461538461538,0.7159653846153847,0.7598461538461538,0.7590359588334691,0.25396153846153846,0.518330109894924,6.724,50,0.07338461538461538
lrsweep_toniot,nf_toniot_v2,binary,130000,mlp32,0.03,11,fedavg,5,1346,0.7488653846153847,0.7481,0.7482,0.7542307692307693,0.7425075649095827,0.09399999999999997,0.5242947398024085,2.692,50,0.010923076923076924
lrsweep_toniot,nf_toniot_v2,binary,130000,mlp80,0.01,2024,fedavg,5,3362,0.8174807692307692,0.8136692307692307,0.8109673076923076,0.8180961538461539,0.8117783922987909,0.3565769230769231,0.6773272077667186,6.724,50,0.017326923076923073
lrsweep_toniot,nf_toniot_v2,binary,130000,mlp32,0.03,29,fedavg,5,1346,0.5731923076923077,0.6568269230769231,0.664248076923077,0.8218076923076924,0.4813298707722161,0.8476538461538461,0.2711039777902936,2.692,50,0.248
lrsweep_toniot,nf_toniot_v2,binary,130000,mlp32,0.03,42,fedavg,5,1346,0.7354807692307692,0.6745538461538462,0.7067096153846155,0.8645192307692308,0.7272878914518695,0.09119230769230768,0.502094870059389,2.692,50,0.2642884615384615
lrsweep_toniot,nf_toniot_v2,binary,130000,mlp32,0.0003,37,fedavg,5,1346,0.5306923076923077,0.5293692307692308,0.5279692307692307,0.5306923076923077,0.3991030954753665,0.9372692307692307,0.17428686822118944,2.692,50,0.005249999999999977
lrsweep_toniot,nf_toniot_v2,binary,130000,mlp80,0.001,2026,fedavg,5,3362,0.9209615384615385,0.9181192307692306,0.9169788461538462,0.9209615384615385,0.9209400143804536,0.06253846153846154,0.8423818787989187,6.724,50,0.006750000000000034
lrsweep_toniot,nf_toniot_v2,binary,130000,kan16,0.01,31,fedavg,5,6560,0.9285384615384615,0.9227807692307692,0.9145634615384616,0.9372115384615385,0.9282644179257513,0.1332692307692308,0.8637013348512772,14.44,50,0.04171153846153841
lrsweep_toniot,nf_toniot_v2,binary,130000,kan8,0.1,2024,fedavg,5,3280,0.8076730769230769,0.8658461538461539,0.8738692307692307,0.8847884615384616,0.807630567191266,0.17746153846153845,0.6156182922380237,7.688,50,0.07586538461538461
lrsweep_toniot,nf_toniot_v2,binary,130000,mlp80,0.001,42,fedavg,5,3362,0.5149038461538461,0.5148499999999999,0.5148692307692306,0.51525,0.3683265432337436,0.0033846153846154303,0.11122894666552648,6.724,50,0.00028846153846151523
lrsweep_toniot,nf_toniot_v2,binary,130000,mlp32,0.03,17,fedavg,5,1346,0.685923076923077,0.686123076923077,0.6855461538461537,0.7247884615384615,0.6846109797515885,0.37857692307692303,0.37497925794086606,2.692,50,0.004326923076923173
lrsweep_toniot,nf_toniot_v2,binary,130000,mlp80,0.1,23,fedavg,5,3362,0.6061538461538462,0.6039423076923077,0.6185,0.7731923076923077,0.5415369195398965,0.018423076923076875,0.3214459354565983,6.724,50,0.06761538461538463
lrsweep_toniot,nf_toniot_v2,binary,130000,kan8,0.003,23,fedavg,5,3280,0.7580769230769231,0.7958999999999999,0.7710884615384617,0.8959807692307692,0.7454855792532282,0.019499999999999962,0.5763173421435961,7.688,50,0.1339038461538461
lrsweep_toniot,nf_toniot_v2,binary,130000,mlp80,0.001,17,fedavg,5,3362,0.5765,0.5707576923076922,0.5627615384615384,0.5765,0.5553615451700545,0.20546153846153847,0.1700171162160198,6.724,50,0.029173076923076913
lrsweep_toniot,nf_toniot_v2,binary,130000,mlp80,0.001,43,fedavg,5,3362,0.7673461538461539,0.7655538461538461,0.7637442307692307,0.7673461538461539,0.7571159585004801,0.4378846153846154,0.5863639210482902,6.724,50,0.006730769230769318
lrsweep_toniot,nf_toniot_v2,binary,130000,mlp32,0.0003,31,fedavg,5,1346,0.7581538461538462,0.7575538461538461,0.7570153846153846,0.7581538461538462,0.756282963136206,0.15423076923076928,0.5244218684578691,2.692,50,0.0029038461538462013
lrsweep_toniot,nf_toniot_v2,binary,130000,kan16,0.01,37,fedavg,5,6560,0.956,0.9437730769230768,0.9437557692307692,0.9605961538461538,0.9559534758588759,0.011499999999999955,0.913932726487899,14.44,50,0.03559615384615389
lrsweep_toniot,nf_toniot_v2,binary,130000,mlp32,0.03,43,fedavg,5,1346,0.7816923076923077,0.7837846153846154,0.7845557692307692,0.7998653846153846,0.771454054861629,0.4299615384615385,0.6218469460302628,2.692,50,0.022884615384615392
lrsweep_toniot,nf_toniot_v2,binary,130000,mlp80,0.0003,23,fedavg,5,3362,0.7590576923076923,0.7578576923076923,0.7566134615384615,0.7595192307692308,0.7558098907969342,0.12561538461538457,0.5324730576512938,6.724,50,0.004961538461538462
lrsweep_toniot,nf_toniot_v2,binary,130000,kan16,0.03,11,fedavg,5,6560,0.8679038461538462,0.840123076923077,0.7862903846153847,0.8679038461538462,0.8671321231381799,0.20830769230769233,0.7445070056676538,14.44,50,0.275
lrsweep_toniot,nf_toniot_v2,binary,130000,kan8,0.1,37,fedavg,5,3280,0.718,0.5684538461538462,0.537125,0.7382884615384615,0.7176238043132963,0.24550000000000005,0.4371663858283003,7.688,50,0.21803846153846151
lrsweep_toniot,nf_toniot_v2,binary,130000,kan16,0.0003,23,fedavg,5,6560,0.7900769230769231,0.7583884615384615,0.7514461538461539,0.7900769230769231,0.7886905215890689,0.12892307692307692,0.587919821373068,14.44,50,0.04907692307692313
lrsweep_toniot,nf_toniot_v2,binary,130000,kan16,0.03,29,fedavg,5,6560,0.6159038461538462,0.8225423076923077,0.8454576923076923,0.8894038461538462,0.5497122126874131,0.7675,0.3611404149033212,14.44,50,0.27349999999999997
lrsweep_toniot,nf_toniot_v2,binary,130000,kan8,0.001,2026,fedavg,5,3280,0.9346346153846153,0.9332923076923076,0.9312788461538462,0.9346346153846153,0.9345784959038556,0.03607692307692312,0.8707644222556685,7.688,50,0.007076923076922981
lrsweep_toniot,nf_toniot_v2,binary,130000,kan16,0.0003,2026,fedavg,5,6560,0.7541730769230769,0.7522769230769231,0.7505096153846154,0.7541730769230769,0.7491295861955974,0.10403846153846152,0.5301073288543912,14.44,50,0.007057692307692265
lrsweep_toniot,nf_toniot_v2,binary,130000,mlp80,0.003,31,fedavg,5,3362,0.570923076923077,0.5731615384615385,0.5724788461538463,0.6538653846153846,0.47691995691604777,0.8530000000000001,0.2675119528663039,6.724,50,0.00428846153846163
lrsweep_toniot,nf_toniot_v2,binary,130000,mlp32,0.003,23,fedavg,5,1346,0.8699807692307693,0.8688192307692308,0.8657096153846154,0.8709615384615385,0.8696290279141545,0.07807692307692304,0.7439869873335464,2.692,50,0.00973076923076921
lrsweep_toniot,nf_toniot_v2,binary,130000,mlp32,0.03,2024,fedavg,5,1346,0.8764038461538461,0.8633807692307693,0.8704038461538464,0.88475,0.874738947725491,0.23888461538461536,0.7736545089354936,2.692,50,0.07725000000000004
lrsweep_toniot,nf_toniot_v2,binary,130000,mlp32,0.1,31,fedavg,5,1346,0.5114038461538462,0.6052500000000001,0.5663846153846153,0.7330769230769231,0.3583443990493115,0.977,0.10651901753648009,2.692,50,0.22167307692307692
lrsweep_toniot,nf_toniot_v2,binary,130000,mlp80,0.01,23,fedavg,5,3362,0.9499807692307692,0.9405961538461538,0.9382038461538462,0.9505576923076923,0.9499616293874621,0.03046153846153843,0.9006508060717181,6.724,50,0.048096153846153844
lrsweep_toniot,nf_toniot_v2,binary,130000,kan16,0.03,42,fedavg,5,6560,0.84775,0.7261346153846154,0.7278903846153847,0.8789615384615385,0.8464443210020665,0.060038461538461485,0.707638152037199,14.44,50,0.22113461538461543
lrsweep_toniot,nf_toniot_v2,binary,130000,kan8,0.03,2026,fedavg,5,3280,0.9533461538461538,0.9384884615384615,0.9273096153846154,0.9558653846153846,0.9533095485322032,0.018653846153846132,0.9081173538165427,7.688,50,0.15049999999999997
lrsweep_toniot,nf_toniot_v2,binary,130000,mlp32,0.01,31,fedavg,5,1346,0.5653846153846154,0.568,0.5684634615384616,0.7808653846153846,0.46683828110432984,0.8645384615384615,0.25613241740453574,2.692,50,0.015250000000000097
lrsweep_toniot,nf_toniot_v2,binary,130000,kan16,0.1,2024,fedavg,5,6560,0.6509038461538461,0.8289961538461539,0.8546173076923077,0.92875,0.6410609896836656,0.18349999999999997,0.3198595155909971,14.44,50,0.23107692307692307
lrsweep_toniot,nf_toniot_v2,binary,130000,kan16,0.001,2024,fedavg,5,6560,0.91225,0.9105423076923078,0.9073519230769233,0.9149807692307692,0.9118148005290359,0.15800000000000003,0.8327604182959065,14.44,50,0.015249999999999986
lrsweep_toniot,nf_toniot_v2,binary,130000,mlp32,0.1,2024,fedavg,5,1346,0.7616923076923077,0.6287307692307692,0.6288884615384616,0.7673076923076924,0.7476851471748828,0.4739230769230769,0.5933998952539518,2.692,50,0.22680769230769227
lrsweep_toniot,nf_toniot_v2,binary,130000,kan16,0.03,17,fedavg,5,6560,0.8685,0.8616653846153846,0.7639307692307693,0.8685,0.8672106380821176,0.23003846153846153,0.7517431655517637,14.44,50,0.30400000000000005
lrsweep_toniot,nf_toniot_v2,binary,130000,kan8,0.1,31,fedavg,5,3280,0.7533846153846154,0.8419538461538462,0.8115576923076924,0.8861730769230769,0.7524681896412007,0.1857692307692308,0.5105638058838624,7.688,50,0.4460384615384615
lrsweep_toniot,nf_toniot_v2,binary,130000,kan16,0.003,23,fedavg,5,6560,0.9345576923076923,0.941676923076923,0.9426076923076921,0.9521923076923077,0.93439354999216,0.015423076923076873,0.8734972215613136,14.44,50,0.02459615384615388
lrsweep_toniot,nf_toniot_v2,binary,130000,mlp32,0.003,2026,fedavg,5,1346,0.9396346153846153,0.9242653846153847,0.9164711538461541,0.9396346153846153,0.9396168872019337,0.043230769230769184,0.8797859841401436,2.692,50,0.039519230769230695
lrsweep_toniot,nf_toniot_v2,binary,130000,kan8,0.01,23,fedavg,5,3280,0.9519230769230769,0.9460807692307693,0.9449500000000001,0.9578269230769231,0.9519200293215035,0.05603846153846159,0.9039607581953385,7.688,50,0.04955769230769236
lrsweep_toniot,nf_toniot_v2,binary,130000,mlp32,0.1,37,fedavg,5,1346,0.5449615384615385,0.5944192307692309,0.5854673076923077,0.77925,0.4295178868840753,0.005192307692307718,0.20599771698269842,2.692,50,0.11286538461538465
lrsweep_toniot,nf_toniot_v2,binary,130000,mlp32,0.01,37,fedavg,5,1346,0.8821730769230769,0.8869807692307692,0.8769442307692309,0.9072692307692307,0.8810471831889982,0.020538461538461505,0.7792395552038808,2.692,50,0.05805769230769231
lrsweep_toniot,nf_toniot_v2,binary,130000,kan16,0.03,43,fedavg,5,6560,0.8223653846153847,0.8661807692307694,0.8752865384615383,0.9227307692307692,0.8214998409750078,0.2472692307692308,0.6510757933339045,14.44,50,0.09932692307692303
lrsweep_toniot,nf_toniot_v2,binary,130000,kan16,0.01,2024,fedavg,5,6560,0.9414807692307692,0.938923076923077,0.9352192307692306,0.9496538461538462,0.9413200973857799,0.11084615384615382,0.8878369091974766,14.44,50,0.02644230769230771
lrsweep_toniot,nf_toniot_v2,binary,130000,mlp80,0.003,37,fedavg,5,3362,0.9293269230769231,0.9033692307692307,0.8978865384615384,0.9293269230769231,0.9291880276715446,0.02638461538461534,0.8620422417130598,6.724,50,0.04763461538461544
lrsweep_toniot,nf_toniot_v2,binary,130000,mlp32,0.1,23,fedavg,5,1346,0.6018846153846154,0.6150846153846155,0.6147499999999999,0.7341538461538462,0.5320835499606755,0.011884615384615382,0.32086532548496544,2.692,50,0.05680769230769234
lrsweep_toniot,nf_toniot_v2,binary,130000,mlp80,0.0003,2024,fedavg,5,3362,0.7566923076923077,0.7560538461538461,0.7551403846153846,0.7566923076923077,0.7554501649191091,0.17203846153846158,0.5186807273989991,6.724,50,0.0030000000000000027
lrsweep_toniot,nf_toniot_v2,binary,130000,mlp80,0.01,31,fedavg,5,3362,0.7869807692307692,0.7498115384615385,0.662571153846154,0.7971730769230769,0.7772377528144205,0.4221538461538461,0.6318913827522751,6.724,50,0.2246538461538462
lrsweep_toniot,nf_toniot_v2,binary,130000,mlp32,0.01,23,fedavg,5,1346,0.9428653846153846,0.9396769230769231,0.9390884615384614,0.9442115384615385,0.942845945451908,0.03869230769230769,0.886333891919146,2.692,50,0.010403846153846152
lrsweep_toniot,nf_toniot_v2,binary,130000,mlp32,0.003,31,fedavg,5,1346,0.5695384615384615,0.5697038461538462,0.569801923076923,0.7574615384615384,0.475814727180797,0.8533076923076923,0.2606043343209468,2.692,50,0.0017500000000000293
lrsweep_toniot,nf_toniot_v2,binary,130000,mlp80,0.003,23,fedavg,5,3362,0.9253653846153846,0.9252192307692308,0.9224980769230768,0.9304807692307693,0.9252846820971125,0.04176923076923078,0.8525745515966029,6.724,50,0.019961538461538475
lrsweep_toniot,nf_toniot_v2,binary,130000,mlp80,0.03,2024,fedavg,5,3362,0.8723653846153846,0.8794192307692308,0.8709192307692308,0.8838269230769231,0.8705072575768049,0.24742307692307697,0.7670698486266845,6.724,50,0.07734615384615384
lrsweep_toniot,nf_toniot_v2,binary,130000,kan8,0.001,17,fedavg,5,3280,0.5609615384615385,0.5573384615384616,0.581303846153846,0.6495576923076923,0.5186926226253146,0.14269230769230767,0.1513765722513837,7.688,50,0.2175192307692308
lrsweep_toniot,nf_toniot_v2,binary,130000,kan8,0.001,43,fedavg,5,3280,0.5624615384615385,0.5605269230769231,0.5808846153846153,0.7738653846153846,0.4811440290696173,0.8334230769230769,0.20451689174279888,7.688,50,0.21586538461538451
lrsweep_toniot,nf_toniot_v2,binary,130000,mlp80,0.003,2026,fedavg,5,3362,0.8914615384615384,0.8902038461538462,0.8899365384615384,0.9006538461538461,0.8907107365805451,0.025653846153846138,0.79390712212743,6.724,50,0.008980769230769292
lrsweep_toniot,nf_toniot_v2,binary,130000,kan8,0.01,37,fedavg,5,3280,0.9069423076923077,0.8673961538461539,0.8627653846153847,0.9309423076923077,0.9068640842350733,0.12203846153846154,0.8152552087116424,7.688,50,0.11676923076923074
lrsweep_toniot,nf_toniot_v2,binary,130000,kan16,0.0003,31,fedavg,5,6560,0.8920384615384616,0.8905576923076923,0.8896749999999999,0.8922307692307693,0.8917122641169779,0.16284615384615386,0.7888438277068927,14.44,50,0.007038461538461549
lrsweep_toniot,nf_toniot_v2,binary,130000,kan16,0.003,37,fedavg,5,6560,0.9495192307692307,0.9488384615384614,0.9458903846153845,0.9525576923076923,0.9494474835681166,0.012807692307692298,0.901601318760515,14.44,50,0.012673076923076843
lrsweep_toniot,nf_toniot_v2,binary,130000,kan8,0.001,29,fedavg,5,3280,0.5720961538461539,0.5724384615384615,0.5723076923076923,0.7786538461538461,0.4919352127072753,0.8251153846153846,0.2374064362336243,7.688,50,0.0011923076923076037
lrsweep_toniot,nf_toniot_v2,binary,130000,mlp32,0.003,37,fedavg,5,1346,0.8901346153846154,0.8894384615384615,0.8896269230769231,0.8915576923076923,0.889828055062079,0.05711538461538456,0.7846481142169193,2.692,50,0.0051538461538461755
lrsweep_toniot,nf_toniot_v2,binary,130000,kan8,0.001,11,fedavg,5,3280,0.7293461538461539,0.7248000000000001,0.7211230769230769,0.7293461538461539,0.7282597007552967,0.20742307692307693,0.4624047187377376,7.688,50,0.015153846153846184
lrsweep_toniot,nf_toniot_v2,binary,130000,mlp80,0.01,37,fedavg,5,3362,0.8677692307692307,0.8888115384615384,0.8952653846153847,0.927,0.8659008163294557,0.014192307692307726,0.7569336683272494,6.724,50,0.07771153846153855
lrsweep_toniot,nf_toniot_v2,binary,130000,kan8,0.1,23,fedavg,5,3280,0.8617692307692307,0.7563384615384615,0.7146461538461539,0.8779230769230769,0.8610473602950943,0.2103076923076923,0.7311753775455576,7.688,50,0.37023076923076925
lrsweep_toniot,nf_toniot_v2,binary,130000,kan8,0.01,31,fedavg,5,3280,0.8959423076923076,0.9078076923076923,0.9015423076923076,0.9305576923076923,0.8949432176533385,0.2015769230769231,0.8073900613842384,7.688,50,0.038576923076923064
lrsweep_toniot,nf_toniot_v2,binary,130000,kan16,0.0003,37,fedavg,5,6560,0.76775,0.7220576923076922,0.7229634615384615,0.7764807692307693,0.7677175092288935,0.24407692307692308,0.5356498702059568,14.44,50,0.08805769230769234
lrsweep_toniot,nf_toniot_v2,binary,130000,kan16,0.003,31,fedavg,5,6560,0.9224615384615384,0.9169423076923078,0.9139423076923077,0.9224615384615384,0.9220860271131439,0.14696153846153848,0.8531870784252075,14.44,50,0.014192307692307726
lrsweep_toniot,nf_toniot_v2,binary,130000,mlp80,0.1,2024,fedavg,5,3362,0.5455384615384615,0.6332807692307693,0.6331461538461538,0.7679038461538461,0.42855049352065067,0.9069230769230769,0.214009015598137,6.724,50,0.22194230769230772
lrsweep_toniot,nf_toniot_v2,binary,130000,kan8,0.0003,2024,fedavg,5,3280,0.8837692307692308,0.8444615384615384,0.8144076923076924,0.8837692307692308,0.8837272563087581,0.13523076923076927,0.7680932251890755,7.688,50,0.10073076923076918
lrsweep_toniot,nf_toniot_v2,binary,130000,kan8,0.001,42,fedavg,5,3280,0.5171923076923077,0.5150769230769231,0.5135634615384614,0.5171923076923077,0.38289695443448857,0.016307692307692356,0.09554563309675694,7.688,50,0.007980769230769291
lrsweep_toniot,nf_toniot_v2,binary,130000,kan16,0.1,43,fedavg,5,6560,0.49998076923076923,0.4999807692307693,0.5577096153846155,0.7577115384615385,0.3333247862152079,3.8461538461542766e-05,-0.004385332263394496,14.44,50,0.16636538461538458
lrsweep_toniot,nf_toniot_v2,binary,130000,mlp32,0.001,42,fedavg,5,1346,0.5151153846153846,0.5150692307692308,0.5147634615384615,0.5166153846153846,0.3677621572550356,0.00211538461538463,0.11615585180764683,2.692,50,0.0008461538461538298
lrsweep_toniot,nf_toniot_v2,binary,130000,kan8,0.03,17,fedavg,5,3280,0.5405576923076924,0.5393730769230769,0.5350057692307693,0.6800576923076923,0.42448323874141586,0.9085384615384615,0.184519738537924,7.688,50,0.01338461538461544
lrsweep_toniot,nf_toniot_v2,binary,130000,kan8,0.0003,29,fedavg,5,3280,0.7472884615384615,0.7466423076923075,0.7362346153846154,0.7483076923076923,0.7398985379646088,0.08415384615384613,0.5253278624148382,7.688,50,0.0355192307692308
lrsweep_toniot,nf_toniot_v2,binary,130000,kan16,0.001,17,fedavg,5,6560,0.5999038461538462,0.5989346153846155,0.5959653846153846,0.6017692307692307,0.562432768341481,0.1074615384615385,0.24642091177586306,14.44,50,0.012961538461538469
lrsweep_toniot,nf_toniot_v2,binary,130000,kan8,0.003,2026,fedavg,5,3280,0.945,0.9431153846153846,0.9425096153846155,0.9488653846153846,0.9449414307138936,0.022384615384615336,0.8918995629083424,7.688,50,0.014769230769230757
lrsweep_toniot,nf_toniot_v2,binary,130000,mlp80,0.0003,37,fedavg,5,3362,0.583173076923077,0.5826423076923076,0.5804653846153847,0.6346153846153846,0.5064607616410237,0.811076923076923,0.27046626627614123,6.724,50,0.006269230769230805
lrsweep_toniot,nf_toniot_v2,binary,130000,mlp80,0.03,42,fedavg,5,3362,0.5861538461538461,0.6005076923076923,0.6327346153846154,0.8164423076923077,0.5031683530942308,0.0051538461538461755,0.29909734725087744,6.724,50,0.17011538461538467
lrsweep_toniot,nf_toniot_v2,binary,130000,kan16,0.01,23,fedavg,5,6560,0.9177692307692308,0.9258115384615385,0.9303788461538461,0.9573653846153846,0.9173319361556096,0.009499999999999953,0.8445208638355277,14.44,50,0.05140384615384608
lrsweep_toniot,nf_toniot_v2,binary,130000,kan8,0.0003,11,fedavg,5,3280,0.5,0.5,0.5,0.504,0.3333333333333333,0.0,,7.688,50,0.0
lrsweep_toniot,nf_toniot_v2,binary,130000,mlp80,0.03,29,fedavg,5,3362,0.5750961538461539,0.5781884615384615,0.6196692307692307,0.8561346153846154,0.48401869708329515,0.8450384615384615,0.2770210150580346,6.724,50,0.22140384615384612
lrsweep_toniot,nf_toniot_v2,binary,130000,mlp32,0.0003,2026,fedavg,5,1346,0.7400384615384615,0.7380115384615384,0.7370538461538462,0.7400384615384615,0.7314981283730926,0.08161538461538465,0.5138788892633657,2.692,50,0.005519230769230776
lrsweep_toniot,nf_toniot_v2,binary,130000,mlp80,0.1,37,fedavg,5,3362,0.7842884615384615,0.7674692307692308,0.7562500000000001,0.8000961538461538,0.7799457241782422,0.3561923076923077,0.5924410229641923,6.724,50,0.1160000000000001
lrsweep_toniot,nf_toniot_v2,binary,130000,kan8,0.0003,42,fedavg,5,3280,0.5,0.5,0.5,0.5003653846153846,0.3333333333333333,0.0,,7.688,50,0.0
lrsweep_toniot,nf_toniot_v2,binary,130000,kan16,0.001,43,fedavg,5,6560,0.5729038461538462,0.7021769230769231,0.7224,0.7893269230769231,0.492248401347674,0.8256538461538462,0.241472621748366,14.44,50,0.21905769230769234
lrsweep_toniot,nf_toniot_v2,binary,130000,mlp32,0.01,2024,fedavg,5,1346,0.7991923076923076,0.8036153846153846,0.8028403846153847,0.8090384615384615,0.7911108319890015,0.39749999999999996,0.6508609315016874,2.692,50,0.011788461538461581
lrsweep_toniot,nf_toniot_v2,binary,130000,kan8,0.03,43,fedavg,5,3280,0.8760769230769231,0.8723192307692308,0.8756923076923077,0.9124807692307693,0.8743581422774174,0.24088461538461536,0.7736177885233626,7.688,50,0.042384615384615354
lrsweep_toniot,nf_toniot_v2,binary,130000,mlp80,0.03,11,fedavg,5,3362,0.8471538461538461,0.814673076923077,0.7963884615384615,0.850423076923077,0.8471189166709481,0.1377307692307692,0.6946251736283495,6.724,50,0.09469230769230774
lrsweep_toniot,nf_toniot_v2,binary,130000,kan8,0.01,2026,fedavg,5,3280,0.9552884615384616,0.9224423076923077,0.9141365384615385,0.9575192307692307,0.9552811919372258,0.05746153846153845,0.9108731188578484,7.688,50,0.1107307692307693
lrsweep_toniot,nf_toniot_v2,binary,130000,mlp32,0.001,29,fedavg,5,1346,0.6829615384615385,0.6823846153846155,0.6814846153846154,0.7101153846153846,0.6799742476612936,0.41365384615384615,0.37295197732282764,2.692,50,0.003442307692307689
lrsweep_toniot,nf_toniot_v2,binary,130000,kan8,0.003,37,fedavg,5,3280,0.9509807692307692,0.9499346153846154,0.9485596153846153,0.9529230769230769,0.950912657475057,0.011769230769230754,0.9044750623432436,7.688,50,0.010788461538461469
lrsweep_toniot,nf_toniot_v2,binary,130000,kan16,0.003,2024,fedavg,5,6560,0.9437307692307693,0.942296153846154,0.9421384615384614,0.9450384615384615,0.9436163971776365,0.10130769230769232,0.891083963111573,14.44,50,0.005903846153846093
lrsweep_toniot,nf_toniot_v2,binary,130000,kan16,0.1,17,fedavg,5,6560,0.5,0.5,0.5,0.6243846153846154,0.3333333333333333,0.0,,14.44,50,0.0
lrsweep_toniot,nf_toniot_v2,binary,130000,mlp32,0.001,11,fedavg,5,1346,0.7015384615384616,0.6995923076923077,0.6964134615384616,0.7015384615384616,0.6993325906270116,0.21280769230769225,0.4091247785032289,2.692,50,0.012730769230769212
lrsweep_toniot,nf_toniot_v2,binary,130000,mlp80,0.03,43,fedavg,5,3362,0.7874615384615384,0.8206692307692307,0.8183173076923076,0.8709423076923077,0.7777909149290654,0.4211538461538461,0.6326174220266934,6.724,50,0.08396153846153853
lrsweep_toniot,nf_toniot_v2,binary,130000,kan8,0.03,11,fedavg,5,3280,0.7894038461538462,0.8036884615384615,0.8371230769230769,0.9000192307692307,0.7834148659872485,0.04430769230769227,0.6137443975457304,7.688,50,0.1330961538461538
lrsweep_toniot,nf_toniot_v2,binary,130000,kan16,0.001,11,fedavg,5,6560,0.7353461538461539,0.73445,0.7354711538461538,0.73875,0.733910174121617,0.19119230769230766,0.4758563383046015,14.44,50,0.006480769230769234
lrsweep_toniot,nf_toniot_v2,binary,130000,mlp80,0.0003,31,fedavg,5,3362,0.7536923076923077,0.75385,0.753675,0.7541730769230769,0.752906742667818,0.18992307692307697,0.5106418949484874,6.724,50,0.0013846153846154285
lrsweep_toniot,nf_toniot_v2,binary,130000,kan16,0.001,29,fedavg,5,6560,0.7996538461538462,0.7541538461538463,0.6652653846153845,0.7996538461538462,0.7931654762095207,0.3774615384615385,0.6408624701566539,14.44,50,0.22436538461538458
lrsweep_toniot,nf_toniot_v2,binary,130000,mlp32,0.0003,23,fedavg,5,1346,0.7386538461538461,0.7371192307692308,0.7359865384615386,0.7386538461538461,0.7347906386832876,0.14065384615384613,0.49185198809408964,2.692,50,0.004230769230769149
lrsweep_toniot,nf_toniot_v2,binary,130000,kan8,0.0003,17,fedavg,5,3280,0.5,0.5,0.5,0.5139038461538461,0.3333333333333333,1.0,,7.688,50,0.0
lrsweep_toniot,nf_toniot_v2,binary,130000,kan8,0.03,29,fedavg,5,3280,0.9035192307692308,0.8990730769230769,0.8970269230769231,0.9193269230769231,0.9027132587251605,0.1875,0.8207520707369536,7.688,50,0.037403846153846176
lrsweep_toniot,nf_toniot_v2,binary,130000,mlp32,0.001,43,fedavg,5,1346,0.66525,0.6652115384615385,0.6642288461538463,0.6841923076923077,0.6602359051082834,0.4562307692307692,0.34070903185513035,2.692,50,0.0032115384615384324
lrsweep_toniot,nf_toniot_v2,binary,130000,mlp32,0.001,2026,fedavg,5,1346,0.7917692307692308,0.7909846153846154,0.7900576923076923,0.7917692307692308,0.7887387582601983,0.08846153846153848,0.6010365122159025,2.692,50,0.0041730769230768905
lrsweep_toniot,nf_toniot_v2,binary,130000,kan16,0.1,42,fedavg,5,6560,0.5,0.5,0.48102307692307694,0.8204807692307692,0.3333333333333333,0.0,,14.44,50,0.55375
lrsweep_toniot,nf_toniot_v2,binary,130000,kan8,0.003,31,fedavg,5,3280,0.8794423076923077,0.8954269230769232,0.8932173076923078,0.91425,0.8778380428518242,0.23515384615384616,0.7796376642447754,7.688,50,0.03480769230769232
lrsweep_toniot,nf_toniot_v2,binary,130000,kan16,0.1,29,fedavg,5,6560,0.6009230769230769,0.6112923076923076,0.5778826923076923,0.819173076923077,0.5336980781756652,0.019384615384615334,0.3102261386990093,14.44,50,0.14276923076923076
lrsweep_toniot,nf_toniot_v2,binary,130000,kan16,0.03,2024,fedavg,5,6560,0.9364423076923077,0.9318692307692308,0.9268673076923077,0.9401923076923077,0.9362460657027399,0.11903846153846154,0.8783084322744966,14.44,50,0.05196153846153839
lrsweep_toniot,nf_toniot_v2,binary,130000,mlp32,0.001,17,fedavg,5,1346,0.4094807692307692,0.4050884615384615,0.4041384615384616,0.5020961538461538,0.4094724649373074,0.5942692307692308,-0.18104355346000872,2.692,50,0.006596153846153807
lrsweep_toniot,nf_toniot_v2,binary,130000,kan16,0.1,11,fedavg,5,6560,0.5,0.47139615384615385,0.4849903846153846,0.7745384615384615,0.3333333333333333,0.0,,14.44,50,0.14305769230769227
lrsweep_toniot,nf_toniot_v2,binary,130000,kan8,0.0003,43,fedavg,5,3280,0.6803269230769231,0.6738461538461538,0.6504961538461538,0.6803269230769231,0.6663609296629236,0.11507692307692308,0.3952595442241,7.688,50,0.06096153846153851
lrsweep_toniot,nf_toniot_v2,binary,130000,kan16,0.001,42,fedavg,5,6560,0.551923076923077,0.5510615384615385,0.5411038461538461,0.551923076923077,0.44202049415435046,0.004269230769230803,0.2254655691796221,14.44,50,0.035673076923076974
lrsweep_toniot,nf_toniot_v2,binary,130000,kan8,0.03,42,fedavg,5,3280,0.7064423076923076,0.7651846153846155,0.7588365384615384,0.9010192307692307,0.6902390311385561,0.06484615384615389,0.46430698870123394,7.688,50,0.2443653846153846
lrsweep_toniot,nf_toniot_v2,binary,130000,mlp80,0.1,31,fedavg,5,3362,0.5065384615384615,0.5078346153846154,0.5305423076923077,0.72825,0.3479297799697356,0.9866538461538461,0.0795168084549875,6.724,50,0.22434615384615375
lrsweep_toniot,nf_toniot_v2,binary,130000,mlp80,0.03,17,fedavg,5,3362,0.5359038461538461,0.5294038461538462,0.5314326923076924,0.7076346153846154,0.41598811333119345,0.9172307692307692,0.1698782429346127,6.724,50,0.014307692307692355
lrsweep_toniot,nf_toniot_v2,binary,130000,kan8,0.003,43,fedavg,5,3280,0.8975192307692308,0.8480807692307692,0.7867961538461538,0.9023076923076923,0.8970423464147785,0.17053846153846153,0.8025074053223067,7.688,50,0.3195192307692307
lrsweep_toniot,nf_toniot_v2,binary,130000,kan8,0.0003,31,fedavg,5,3280,0.8808461538461538,0.8806423076923077,0.8794057692307693,0.8815192307692308,0.8802633060857286,0.18892307692307697,0.7692178335022104,7.688,50,0.004480769230769233
lrsweep_toniot,nf_toniot_v2,binary,130000,mlp80,0.0003,17,fedavg,5,3362,0.4523846153846154,0.4557692307692308,0.4655096153846155,0.5037115384615385,0.3792007092917151,0.8909615384615385,-0.13100076486237902,6.724,50,0.029519230769230742
lrsweep_toniot,nf_toniot_v2,binary,130000,kan16,0.001,37,fedavg,5,6560,0.9259423076923077,0.9209884615384615,0.9146576923076923,0.9259423076923077,0.9258921366414072,0.048038461538461585,0.8530404157462109,14.44,50,0.02136538461538462
lrsweep_toniot,nf_toniot_v2,binary,130000,mlp80,0.1,43,fedavg,5,3362,0.5273846153846153,0.5201,0.5217692307692307,0.6195384615384616,0.40217112545029926,0.9302692307692307,0.13598637019112753,6.724,50,0.019173076923077015
lrsweep_toniot,nf_toniot_v2,binary,130000,kan8,0.03,37,fedavg,5,3280,0.7958461538461539,0.8500076923076924,0.852023076923077,0.9479038461538462,0.7876300126791075,0.007461538461538408,0.6435817309565472,7.688,50,0.17684615384615376
lrsweep_toniot,nf_toniot_v2,binary,130000,mlp80,0.03,31,fedavg,5,3362,0.7761923076923077,0.7349884615384614,0.7138865384615385,0.7871730769230769,0.764817429934997,0.44373076923076926,0.6150775388968047,6.724,50,0.22594230769230772
lrsweep_toniot,nf_toniot_v2,binary,130000,mlp80,0.1,17,fedavg,5,3362,0.5335,0.5325346153846154,0.531726923076923,0.6601730769230769,0.4084545384949343,0.9262692307692307,0.17048345076260338,6.724,50,0.012807692307692298
lrsweep_toniot,nf_toniot_v2,binary,130000,mlp80,0.0003,43,fedavg,5,3362,0.7121153846153846,0.7112615384615385,0.7120269230769231,0.7141153846153846,0.7119812935868328,0.26630769230769236,0.424626334615473,6.724,50,0.003788461538461574
lrsweep_toniot,nf_toniot_v2,binary,130000,mlp32,0.03,23,fedavg,5,1346,0.8924615384615384,0.8933884615384615,0.8969576923076922,0.913,0.8918252861589918,0.030846153846153856,0.7943226424505847,2.692,50,0.038884615384615406
lrsweep_toniot,nf_toniot_v2,binary,130000,mlp80,0.001,23,fedavg,5,3362,0.9084807692307693,0.9087307692307693,0.8978403846153846,0.9114038461538462,0.9084631713770236,0.07765384615384618,0.8172758396440744,6.724,50,0.041538461538461524
lrsweep_toniot,nf_toniot_v2,binary,130000,mlp32,0.001,31,fedavg,5,1346,0.7997115384615384,0.7976538461538463,0.7978519230769231,0.7997115384615384,0.7939040031934126,0.36815384615384616,0.6363586112653933,2.692,50,0.0037115384615383773
lrsweep_toniot,nf_toniot_v2,binary,130000,kan16,0.1,37,fedavg,5,6560,0.7439423076923077,0.5557807692307692,0.6052923076923078,0.9015192307692308,0.7439175782181737,0.24623076923076925,0.48797887118202266,14.44,50,0.4796538461538461
lrsweep_toniot,nf_toniot_v2,binary,130000,kan8,0.003,17,fedavg,5,3280,0.7992307692307692,0.7683538461538462,0.7544076923076923,0.7992307692307692,0.7990313580958398,0.23226923076923078,0.5996527324464451,7.688,50,0.17828846153846145
lrsweep_toniot,nf_toniot_v2,binary,130000,mlp80,0.1,42,fedavg,5,3362,0.5652884615384616,0.6158730769230769,0.6011115384615384,0.7788653846153846,0.5023473558377722,0.7903461538461538,0.1857636457678174,6.724,50,0.3709038461538461
lrsweep_toniot,nf_toniot_v2,binary,130000,kan8,0.0003,37,fedavg,5,3280,0.7711538461538462,0.5921961538461539,0.5608326923076923,0.7711538461538462,0.7601499215861565,0.4430384615384615,0.6001657784138147,7.688,50,0.24788461538461537
lrsweep_toniot,nf_toniot_v2,binary,130000,kan8,0.1,2026,fedavg,5,3280,0.5026923076923077,0.5558846153846154,0.5677365384615385,0.8579807692307693,0.3416907369843674,0.9918461538461538,0.03653056609213142,7.688,50,0.31298076923076923
lrsweep_toniot,nf_toniot_v2,binary,130000,mlp80,0.0003,11,fedavg,5,3362,0.5452307692307692,0.5434423076923076,0.5407365384615385,0.5453076923076923,0.43678188781538463,0.01596153846153847,0.18871100965127122,6.724,50,0.011596153846153756
lrsweep_toniot,nf_toniot_v2,binary,130000,mlp80,0.0003,29,fedavg,5,3362,0.7355961538461538,0.7344653846153846,0.7333538461538461,0.7355961538461538,0.7313821952454541,0.13915384615384618,0.4867102867493803,6.724,50,0.0034999999999999476
lrsweep_toniot,nf_toniot_v2,binary,130000,kan16,0.001,31,fedavg,5,6560,0.8839615384615385,0.8845884615384616,0.8819673076923076,0.885673076923077,0.8826794252041448,0.22057692307692311,0.785278358935574,14.44,50,0.008634615384615407
lrsweep_toniot,nf_toniot_v2,binary,130000,kan8,0.03,31,fedavg,5,3280,0.8636153846153846,0.8884038461538462,0.8860692307692307,0.9248461538461539,0.8612680390146127,0.2664615384615384,0.7531643425451756,7.688,50,0.05388461538461542
lrsweep_toniot,nf_toniot_v2,binary,130000,mlp80,0.001,2024,fedavg,5,3362,0.8833076923076923,0.8834,0.8827192307692308,0.8837692307692308,0.8826658381660705,0.19065384615384617,0.775142832288462,6.724,50,0.002480769230769231
lrsweep_toniot,nf_toniot_v2,binary,130000,kan8,0.003,42,fedavg,5,3280,0.7303461538461539,0.7307,0.733151923076923,0.7398653846153846,0.7279303280982392,0.1754230769230769,0.4690982808910361,7.688,50,0.010134615384615464
lrsweep_toniot,nf_toniot_v2,binary,130000,kan16,0.1,31,fedavg,5,6560,0.8320192307692308,0.6869307692307692,0.6328750000000001,0.8864423076923077,0.8320161965617812,0.1722307692307692,0.6640624512278338,14.44,50,0.4908461538461539
lrsweep_toniot,nf_toniot_v2,binary,130000,kan8,0.003,29,fedavg,5,3280,0.8763269230769231,0.8702076923076923,0.8689884615384613,0.8763269230769231,0.8747123897852944,0.2371923076923077,0.7728358416264374,7.688,50,0.013673076923076954
lrsweep_toniot,nf_toniot_v2,binary,130000,mlp32,0.001,37,fedavg,5,1346,0.7573076923076923,0.7558884615384616,0.753575,0.7573076923076923,0.7565400009853556,0.18653846153846154,0.5178918383679716,2.692,50,0.007961538461538464
lrsweep_toniot,nf_toniot_v2,binary,130000,mlp80,0.01,2026,fedavg,5,3362,0.9199423076923077,0.8604307692307692,0.837405769230769,0.9418846153846154,0.9197657947849552,0.0331538461538462,0.8436046284605007,6.724,50,0.10996153846153844
lrsweep_toniot,nf_toniot_v2,binary,130000,kan8,0.003,11,fedavg,5,3280,0.6569615384615385,0.65165,0.6436903846153846,0.6707692307692308,0.6444196029561999,0.15523076923076928,0.3387260779367296,7.688,50,0.06498076923076923
lrsweep_toniot,nf_toniot_v2,binary,130000,mlp80,0.0003,42,fedavg,5,3362,0.5169423076923076,0.5126076923076923,0.512826923076923,0.5169423076923076,0.40689414893427683,0.05230769230769228,0.0667338457948314,6.724,50,0.008673076923076839
lrsweep_toniot,nf_toniot_v2,binary,130000,mlp80,0.03,37,fedavg,5,3362,0.8449423076923077,0.8642884615384615,0.8785192307692308,0.9435384615384615,0.8418276335495393,0.014730769230769214,0.7187727736800066,6.724,50,0.1499807692307692
lrsweep_toniot,nf_toniot_v2,binary,130000,mlp80,0.1,11,fedavg,5,3362,0.5368846153846154,0.5467846153846154,0.5450480769230769,0.6874230769230769,0.41097155997120943,0.9254615384615384,0.19376482026073544,6.724,50,0.030923076923076942
lrsweep_toniot,nf_toniot_v2,binary,130000,mlp80,0.1,29,fedavg,5,3362,0.7383461538461539,0.647576923076923,0.6475538461538461,0.7600961538461538,0.7192009234711008,0.5227692307692308,0.5589703956604313,6.724,50,0.22694230769230772
lrsweep_toniot,nf_toniot_v2,binary,130000,kan16,0.0003,42,fedavg,5,6560,0.5,0.5,0.5,0.5,0.3333333333333333,0.0,,14.44,50,0.0
lrsweep_toniot,nf_toniot_v2,binary,130000,mlp80,0.01,29,fedavg,5,3362,0.8027884615384615,0.8010230769230768,0.798976923076923,0.8038653846153846,0.7954257381494141,0.3869230769230769,0.6545197600747871,6.724,50,0.011903846153846098
lrsweep_toniot,nf_toniot_v2,binary,130000,kan8,0.01,43,fedavg,5,3280,0.9035961538461539,0.8875038461538463,0.885575,0.91025,0.9034770018806992,0.1315384615384615,0.8091925812873751,7.688,50,0.04371153846153841
lrsweep_toniot,nf_toniot_v2,binary,130000,mlp80,0.01,11,fedavg,5,3362,0.7598269230769231,0.7590769230769231,0.7586711538461539,0.7640384615384616,0.7562893123801839,0.11969230769230765,0.5354304844677585,6.724,50,0.010115384615384637
lrsweep_toniot,nf_toniot_v2,binary,130000,kan16,0.003,43,fedavg,5,6560,0.8985,0.8928653846153847,0.873001923076923,0.8985,0.8980718982029219,0.16630769230769227,0.8037804135365267,14.44,50,0.09224999999999994
lrsweep_toniot,nf_toniot_v2,binary,130000,mlp32,0.003,29,fedavg,5,1346,0.56725,0.567176923076923,0.5668903846153845,0.7585961538461539,0.48424437314851637,0.833923076923077,0.22534636004427847,2.692,50,0.002615384615384575
lrsweep_toniot,nf_toniot_v2,binary,130000,kan8,0.001,37,fedavg,5,3280,0.9070769230769231,0.9008923076923077,0.8921000000000001,0.9070769230769231,0.9070768680928214,0.09215384615384614,0.8141548096512324,7.688,50,0.026980769230769308
lrsweep_toniot,nf_toniot_v2,binary,130000,kan16,0.01,2026,fedavg,5,6560,0.8916346153846154,0.9084153846153846,0.925894230769231,0.9586923076923077,0.8913569149404348,0.05780769230769234,0.7873043979267961,14.44,50,0.08301923076923079
lrsweep_toniot,nf_toniot_v2,binary,130000,mlp32,0.003,11,fedavg,5,1346,0.7228846153846153,0.7219807692307693,0.7207846153846154,0.7228846153846153,0.722537968030796,0.24176923076923074,0.44688726708116633,2.692,50,0.004288461538461519
lrsweep_toniot,nf_toniot_v2,binary,130000,mlp32,0.003,42,fedavg,5,1346,0.5760961538461539,0.5741846153846154,0.570196153846154,0.5760961538461539,0.485757143921532,0.004769230769230748,0.27912055322660045,2.692,50,0.01824999999999999
lrsweep_toniot,nf_toniot_v2,binary,130000,mlp32,0.003,2024,fedavg,5,1346,0.8083076923076923,0.809896153846154,0.809675,0.8766538461538461,0.8020633399878201,0.36930769230769234,0.6596378651240009,2.692,50,0.007346153846153891
lrsweep_toniot,nf_toniot_v2,binary,130000,mlp32,0.1,2026,fedavg,5,1346,0.6012307692307692,0.6145653846153845,0.6188384615384616,0.8155192307692307,0.5296645197769851,0.008692307692307666,0.32363413942610364,2.692,50,0.0457884615384615
lrsweep_toniot,nf_toniot_v2,binary,130000,kan16,0.003,17,fedavg,5,6560,0.6836346153846153,0.6840653846153846,0.6788500000000001,0.6866538461538462,0.6755488116946783,0.1585,0.38706822773671895,14.44,50,0.022076923076923105
lrsweep_toniot,nf_toniot_v2,binary,130000,kan16,0.0003,11,fedavg,5,6560,0.5112307692307693,0.5099846153846153,0.5072634615384615,0.5112307692307693,0.35794283522594145,0.00015384615384617106,0.1058611578247493,14.44,50,0.010000000000000009
lrsweep_toniot,nf_toniot_v2,binary,130000,kan8,0.01,17,fedavg,5,3280,0.5173653846153846,0.5178653846153847,0.5213403846153847,0.748,0.4003726401715965,0.9243461538461538,0.07411978731607734,7.688,50,0.00867307692307695
lrsweep_toniot,nf_toniot_v2,binary,130000,kan16,0.03,23,fedavg,5,6560,0.8736153846153846,0.8981,0.9169192307692307,0.9514807692307692,0.871929574469342,0.011653846153846126,0.7677151526772408,14.44,50,0.11601923076923071
lrsweep_toniot,nf_toniot_v2,binary,130000,kan16,0.0003,29,fedavg,5,6560,0.7533846153846154,0.7503807692307691,0.7467,0.7533846153846154,0.748718492876609,0.11034615384615387,0.5267078136414286,14.44,50,0.01496153846153847
lrsweep_toniot,nf_toniot_v2,binary,130000,mlp80,0.01,42,fedavg,5,3362,0.7377307692307692,0.7352538461538463,0.735728846153846,0.7377307692307692,0.7316780349813332,0.11207692307692307,0.4984823714536259,6.724,50,0.0053269230769230624
lrsweep_toniot,nf_toniot_v2,binary,130000,kan8,0.001,31,fedavg,5,3280,0.8777692307692307,0.834026923076923,0.8166596153846154,0.881423076923077,0.8763690019969381,0.2286538461538462,0.7732570867558527,7.688,50,0.0834807692307693
lrsweep_toniot,nf_toniot_v2,binary,130000,kan8,0.03,2024,fedavg,5,3280,0.9166153846153846,0.8917384615384616,0.8962192307692307,0.9405,0.9161610424530746,0.15700000000000003,0.8424112244420863,7.688,50,0.08559615384615382
lrsweep_toniot,nf_toniot_v2,binary,130000,mlp32,0.003,17,fedavg,5,1346,0.5995576923076923,0.5981807692307692,0.5914423076923077,0.5995576923076923,0.5772187356806013,0.17057692307692307,0.22421430560220568,2.692,50,0.019288461538461532
lrsweep_toniot,nf_toniot_v2,binary,130000,kan16,0.1,2026,fedavg,5,6560,0.6514615384615384,0.6919,0.6900346153846154,0.8378653846153846,0.6399550647686016,0.16976923076923078,0.32436405527040485,14.44,50,0.08365384615384608
lrsweep_toniot,nf_toniot_v2,binary,130000,kan16,0.001,2026,fedavg,5,6560,0.9405384615384615,0.9406115384615384,0.9378096153846153,0.942173076923077,0.9404927006893773,0.03173076923076923,0.8824351457705056,14.44,50,0.010076923076923094
lrsweep_toniot,nf_toniot_v2,binary,130000,kan8,0.01,42,fedavg,5,3280,0.8466153846153847,0.8463038461538461,0.8333519230769231,0.8943076923076924,0.8454225184219839,0.06553846153846155,0.7041842642618172,7.688,50,0.21250000000000002
lrsweep_toniot,nf_toniot_v2,binary,130000,kan16,0.003,42,fedavg,5,6560,0.7008846153846154,0.7209769230769231,0.7271596153846154,0.7405,0.6848366029006863,0.07346153846153847,0.4502279880936282,14.44,50,0.03726923076923072
lrsweep_toniot,nf_toniot_v2,binary,130000,mlp80,0.01,17,fedavg,5,3362,0.6280576923076923,0.626376923076923,0.6244461538461539,0.6280576923076923,0.6025350746488709,0.11853846153846159,0.29709723191745335,6.724,50,0.00676923076923075
lrsweep_toniot,nf_toniot_v2,binary,130000,kan16,0.0003,43,fedavg,5,6560,0.7162307692307692,0.7163692307692308,0.7152538461538461,0.7171538461538461,0.7157592150299275,0.24303846153846154,0.4339036232266396,14.44,50,0.006403846153846149
lrsweep_toniot,nf_toniot_v2,binary,130000,mlp32,0.03,2026,fedavg,5,1346,0.8149615384615385,0.8711153846153847,0.8546576923076923,0.9385192307692307,0.8117093781050497,0.05361538461538462,0.6528797941941049,2.692,50,0.14730769230769225
lrsweep_toniot,nf_toniot_v2,binary,130000,kan16,0.003,11,fedavg,5,6560,0.6802307692307692,0.6468384615384616,0.6324038461538463,0.6802307692307692,0.6688890718284443,0.13469230769230767,0.38802260236261255,14.44,50,0.07953846153846145
lrsweep_toniot,nf_toniot_v2,binary,130000,kan8,0.001,2024,fedavg,5,3280,0.9199423076923077,0.9202038461538461,0.9181500000000001,0.9255,0.9197156418794568,0.13319230769230772,0.8446676364791645,7.688,50,0.01200000000000001
lrsweep_toniot,nf_toniot_v2,binary,130000,kan16,0.0003,17,fedavg,5,6560,0.5,0.5,0.5,0.5,0.3333333333333333,1.0,,14.44,50,0.0
lrsweep_toniot,nf_toniot_v2,binary,130000,mlp80,0.01,43,fedavg,5,3362,0.8015769230769231,0.6713307692307693,0.6286442307692308,0.8015769230769231,0.794001228037351,0.3901923076923077,0.6530997090238811,6.724,50,0.21907692307692306
lrsweep_toniot,nf_toniot_v2,binary,130000,kan8,0.01,11,fedavg,5,3280,0.7850384615384616,0.6987615384615384,0.6739692307692308,0.8761730769230769,0.7797253309454323,0.3702692307692308,0.5997427911918174,7.688,50,0.3843269230769231
lrsweep_toniot,nf_toniot_v2,binary,130000,kan16,0.0003,2024,fedavg,5,6560,0.8874038461538462,0.8845115384615385,0.854526923076923,0.8874038461538462,0.8873064128370909,0.14200000000000002,0.7761509534367603,14.44,50,0.10113461538461543
lrsweep_toniot,nf_toniot_v2,binary,130000,kan8,0.01,29,fedavg,5,3280,0.9320192307692308,0.9179923076923077,0.9186442307692306,0.9320192307692308,0.9318016728343259,0.12446153846153851,0.8696044856399089,7.688,50,0.02109615384615382
lrsweep_toniot,nf_toniot_v2,binary,130000,kan16,0.003,29,fedavg,5,6560,0.9109807692307692,0.9153846153846154,0.9116807692307691,0.9210769230769231,0.910471212394711,0.16446153846153844,0.8314808458873646,14.44,50,0.018115384615384644
lrsweep_toniot,nf_toniot_v2,binary,130000,mlp32,0.003,43,fedavg,5,1346,0.5705192307692307,0.5688923076923078,0.5665365384615384,0.7655961538461539,0.4891899153188527,0.8285,0.23404735535095586,2.692,50,0.007903846153846095
lrsweep_toniot,nf_toniot_v2,binary,130000,mlp32,0.01,42,fedavg,5,1346,0.7326923076923076,0.7289384615384615,0.7279442307692306,0.7326923076923076,0.7287969916019099,0.14746153846153842,0.4793584384434126,2.692,50,0.009519230769230669
lrsweep_toniot,nf_toniot_v2,binary,130000,mlp80,0.1,2026,fedavg,5,3362,0.69875,0.6921846153846154,0.6868788461538463,0.8395,0.6740854751831711,0.026153846153846194,0.47602625331329257,6.724,50,0.08819230769230768
lrsweep_toniot,nf_toniot_v2,binary,130000,kan8,0.0003,2026,fedavg,5,3280,0.7540576923076923,0.7519423076923077,0.7497,0.7540576923076923,0.7485660146775877,0.09815384615384615,0.5318803614488296,7.688,50,0.009000000000000008
lrsweep_toniot,nf_toniot_v2,binary,130000,mlp32,0.1,42,fedavg,5,1346,0.5657307692307693,0.65795,0.6339769230769231,0.78675,0.49139322421276366,0.8165769230769231,0.20397861691023397,2.692,50,0.23540384615384624
lrsweep_toniot,nf_toniot_v2,binary,130000,kan8,0.1,17,fedavg,5,3280,0.6764807692307693,0.7193807692307693,0.7019519230769232,0.7769615384615385,0.6762088218819253,0.35250000000000004,0.35355593073799646,7.688,50,0.1922307692307692
lrsweep_toniot,nf_toniot_v2,binary,130000,kan16,0.03,31,fedavg,5,6560,0.9144807692307693,0.9016615384615385,0.8943326923076924,0.9174230769230769,0.9142792925670976,0.134,0.8328859896641102,14.44,50,0.03692307692307695
lrsweep_toniot,nf_toniot_v2,binary,130000,mlp80,0.003,42,fedavg,5,3362,0.5959038461538462,0.6038653846153845,0.6011403846153847,0.61575,0.5246470111024498,0.01692307692307693,0.3031275960811045,6.724,50,0.02369230769230768
lrsweep_toniot,nf_toniot_v2,binary,130000,mlp80,0.003,29,fedavg,5,3362,0.5641346153846154,0.5626115384615384,0.5612057692307693,0.758423076923077,0.4768620677304681,0.8443076923076923,0.2223803450598668,6.724,50,0.007480769230769235
lrsweep_toniot,nf_toniot_v2,binary,130000,mlp80,0.003,11,fedavg,5,3362,0.7483846153846154,0.7446576923076923,0.7420980769230768,0.7609038461538462,0.7474825318430003,0.1918461538461539,0.5003570053622558,6.724,50,0.011307692307692352
lrsweep_toniot,nf_toniot_v2,binary,130000,mlp32,0.1,29,fedavg,5,1346,0.4601730769230769,0.46255384615384615,0.48694615384615386,0.7683653846153846,0.4358890778622527,0.7473076923076923,-0.08754719264700514,2.692,50,0.22071153846153846
lrsweep_toniot,nf_toniot_v2,binary,130000,mlp32,0.01,11,fedavg,5,1346,0.7126346153846154,0.7138846153846153,0.7135403846153846,0.7179615384615384,0.6987882077204441,0.07296153846153841,0.470745196034979,2.692,50,0.00592307692307692
lrsweep_toniot,nf_toniot_v2,binary,130000,kan8,0.1,43,fedavg,5,3280,0.5,0.5,0.5,0.7632115384615384,0.3333333333333333,0.0,,7.688,50,0.0
lrsweep_toniot,nf_toniot_v2,binary,130000,mlp32,0.01,29,fedavg,5,1346,0.5848846153846153,0.7563269230769231,0.7558403846153845,0.80575,0.5046867781153717,0.8175,0.28600525250945186,2.692,50,0.23186538461538453
lrsweep_toniot,nf_toniot_v2,binary,130000,mlp32,0.1,11,fedavg,5,1346,0.51975,0.5188153846153847,0.5231365384615385,0.5424038461538462,0.3761092036984785,0.960076923076923,0.14047736209890171,2.692,50,0.013865384615384668
lrsweep_toniot,nf_toniot_v2,binary,130000,mlp80,0.003,43,fedavg,5,3362,0.584173076923077,0.5814384615384616,0.5807403846153846,0.7360576923076924,0.5119385310350132,0.8005384615384615,0.26355996146446686,6.724,50,0.004461538461538517
lrsweep_toniot,nf_toniot_v2,binary,130000,mlp32,0.1,43,fedavg,5,1346,0.5240769230769231,0.5212384615384617,0.5219807692307692,0.5581538461538461,0.3861045863431714,0.95,0.15151690261179285,2.692,50,0.01876923076923087
lrsweep_toniot,nf_toniot_v2,binary,130000,kan8,0.1,29,fedavg,5,3280,0.4996346153846154,0.4997884615384615,0.49887692307692316,0.8828076923076923,0.33340983373206345,0.9997307692307692,-0.014508843891531514,7.688,50,0.012000000000000066
lrsweep_toniot,nf_toniot_v2,binary,130000,kan8,0.1,11,fedavg,5,3280,0.4998076923076923,0.5000384615384614,0.5041076923076923,0.8689423076923077,0.33328201972993066,0.9999615384615385,-0.012660703023185123,7.688,50,0.6366538461538462
lrsweep_toniot,nf_toniot_v2,binary,130000,mlp32,0.01,43,fedavg,5,1346,0.57875,0.57895,0.5788346153846154,0.7677692307692308,0.5022041533994546,0.8133846153846154,0.25386002528786566,2.692,50,0.0031923076923077165
lrsweep_toniot,nf_toniot_v2,binary,130000,kan16,0.03,37,fedavg,5,6560,0.9045,0.9057615384615383,0.8884269230769231,0.9348076923076923,0.9037941781606791,0.009846153846153838,0.8211384151752783,14.44,50,0.124173076923077
lrsweep_toniot,nf_toniot_v2,binary,130000,mlp80,0.003,2024,fedavg,5,3362,0.8106346153846153,0.81175,0.809675,0.8139807692307692,0.8044287603066005,0.36750000000000005,0.6648975863783478,6.724,50,0.00994230769230775
lrsweep_toniot,nf_toniot_v2,binary,130000,mlp32,0.01,17,fedavg,5,1346,0.6261923076923077,0.6235423076923077,0.6210365384615384,0.6261923076923077,0.6003289837149316,0.11942307692307697,0.2931626830923648,2.692,50,0.01338461538461544
lrsweep_toniot,nf_toniot_v2,binary,130000,mlp80,0.03,2026,fedavg,5,3362,0.8189807692307692,0.8608461538461538,0.8460096153846154,0.9515384615384616,0.8161743950205042,0.05746153846153845,0.6583805113873782,6.724,50,0.13728846153846153
lrsweep_toniot,nf_toniot_v2,binary,130000,kan8,0.1,42,fedavg,5,3280,0.5083653846153846,0.502376923076923,0.5015307692307692,0.7814423076923077,0.3551487178240557,0.9790769230769231,0.07512338160310701,7.688,50,0.008365384615384608
lrsweep_toniot,nf_toniot_v2,binary,130000,mlp32,0.1,17,fedavg,5,1346,0.5312884615384615,0.5310538461538462,0.5312288461538461,0.546923076923077,0.4017225382044947,0.934076923076923,0.17111306229545953,2.692,50,0.0030384615384615454
lrsweep_toniot,nf_toniot_v2,binary,130000,kan8,0.001,23,fedavg,5,3280,0.9074038461538462,0.9047461538461539,0.9042634615384616,0.9120769230769231,0.9072668040148336,0.05415384615384611,0.8172266856261239,7.688,50,0.006057692307692375
lrsweep_toniot,nf_toniot_v2,binary,130000,mlp80,0.0003,2026,fedavg,5,3362,0.7500384615384615,0.7484153846153847,0.7466653846153847,0.7500384615384615,0.7415832611861186,0.06907692307692304,0.5364091610308473,6.724,50,0.007211538461538436
lrsweep_toniot,nf_toniot_v2,binary,130000,mlp80,0.003,17,fedavg,5,3362,0.6179230769230769,0.612376923076923,0.6064076923076923,0.6179230769230769,0.5925264558568957,0.13242307692307698,0.2722061631230951,6.724,50,0.021230769230769164
lrsweep_toniot,nf_toniot_v2,binary,130000,mlp32,0.001,23,fedavg,5,1346,0.7652115384615384,0.7642115384615384,0.764576923076923,0.7658846153846154,0.7605714484626228,0.09557692307692311,0.5522602586879415,2.692,50,0.00359615384615386
lrsweep_toniot,nf_toniot_v2,binary,130000,mlp80,0.001,31,fedavg,5,3362,0.7831538461538462,0.7841769230769231,0.7832365384615384,0.7846923076923077,0.7751073729280715,0.406,0.6117748566417891,6.724,50,0.004211538461538433
lrsweep_toniot,nf_toniot_v2,binary,130000,kan16,0.01,42,fedavg,5,6560,0.8583653846153846,0.8307230769230769,0.8553942307692308,0.9149423076923077,0.8566751366391672,0.03303846153846157,0.7342583723813543,14.44,50,0.17446153846153856
lrsweep_toniot,nf_toniot_v2,binary,130000,mlp80,0.03,23,fedavg,5,3362,0.81525,0.8792,0.8842653846153847,0.9504230769230769,0.8120366609902501,0.05400000000000005,0.6532301382096466,6.724,50,0.1351730769230769
lrsweep_toniot,nf_toniot_v2,binary,130000,mlp32,0.0003,43,fedavg,5,1346,0.6833461538461538,0.6681423076923078,0.6610076923076924,0.6833461538461538,0.6734327608614828,0.14242307692307687,0.39121228905470135,2.692,50,0.03076923076923077
lrsweep_toniot,nf_toniot_v2,binary,130000,kan16,0.03,2026,fedavg,5,6560,0.8135769230769231,0.900526923076923,0.8883807692307691,0.9533461538461538,0.8095710296787816,0.04138461538461535,0.6553308904566978,14.44,50,0.16080769230769232
lrsweep_toniot,nf_toniot_v2,binary,130000,mlp32,0.03,31,fedavg,5,1346,0.7574615384615384,0.6812307692307693,0.6820846153846154,0.7762307692307693,0.7425060312633448,0.4835384615384616,0.5876968649905968,2.692,50,0.2290000000000001
lrsweep_toniot,nf_toniot_v2,binary,130000,kan16,0.01,11,fedavg,5,6560,0.8794615384615385,0.8929038461538461,0.8910711538461538,0.9139038461538461,0.879323924177464,0.08676923076923082,0.7606599135257773,14.44,50,0.040692307692307694
lrsweep_toniot,nf_toniot_v2,binary,130000,kan8,0.0003,23,fedavg,5,3280,0.7433076923076923,0.74135,0.7394192307692309,0.7433076923076923,0.7399139151691052,0.14246153846153842,0.4998345390548756,7.688,50,0.007249999999999979
lrsweep_toniot,nf_toniot_v2,binary,130000,mlp32,0.0003,17,fedavg,5,1346,0.5,0.5,0.5,0.5,0.3333333333333333,1.0,,2.692,50,0.0
lrsweep_toniot,nf_toniot_v2,binary,130000,mlp32,0.001,2024,fedavg,5,1346,0.7540769230769231,0.7535846153846155,0.752828846153846,0.7549038461538462,0.7531537692960909,0.1847692307692308,0.5119978074706212,2.692,50,0.00296153846153846
lrsweep_toniot,nf_toniot_v2,binary,130000,kan16,0.01,29,fedavg,5,6560,0.8992307692307693,0.8940461538461539,0.8919615384615384,0.9061538461538462,0.8984036129274059,0.19099999999999995,0.8117894638703682,14.44,50,0.03632692307692309
lrsweep_toniot,nf_toniot_v2,binary,130000,mlp32,0.0003,42,fedavg,5,1346,0.5,0.5,0.5,0.5,0.3333333333333333,0.0,,2.692,50,0.0
lrsweep_toniot,nf_toniot_v2,binary,130000,kan8,0.01,2024,fedavg,5,3280,0.9563269230769231,0.9573307692307693,0.9590538461538461,0.96425,0.9562821021266894,0.07569230769230773,0.9145309839157244,7.688,50,0.008442307692307693
lrsweep_toniot,nf_toniot_v2,binary,130000,kan16,0.003,2026,fedavg,5,6560,0.9583461538461538,0.9576423076923077,0.957676923076923,0.9592307692307692,0.958324107298915,0.018653846153846132,0.9176637100415005,14.44,50,0.0033653846153846034
lrsweep_toniot,nf_toniot_v2,binary,130000,kan16,0.01,43,fedavg,5,6560,0.9292884615384616,0.9207230769230769,0.9129846153846154,0.9309423076923077,0.9290248623708861,0.13165384615384612,0.8650263202632,14.44,50,0.04049999999999998
lrsweep_toniot,nf_toniot_v2,binary,130000,mlp32,0.03,37,fedavg,5,1346,0.7160384615384615,0.8054423076923077,0.8006538461538462,0.9183461538461538,0.6956982848827515,0.02542307692307688,0.5047987734084044,2.692,50,0.23744230769230767
lrsweep_toniot,nf_toniot_v2,binary,130000,kan16,0.1,23,fedavg,5,6560,0.5616923076923077,0.5716076923076923,0.5556538461538463,0.9055576923076923,0.46064010734597266,0.8711538461538462,0.2464850354682677,14.44,50,0.08721153846153851
lrsweep_toniot,nf_toniot_v2,binary,130000,mlp80,0.001,37,fedavg,5,3362,0.7709615384615385,0.7699153846153847,0.768301923076923,0.7709615384615385,0.7679745540782035,0.11557692307692302,0.5564390786882766,6.724,50,0.006076923076923091
lrsweep_toniot,nf_toniot_v2,binary,130000,mlp32,0.0003,2024,fedavg,5,1346,0.7552884615384615,0.7539769230769231,0.7527865384615385,0.7552884615384615,0.7516979990863755,0.12446153846153851,0.5260159442217492,2.692,50,0.004711538461538489
lrsweep_toniot,nf_toniot_v2,binary,130000,mlp32,0.01,2026,fedavg,5,1346,0.9081346153846154,0.8877192307692308,0.8979442307692306,0.9475576923076923,0.9077551895202521,0.027730769230769226,0.8230682823470427,2.692,50,0.10826923076923078
lrsweep_toniot,nf_toniot_v2,binary,130000,kan8,0.003,2024,fedavg,5,3280,0.936923076923077,0.9351384615384616,0.9333076923076924,0.9388461538461539,0.9367474575489254,0.11576923076923074,0.8787393811081337,7.688,50,0.010961538461538467
lrsweep_toniot,nf_toniot_v2,binary,130000,kan16,0.01,17,fedavg,5,6560,0.5242884615384615,0.5237923076923077,0.5215211538461538,0.7732307692307693,0.3944161262514427,0.9388076923076923,0.1288336666457657,14.44,50,0.006153846153846176
lrsweep_toniot,nf_toniot_v2,binary,130000,mlp32,0.0003,11,fedavg,5,1346,0.5147115384615385,0.5143,0.5141903846153847,0.589326923076923,0.3665755858044716,0.0016923076923076597,0.11581820688267827,2.692,50,0.0007500000000000284
lrsweep_toniot,nf_toniot_v2,binary,130000,mlp32,0.0003,29,fedavg,5,1346,0.7104038461538461,0.7098961538461539,0.7079057692307692,0.7104038461538461,0.6960638809704761,0.07238461538461538,0.46719608827048664,2.692,50,0.007365384615384607
lrsweep_toniot,nf_toniot_v2,binary,130000,kan8,0.03,23,fedavg,5,3280,0.8989807692307692,0.8634038461538461,0.8702846153846154,0.9352307692307692,0.8982472680676069,0.016115384615384643,0.8097209389597173,7.688,50,0.14355769230769233
lrsweep_toniot,nf_toniot_v2,binary,130000,kan16,0.001,23,fedavg,5,6560,0.9284038461538462,0.9298230769230769,0.9223365384615384,0.9316730769230769,0.9283296596915942,0.039423076923076894,0.8585869945942428,14.44,50,0.020634615384615307
lrsweep_cseciic,nf_cseciic_v2,binary,130000,mlp80,0.001,29,fedavg,5,3362,0.913,0.9125,0.91245,0.9157692307692308,0.9128431422817874,0.12942307692307697,0.8289892825458625,6.724,50,0.002153846153846173
lrsweep_cseciic,nf_cseciic_v2,binary,130000,mlp80,0.001,11,fedavg,5,3362,0.92175,0.9218500000000001,0.9218230769230769,0.9225769230769231,0.9216698863409386,0.04626923076923073,0.8452307245276504,6.724,50,0.0015384615384614886
lrsweep_cseciic,nf_cseciic_v2,binary,130000,mlp32,0.03,11,fedavg,5,1346,0.9165,0.9179576923076922,0.92225,0.9344807692307693,0.9163419779165705,0.12696153846153846,0.8361648619811141,2.692,50,0.02030769230769225
lrsweep_cseciic,nf_cseciic_v2,binary,130000,mlp80,0.01,2024,fedavg,5,3362,0.9455192307692307,0.9427346153846153,0.9376749999999999,0.9461346153846154,0.9455063005872645,0.06988461538461543,0.8914616112722819,6.724,50,0.019596153846153874
lrsweep_cseciic,nf_cseciic_v2,binary,130000,mlp32,0.03,29,fedavg,5,1346,0.9175961538461539,0.9168423076923078,0.9080076923076922,0.9250961538461538,0.9174471777224985,0.12488461538461537,0.8382231283916216,2.692,50,0.03890384615384612
lrsweep_cseciic,nf_cseciic_v2,binary,130000,mlp32,0.03,42,fedavg,5,1346,0.9246730769230769,0.8850346153846154,0.8384346153846153,0.9295192307692308,0.9242520052215212,0.0007692307692307443,0.8589493774174868,2.692,50,0.300423076923077
lrsweep_cseciic,nf_cseciic_v2,binary,130000,mlp32,0.0003,37,fedavg,5,1346,0.9117115384615384,0.9115615384615385,0.9113826923076923,0.9117115384615384,0.9116004947888403,0.052846153846153876,0.8254996031494458,2.692,50,0.0006153846153845732
lrsweep_cseciic,nf_cseciic_v2,binary,130000,mlp80,0.001,2026,fedavg,5,3362,0.9716153846153847,0.9699269230769232,0.9698826923076924,0.9716153846153847,0.9716038947362771,0.008269230769230806,0.9439950135380927,6.724,50,0.004115384615384632
lrsweep_cseciic,nf_cseciic_v2,binary,130000,kan16,0.01,31,fedavg,5,6560,0.9711923076923077,0.9715538461538461,0.9686673076923077,0.975,0.971186152781748,0.014192307692307726,0.9427874781205503,14.44,50,0.03236538461538463
lrsweep_cseciic,nf_cseciic_v2,binary,130000,kan8,0.1,2024,fedavg,5,3280,0.964173076923077,0.9601653846153845,0.9637749999999998,0.9755192307692307,0.96413024003265,0.0012692307692308002,0.9305714548812505,7.688,50,0.032442307692307715
lrsweep_cseciic,nf_cseciic_v2,binary,130000,mlp80,0.001,42,fedavg,5,3362,0.7222884615384615,0.7109076923076924,0.6891153846153845,0.7222884615384615,0.6992402997139551,0.0008846153846153726,0.5338679938994936,6.724,50,0.06869230769230761
lrsweep_cseciic,nf_cseciic_v2,binary,130000,mlp32,0.03,17,fedavg,5,1346,0.8625384615384616,0.8668076923076923,0.8773442307692308,0.9271153846153846,0.8621184480194124,0.19265384615384618,0.7295351518931619,2.692,50,0.05525000000000002
lrsweep_cseciic,nf_cseciic_v2,binary,130000,mlp80,0.1,23,fedavg,5,3362,0.9386923076923077,0.9384961538461539,0.9173307692307692,0.9438076923076923,0.9384744920126555,0.001807692307692288,0.8836637050558297,6.724,50,0.07963461538461547
lrsweep_cseciic,nf_cseciic_v2,binary,130000,kan8,0.003,23,fedavg,5,3280,0.9762115384615384,0.9752615384615385,0.9751980769230769,0.9762115384615384,0.9762020009469631,0.003769230769230747,0.9531874004310846,7.688,50,0.0017499999999999183
lrsweep_cseciic,nf_cseciic_v2,binary,130000,mlp80,0.001,17,fedavg,5,3362,0.6783846153846154,0.6701153846153846,0.6638653846153846,0.6783846153846154,0.6777899142312089,0.27865384615384614,0.35809354161949897,6.724,50,0.02273076923076922
lrsweep_cseciic,nf_cseciic_v2,binary,130000,mlp80,0.001,43,fedavg,5,3362,0.9150961538461538,0.9142884615384617,0.9138442307692308,0.9150961538461538,0.9149717522053649,0.12315384615384617,0.8326322688438429,6.724,50,0.0021730769230768887
lrsweep_cseciic,nf_cseciic_v2,binary,130000,mlp32,0.0003,31,fedavg,5,1346,0.9472692307692308,0.9438500000000001,0.9355673076923076,0.9482884615384616,0.9472657905641477,0.044653846153846155,0.8946551978355853,2.692,50,0.02448076923076925
lrsweep_cseciic,nf_cseciic_v2,binary,130000,kan16,0.01,37,fedavg,5,6560,0.9768653846153846,0.9761230769230769,0.9764461538461537,0.9768846153846154,0.9768539258620568,0.0008846153846153726,0.954676486708443,14.44,50,0.0036538461538461187
lrsweep_cseciic,nf_cseciic_v2,binary,130000,mlp32,0.03,43,fedavg,5,1346,0.8640192307692308,0.7989615384615385,0.8283576923076922,0.9253461538461538,0.8625495618345616,0.23938461538461542,0.7441252500272252,2.692,50,0.14919230769230762
lrsweep_cseciic,nf_cseciic_v2,binary,130000,mlp80,0.0003,23,fedavg,5,3362,0.9547115384615384,0.9512307692307692,0.9464461538461537,0.9547115384615384,0.9547028301308869,0.03142307692307689,0.9097729498792023,6.724,50,0.02728846153846154
lrsweep_cseciic,nf_cseciic_v2,binary,130000,kan16,0.03,11,fedavg,5,6560,0.96175,0.9591692307692308,0.9591576923076925,0.9730192307692308,0.9617097949306628,0.005846153846153834,0.925445497597412,14.44,50,0.04348076923076927
lrsweep_cseciic,nf_cseciic_v2,binary,130000,kan8,0.1,37,fedavg,5,3280,0.928923076923077,0.9539538461538462,0.9511326923076924,0.9728076923076923,0.9286062593838014,0.004461538461538517,0.8655626074153575,7.688,50,0.04548076923076916
lrsweep_cseciic,nf_cseciic_v2,binary,130000,kan16,0.0003,23,fedavg,5,6560,0.9596923076923077,0.9590115384615385,0.9585423076923076,0.9596923076923077,0.9596782191666484,0.021615384615384592,0.9200277599332166,14.44,50,0.0028269230769231157
lrsweep_cseciic,nf_cseciic_v2,binary,130000,kan16,0.03,29,fedavg,5,6560,0.9336153846153846,0.9390384615384615,0.9195788461538461,0.9624807692307692,0.9335681896294399,0.09303846153846151,0.8684656108515544,14.44,50,0.11976923076923074
lrsweep_cseciic,nf_cseciic_v2,binary,130000,kan8,0.001,2026,fedavg,5,3280,0.9744615384615385,0.9743076923076923,0.9739307692307693,0.9745384615384616,0.9744487354637148,0.0031538461538461737,0.9498754644852,7.688,50,0.0014038461538461444
lrsweep_cseciic,nf_cseciic_v2,binary,130000,kan16,0.0003,2026,fedavg,5,6560,0.9622307692307692,0.959123076923077,0.9576615384615386,0.9622307692307692,0.9622064158502135,0.012384615384615438,0.925655253216342,14.44,50,0.00634615384615389
lrsweep_cseciic,nf_cseciic_v2,binary,130000,mlp80,0.003,31,fedavg,5,3362,0.9276923076923077,0.9271615384615386,0.9250596153846153,0.9334423076923077,0.9276201375815911,0.10388461538461535,0.8570955465510868,6.724,50,0.013576923076923153
lrsweep_cseciic,nf_cseciic_v2,binary,130000,mlp32,0.003,23,fedavg,5,1346,0.9663653846153846,0.9661961538461539,0.9656538461538462,0.9665576923076923,0.9663607402950916,0.02188461538461539,0.9329884262376472,2.692,50,0.003750000000000031
lrsweep_cseciic,nf_cseciic_v2,binary,130000,mlp32,0.03,2024,fedavg,5,1346,0.9400576923076923,0.9404461538461538,0.9401403846153846,0.9416538461538462,0.9400318722807012,0.08069230769230773,0.8808742543393018,2.692,50,0.0032115384615384324
lrsweep_cseciic,nf_cseciic_v2,binary,130000,mlp32,0.1,31,fedavg,5,1346,0.5176346153846154,0.5179615384615384,0.5213269230769231,0.7143653846153846,0.37191275012894087,0.9640384615384615,0.13147336340425408,2.692,50,0.0556923076923076
lrsweep_cseciic,nf_cseciic_v2,binary,130000,mlp80,0.01,23,fedavg,5,3362,0.9754423076923077,0.9753346153846154,0.9751269230769232,0.9759615384615384,0.9754314133322377,0.0034999999999999476,0.9517290335565003,6.724,50,0.0023653846153846025
lrsweep_cseciic,nf_cseciic_v2,binary,130000,kan16,0.03,42,fedavg,5,6560,0.8846538461538461,0.775573076923077,0.7467403846153846,0.9678653846153846,0.8839266078900885,0.1945,0.7791326886870842,14.44,50,0.4469423076923077
lrsweep_cseciic,nf_cseciic_v2,binary,130000,kan8,0.03,2026,fedavg,5,3280,0.976326923076923,0.9756692307692306,0.9750826923076923,0.9766538461538462,0.9763153592875913,0.0015769230769230314,0.9535854583831225,7.688,50,0.005423076923076975
lrsweep_cseciic,nf_cseciic_v2,binary,130000,mlp32,0.01,31,fedavg,5,1346,0.9229615384615385,0.92265,0.9244846153846155,0.9331730769230769,0.9228543835426414,0.11430769230769235,0.848282881562575,2.692,50,0.015423076923076984
lrsweep_cseciic,nf_cseciic_v2,binary,130000,kan16,0.1,2024,fedavg,5,6560,0.9336153846153846,0.9317923076923076,0.9399826923076923,0.97475,0.9333330496863272,0.001307692307692343,0.8746708855014168,14.44,50,0.04728846153846156
lrsweep_cseciic,nf_cseciic_v2,binary,130000,kan16,0.001,2024,fedavg,5,6560,0.9744807692307692,0.9746846153846155,0.9741134615384615,0.9756538461538462,0.9744720141040117,0.007000000000000006,0.9496131242658028,14.44,50,0.0025576923076923164
lrsweep_cseciic,nf_cseciic_v2,binary,130000,mlp32,0.1,2024,fedavg,5,1346,0.620576923076923,0.6510923076923076,0.6738153846153846,0.8285961538461538,0.5605108906939986,0.7491153846153846,0.3581758959709256,2.692,50,0.15155769230769234
lrsweep_cseciic,nf_cseciic_v2,binary,130000,kan16,0.03,17,fedavg,5,6560,0.8779615384615385,0.9162923076923077,0.8343538461538461,0.9455192307692307,0.8771134027989628,0.2051153846153846,0.7665786407541281,14.44,50,0.3245192307692307
lrsweep_cseciic,nf_cseciic_v2,binary,130000,kan8,0.1,31,fedavg,5,3280,0.9543653846153846,0.9584307692307693,0.8654153846153845,0.9746730769230769,0.954302368511062,0.008499999999999952,0.9112474277864706,7.688,50,0.4717307692307692
lrsweep_cseciic,nf_cseciic_v2,binary,130000,kan16,0.003,23,fedavg,5,6560,0.9761538461538461,0.9762192307692308,0.9758826923076922,0.9765,0.9761447393728129,0.004307692307692346,0.9530356158120358,14.44,50,0.001788461538461572
lrsweep_cseciic,nf_cseciic_v2,binary,130000,mlp32,0.003,2026,fedavg,5,1346,0.968,0.9664846153846153,0.9661442307692308,0.9680384615384615,0.9679749612992907,0.004038461538461546,0.9374670607212868,2.692,50,0.005192307692307718
lrsweep_cseciic,nf_cseciic_v2,binary,130000,kan8,0.01,23,fedavg,5,3280,0.9683846153846154,0.9730307692307691,0.9724923076923077,0.9753846153846154,0.968380264162831,0.01988461538461539,0.9370271566558493,7.688,50,0.006673076923076948
lrsweep_cseciic,nf_cseciic_v2,binary,130000,mlp32,0.1,37,fedavg,5,1346,0.9331730769230769,0.9382461538461537,0.9389365384615387,0.9436538461538462,0.9328897036720132,0.0018461538461538307,0.8737564509526423,2.692,50,0.01190384615384621
lrsweep_cseciic,nf_cseciic_v2,binary,130000,mlp32,0.01,37,fedavg,5,1346,0.972,0.9717423076923076,0.9715461538461538,0.9748846153846153,0.9719791045363857,0.0006923076923076588,0.9454110580982082,2.692,50,0.0033653846153846034
lrsweep_cseciic,nf_cseciic_v2,binary,130000,kan16,0.03,43,fedavg,5,6560,0.9719807692307693,0.9691653846153846,0.9634384615384617,0.9730961538461539,0.9719750168024042,0.01369230769230767,0.9443492937098863,14.44,50,0.026519230769230684
lrsweep_cseciic,nf_cseciic_v2,binary,130000,kan16,0.01,2024,fedavg,5,6560,0.9766346153846154,0.9768615384615383,0.9764346153846153,0.9773653846153846,0.9766269613973391,0.005269230769230804,0.953894180439339,14.44,50,0.003634615384615403
lrsweep_cseciic,nf_cseciic_v2,binary,130000,mlp80,0.003,37,fedavg,5,3362,0.9755961538461538,0.9741115384615384,0.9733576923076923,0.9755961538461538,0.9755826914479664,0.0009230769230769154,0.9522429189089272,6.724,50,0.006000000000000005
lrsweep_cseciic,nf_cseciic_v2,binary,130000,mlp32,0.1,23,fedavg,5,1346,0.9640192307692308,0.9568423076923077,0.9528019230769231,0.9668269230769231,0.9639856015121877,0.005423076923076975,0.929776485512499,2.692,50,0.020961538461538476
lrsweep_cseciic,nf_cseciic_v2,binary,130000,mlp80,0.0003,2024,fedavg,5,3362,0.9562307692307692,0.9532423076923078,0.952698076923077,0.9562307692307692,0.9562302330511241,0.040269230769230724,0.9124838945908219,6.724,50,0.0046730769230769464
lrsweep_cseciic,nf_cseciic_v2,binary,130000,mlp80,0.01,31,fedavg,5,3362,0.9283461538461538,0.9265692307692308,0.9223307692307692,0.9295,0.928270568851973,0.10411538461538461,0.8585035169741443,6.724,50,0.0167115384615385
lrsweep_cseciic,nf_cseciic_v2,binary,130000,mlp32,0.01,23,fedavg,5,1346,0.9755,0.9747384615384617,0.9747288461538461,0.9755,0.9754906435169062,0.004961538461538462,0.9517269239324878,2.692,50,0.0015961538461538582
lrsweep_cseciic,nf_cseciic_v2,binary,130000,mlp32,0.003,31,fedavg,5,1346,0.9315961538461538,0.9280538461538461,0.9283326923076922,0.9315961538461538,0.9315506319533948,0.09419230769230769,0.8643427264640746,2.692,50,0.006596153846153752
lrsweep_cseciic,nf_cseciic_v2,binary,130000,mlp80,0.003,23,fedavg,5,3362,0.9738269230769231,0.9730692307692308,0.9732134615384614,0.9740192307692308,0.9738158985534497,0.0056538461538461204,0.9484528536710211,6.724,50,0.0020769230769230873
lrsweep_cseciic,nf_cseciic_v2,binary,130000,mlp80,0.03,2024,fedavg,5,3362,0.9312115384615385,0.9320961538461539,0.9276365384615385,0.9339038461538461,0.9311491748660545,0.09888461538461535,0.8639896636735089,6.724,50,0.03176923076923077
lrsweep_cseciic,nf_cseciic_v2,binary,130000,kan8,0.001,17,fedavg,5,3280,0.7496346153846154,0.7352346153846154,0.714526923076923,0.7496346153846154,0.7366015050154116,0.02792307692307694,0.5574765281494736,7.688,50,0.06463461538461535
lrsweep_cseciic,nf_cseciic_v2,binary,130000,kan8,0.001,43,fedavg,5,3280,0.9306923076923077,0.9300807692307693,0.9296615384615384,0.9306923076923077,0.930680102365657,0.0825769230769231,0.8616881079640053,7.688,50,0.00275000000000003
lrsweep_cseciic,nf_cseciic_v2,binary,130000,mlp80,0.003,2026,fedavg,5,3362,0.9651153846153846,0.9606038461538462,0.9586346153846153,0.9659230769230769,0.9650782361241269,0.002269230769230801,0.9322161982930498,6.724,50,0.022865384615384565
lrsweep_cseciic,nf_cseciic_v2,binary,130000,kan8,0.01,37,fedavg,5,3280,0.97675,0.9766846153846153,0.9766576923076922,0.9767692307692307,0.9767386428746531,0.001153846153846172,0.9544324396938104,7.688,50,0.00028846153846151523
lrsweep_cseciic,nf_cseciic_v2,binary,130000,kan16,0.0003,31,fedavg,5,6560,0.9546923076923077,0.9518461538461539,0.9504230769230769,0.9554423076923076,0.9546914366418795,0.04092307692307695,0.9094195829707812,14.44,50,0.0069423076923076366
lrsweep_cseciic,nf_cseciic_v2,binary,130000,kan16,0.003,37,fedavg,5,6560,0.9769807692307693,0.9767769230769231,0.9767538461538463,0.9769807692307693,0.9769694856329645,0.0008846153846153726,0.9548976847748416,14.44,50,0.0004230769230769704
lrsweep_cseciic,nf_cseciic_v2,binary,130000,kan8,0.001,29,fedavg,5,3280,0.9412692307692307,0.9374730769230769,0.9325884615384616,0.9412692307692307,0.9412626118649725,0.06934615384615384,0.8827374289512212,7.688,50,0.015769230769230758
lrsweep_cseciic,nf_cseciic_v2,binary,130000,mlp32,0.003,37,fedavg,5,1346,0.9692692307692308,0.9692999999999999,0.9690076923076922,0.9695961538461538,0.9692450526035513,0.0026923076923076605,0.9400176250301976,2.692,50,0.001807692307692288
lrsweep_cseciic,nf_cseciic_v2,binary,130000,kan8,0.001,11,fedavg,5,3280,0.9119038461538461,0.9108884615384614,0.9141192307692307,0.922826923076923,0.91187040093841,0.06861538461538463,0.8244336757285211,7.688,50,0.00957692307692315
lrsweep_cseciic,nf_cseciic_v2,binary,130000,mlp80,0.01,37,fedavg,5,3362,0.9750192307692308,0.9733576923076923,0.9715096153846154,0.9750192307692308,0.9750043915772006,0.0006153846153845732,0.9511684969534966,6.724,50,0.013923076923076927
lrsweep_cseciic,nf_cseciic_v2,binary,130000,kan8,0.1,23,fedavg,5,3280,0.938076923076923,0.9444076923076923,0.9505192307692308,0.9752115384615384,0.9378409389602238,0.0003076923076923421,0.8828831447261216,7.688,50,0.04482692307692304
lrsweep_cseciic,nf_cseciic_v2,binary,130000,kan8,0.01,31,fedavg,5,3280,0.9745576923076923,0.9735538461538461,0.9733807692307691,0.9745961538461538,0.9745476479567716,0.005576923076923035,0.9498653781134696,7.688,50,0.003442307692307689
lrsweep_cseciic,nf_cseciic_v2,binary,130000,kan16,0.0003,37,fedavg,5,6560,0.9533846153846154,0.9370807692307691,0.9295076923076924,0.9533846153846154,0.9533574037075501,0.02246153846153842,0.9078291195359185,14.44,50,0.039846153846153864
lrsweep_cseciic,nf_cseciic_v2,binary,130000,kan16,0.003,31,fedavg,5,6560,0.9677884615384615,0.9659538461538462,0.9657903846153845,0.9700961538461539,0.967784658305306,0.021346153846153793,0.935797903373585,14.44,50,0.008634615384615407
lrsweep_cseciic,nf_cseciic_v2,binary,130000,mlp80,0.1,2024,fedavg,5,3362,0.916,0.9142653846153846,0.9045826923076923,0.9182115384615385,0.9158307206379106,0.12884615384615383,0.8353669275251353,6.724,50,0.03965384615384615
lrsweep_cseciic,nf_cseciic_v2,binary,130000,kan8,0.0003,2024,fedavg,5,3280,0.9592307692307692,0.9555730769230768,0.954275,0.9592307692307692,0.9592131101365206,0.019961538461538475,0.9192578872967416,7.688,50,0.0072884615384615214
lrsweep_cseciic,nf_cseciic_v2,binary,130000,kan8,0.001,42,fedavg,5,3280,0.8569230769230769,0.8330384615384615,0.8204038461538461,0.8569230769230769,0.8539933346055175,0.0014230769230769713,0.7443425630772104,7.688,50,0.056288461538461565
lrsweep_cseciic,nf_cseciic_v2,binary,130000,kan16,0.1,43,fedavg,5,6560,0.6809038461538461,0.8047423076923076,0.811421153846154,0.9564230769230769,0.6468899280884142,0.6294615384615385,0.46147539694534784,14.44,50,0.2755192307692308
lrsweep_cseciic,nf_cseciic_v2,binary,130000,mlp32,0.001,42,fedavg,5,1346,0.5901538461538461,0.5768230769230769,0.5626038461538462,0.5901538461538461,0.507505204826656,0.00019230769230771383,0.31447877921423306,2.692,50,0.06098076923076923
lrsweep_cseciic,nf_cseciic_v2,binary,130000,kan8,0.03,17,fedavg,5,3280,0.7880192307692307,0.8734115384615386,0.8800076923076924,0.9294230769230769,0.7823352830287693,0.37357692307692303,0.6087056810650759,7.688,50,0.14140384615384616
lrsweep_cseciic,nf_cseciic_v2,binary,130000,kan8,0.0003,29,fedavg,5,3280,0.9341538461538461,0.9346500000000001,0.9344673076923076,0.9351346153846154,0.9340181694530839,0.020499999999999963,0.8719008294711685,7.688,50,0.0010769230769230864
lrsweep_cseciic,nf_cseciic_v2,binary,130000,kan16,0.001,17,fedavg,5,6560,0.852173076923077,0.8275384615384617,0.8205615384615385,0.852173076923077,0.8503579739904987,0.03769230769230769,0.7220811052381152,14.44,50,0.046038461538461584
lrsweep_cseciic,nf_cseciic_v2,binary,130000,kan8,0.003,2026,fedavg,5,3280,0.9758269230769231,0.9756769230769231,0.9757173076923078,0.9761923076923077,0.975814064450765,0.0011153846153846292,0.9526673701725851,7.688,50,0.0008846153846153726
lrsweep_cseciic,nf_cseciic_v2,binary,130000,mlp80,0.0003,37,fedavg,5,3362,0.9305,0.9297000000000001,0.9270634615384615,0.9305,0.9303982706890215,0.031269230769230716,0.8635279508471408,6.724,50,0.006826923076923119
lrsweep_cseciic,nf_cseciic_v2,binary,130000,mlp80,0.03,42,fedavg,5,3362,0.9272307692307692,0.8116615384615384,0.8667153846153847,0.9340961538461539,0.9268515677580269,0.0007692307692307443,0.863460796539118,6.724,50,0.2784423076923077
lrsweep_cseciic,nf_cseciic_v2,binary,130000,kan16,0.01,23,fedavg,5,6560,0.9740769230769231,0.9746076923076924,0.9749711538461538,0.9772307692307692,0.974067062077278,0.006423076923076976,0.9488757407595759,14.44,50,0.003134615384615347
lrsweep_cseciic,nf_cseciic_v2,binary,130000,kan8,0.0003,11,fedavg,5,3280,0.9226346153846153,0.9223230769230769,0.9223653846153846,0.9230576923076923,0.9222959392183441,0.011346153846153895,0.852735274505769,7.688,50,0.0008461538461538298
lrsweep_cseciic,nf_cseciic_v2,binary,130000,mlp80,0.03,29,fedavg,5,3362,0.9286153846153846,0.9277000000000001,0.9252211538461538,0.9353461538461538,0.9285499201708673,0.1016538461538462,0.8588059349861714,6.724,50,0.0180769230769231
lrsweep_cseciic,nf_cseciic_v2,binary,130000,mlp32,0.0003,2026,fedavg,5,1346,0.9256346153846153,0.9252961538461537,0.924878846153846,0.9256346153846153,0.9254209981483461,0.020846153846153848,0.856188133759997,2.692,50,0.0012884615384615161
lrsweep_cseciic,nf_cseciic_v2,binary,130000,mlp80,0.1,37,fedavg,5,3362,0.9634230769230769,0.9052038461538462,0.9199615384615385,0.9634230769230769,0.9633779185920457,0.001461538461538514,0.9291404143202422,6.724,50,0.19274999999999998
lrsweep_cseciic,nf_cseciic_v2,binary,130000,kan8,0.0003,42,fedavg,5,3280,0.5,0.5,0.5,0.5,0.3333333333333333,0.0,,7.688,50,0.0
lrsweep_cseciic,nf_cseciic_v2,binary,130000,kan16,0.001,43,fedavg,5,6560,0.9267692307692308,0.9249115384615385,0.9246134615384616,0.9278846153846154,0.9267459004221558,0.09107692307692306,0.8540826602988439,14.44,50,0.009442307692307694
lrsweep_cseciic,nf_cseciic_v2,binary,130000,mlp32,0.01,2024,fedavg,5,1346,0.9453076923076923,0.9391846153846155,0.9400365384615383,0.947173076923077,0.9452955097148144,0.06961538461538463,0.8910123267603722,2.692,50,0.02115384615384619
lrsweep_cseciic,nf_cseciic_v2,binary,130000,kan8,0.03,43,fedavg,5,3280,0.9640576923076923,0.9682115384615384,0.9561153846153845,0.9745769230769231,0.9640260175221123,0.006269230769230805,0.9297541099425713,7.688,50,0.12192307692307691
lrsweep_cseciic,nf_cseciic_v2,binary,130000,mlp80,0.03,11,fedavg,5,3362,0.9458653846153846,0.9427384615384616,0.9438769230769231,0.9521923076923077,0.945857712569159,0.06603846153846149,0.8919835959838477,6.724,50,0.015076923076923099
lrsweep_cseciic,nf_cseciic_v2,binary,130000,kan8,0.01,2026,fedavg,5,3280,0.976173076923077,0.9754192307692309,0.9754288461538462,0.9765192307692308,0.9761605710884016,0.0009230769230769154,0.9533469043015105,7.688,50,0.004538461538461491
lrsweep_cseciic,nf_cseciic_v2,binary,130000,mlp32,0.001,29,fedavg,5,1346,0.9425961538461538,0.9428653846153846,0.9422903846153845,0.9433269230769231,0.9425910770417654,0.06680769230769235,0.8853489084624724,2.692,50,0.00275000000000003
lrsweep_cseciic,nf_cseciic_v2,binary,130000,kan8,0.003,37,fedavg,5,3280,0.9755,0.9755730769230769,0.9755903846153847,0.9758653846153846,0.9754867271143373,0.0012307692307692575,0.9520315272914015,7.688,50,0.000500000000000056
lrsweep_cseciic,nf_cseciic_v2,binary,130000,kan16,0.003,2024,fedavg,5,6560,0.9755384615384616,0.9761230769230769,0.9755596153846152,0.9767307692307692,0.9755308355206485,0.006807692307692292,0.9516702999306716,14.44,50,0.0024999999999999467
lrsweep_cseciic,nf_cseciic_v2,binary,130000,kan16,0.1,17,fedavg,5,6560,0.5,0.5022576923076923,0.5011288461538462,0.9274038461538462,0.3333333333333333,0.0,,14.44,50,0.007365384615384607
lrsweep_cseciic,nf_cseciic_v2,binary,130000,mlp32,0.001,11,fedavg,5,1346,0.9136153846153846,0.9135153846153846,0.9134596153846154,0.9136153846153846,0.9134521932204419,0.042961538461538495,0.8303681199204718,2.692,50,0.00026923076923079936
lrsweep_cseciic,nf_cseciic_v2,binary,130000,mlp80,0.03,43,fedavg,5,3362,0.8709807692307693,0.8834038461538463,0.889398076923077,0.9525961538461538,0.8698405411308802,0.22261538461538466,0.7553129894949173,6.724,50,0.06555769230769226
lrsweep_cseciic,nf_cseciic_v2,binary,130000,kan8,0.03,11,fedavg,5,3280,0.970326923076923,0.9677423076923077,0.9667673076923077,0.970326923076923,0.9703198100942811,0.014192307692307726,0.9411050338869096,7.688,50,0.009692307692307667
lrsweep_cseciic,nf_cseciic_v2,binary,130000,kan16,0.001,11,fedavg,5,6560,0.9263461538461538,0.9239384615384617,0.9236826923076924,0.9263461538461538,0.9262589696951231,0.03926923076923072,0.8547157668034591,14.44,50,0.00919230769230761
lrsweep_cseciic,nf_cseciic_v2,binary,130000,mlp80,0.0003,31,fedavg,5,3362,0.9404807692307692,0.9403807692307691,0.9396653846153846,0.941,0.9404807422666085,0.060192307692307656,0.8809623366711178,6.724,50,0.0025192307692306626
lrsweep_cseciic,nf_cseciic_v2,binary,130000,kan16,0.001,29,fedavg,5,6560,0.9505384615384616,0.9509384615384615,0.9479057692307691,0.9518846153846154,0.9505383866143609,0.0506923076923077,0.9010796529791786,14.44,50,0.013865384615384668
lrsweep_cseciic,nf_cseciic_v2,binary,130000,mlp32,0.0003,23,fedavg,5,1346,0.9249807692307692,0.9223461538461539,0.9211615384615385,0.9249807692307692,0.9248291981786388,0.030115384615384655,0.8534100619606554,2.692,50,0.005057692307692263
lrsweep_cseciic,nf_cseciic_v2,binary,130000,kan8,0.0003,17,fedavg,5,3280,0.5,0.5,0.5,0.6231153846153846,0.3333333333333333,1.0,,7.688,50,0.0
lrsweep_cseciic,nf_cseciic_v2,binary,130000,kan8,0.03,29,fedavg,5,3280,0.6503653846153846,0.86025,0.8478942307692308,0.9597884615384615,0.6029540847396244,0.6951923076923077,0.4160955833112623,7.688,50,0.3094230769230769
lrsweep_cseciic,nf_cseciic_v2,binary,130000,mlp32,0.001,43,fedavg,5,1346,0.8908269230769231,0.8910692307692308,0.8901557692307692,0.899,0.8907682665651846,0.1323461538461539,0.782494683898124,2.692,50,0.0062884615384615206
lrsweep_cseciic,nf_cseciic_v2,binary,130000,mlp32,0.001,2026,fedavg,5,1346,0.9634230769230769,0.9629269230769232,0.9622807692307692,0.9634230769230769,0.9634043598772211,0.01396153846153847,0.9277956923862,2.692,50,0.0024038461538461453
lrsweep_cseciic,nf_cseciic_v2,binary,130000,kan16,0.1,42,fedavg,5,6560,0.8935192307692308,0.8883461538461539,0.8477096153846153,0.9509615384615384,0.892310548862643,0.0005384615384614877,0.8053235837085164,14.44,50,0.4414230769230769
lrsweep_cseciic,nf_cseciic_v2,binary,130000,kan8,0.003,31,fedavg,5,3280,0.97175,0.9703846153846154,0.9699038461538461,0.9722692307692308,0.9717410580409713,0.010461538461538411,0.9440976696302332,7.688,50,0.006076923076923091
lrsweep_cseciic,nf_cseciic_v2,binary,130000,kan16,0.1,29,fedavg,5,6560,0.507423076923077,0.8490961538461537,0.8911673076923077,0.9552115384615385,0.35503722124509274,0.9786538461538462,0.06335209076004013,14.44,50,0.42882692307692305
lrsweep_cseciic,nf_cseciic_v2,binary,130000,kan16,0.03,2024,fedavg,5,6560,0.9673653846153846,0.9728461538461538,0.9719942307692306,0.9766923076923076,0.9673635769510194,0.025192307692307736,0.9348343320700893,14.44,50,0.011192307692307613
lrsweep_cseciic,nf_cseciic_v2,binary,130000,mlp32,0.001,17,fedavg,5,1346,0.6884615384615385,0.6882923076923078,0.6874134615384616,0.6885576923076923,0.6754495444522889,0.5117692307692308,0.41134726123422405,2.692,50,0.0032115384615384324
lrsweep_cseciic,nf_cseciic_v2,binary,130000,kan16,0.1,11,fedavg,5,6560,0.7439615384615385,0.6255807692307692,0.5625057692307692,0.9123846153846153,0.7383277563455599,0.40276923076923077,0.5103953337779642,14.44,50,0.24626923076923074
lrsweep_cseciic,nf_cseciic_v2,binary,130000,kan8,0.0003,43,fedavg,5,3280,0.9153846153846154,0.9151538461538461,0.9148134615384615,0.9153846153846154,0.9152303897440366,0.041961538461538495,0.8338087517127726,7.688,50,0.001134615384615345
lrsweep_cseciic,nf_cseciic_v2,binary,130000,kan16,0.001,42,fedavg,5,6560,0.9010576923076923,0.8987923076923077,0.8943557692307692,0.9010576923076923,0.9001451563742919,0.0033461538461538876,0.8171904253864419,14.44,50,0.014384615384615329
lrsweep_cseciic,nf_cseciic_v2,binary,130000,kan8,0.03,42,fedavg,5,3280,0.92225,0.7584269230769232,0.7911807692307692,0.9644615384615385,0.9218618456842256,0.007269230769230806,0.8530173156665766,7.688,50,0.46198076923076925
lrsweep_cseciic,nf_cseciic_v2,binary,130000,mlp80,0.1,31,fedavg,5,3362,0.8254038461538461,0.8309461538461539,0.835298076923077,0.9234423076923077,0.8218908131084244,0.3150384615384615,0.678107242335154,6.724,50,0.029384615384615342
lrsweep_cseciic,nf_cseciic_v2,binary,130000,mlp80,0.03,17,fedavg,5,3362,0.7703076923076924,0.7512730769230769,0.7801096153846154,0.9280192307692308,0.7599128788915469,0.4377692307692308,0.5945439588658948,6.724,50,0.09861538461538455
lrsweep_cseciic,nf_cseciic_v2,binary,130000,kan8,0.003,43,fedavg,5,3280,0.969173076923077,0.9675730769230769,0.9669769230769232,0.969173076923077,0.9691662632944305,0.01596153846153847,0.9387611398044293,7.688,50,0.003961538461538461
lrsweep_cseciic,nf_cseciic_v2,binary,130000,kan8,0.0003,31,fedavg,5,3280,0.9630576923076923,0.9604538461538462,0.9587153846153846,0.9630576923076923,0.9630536040332134,0.026423076923076882,0.9263204098221827,7.688,50,0.006403846153846149
lrsweep_cseciic,nf_cseciic_v2,binary,130000,mlp80,0.0003,17,fedavg,5,3362,0.5033653846153846,0.5009807692307693,0.4992173076923077,0.5033653846153846,0.34669037486382337,0.9863461538461539,0.03335071653630552,6.724,50,0.00642307692307692
lrsweep_cseciic,nf_cseciic_v2,binary,130000,kan16,0.001,37,fedavg,5,6560,0.9755769230769231,0.975346153846154,0.9749634615384617,0.9755769230769231,0.9755652203717644,0.0025384615384614895,0.9520662416814306,14.44,50,0.001134615384615456
lrsweep_cseciic,nf_cseciic_v2,binary,130000,mlp80,0.1,43,fedavg,5,3362,0.52125,0.593153846153846,0.6097153846153847,0.9242692307692307,0.3791576660078791,0.9571538461538461,0.14618797572627298,6.724,50,0.31065384615384617
lrsweep_cseciic,nf_cseciic_v2,binary,130000,kan8,0.03,37,fedavg,5,3280,0.9764807692307692,0.9719192307692307,0.9717076923076922,0.9766346153846154,0.9764688769544969,0.0010384615384615437,0.9539262262303605,7.688,50,0.023615384615384594
lrsweep_cseciic,nf_cseciic_v2,binary,130000,mlp80,0.03,31,fedavg,5,3362,0.5719807692307692,0.6004038461538462,0.6468884615384616,0.8917692307692308,0.47726189583753453,0.8536923076923078,0.2744192606522495,6.724,50,0.23363461538461539
lrsweep_cseciic,nf_cseciic_v2,binary,130000,mlp80,0.1,17,fedavg,5,3362,0.5808076923076924,0.5922269230769232,0.6170134615384615,0.8362115384615385,0.49477664421391776,0.8318461538461539,0.2862053627960474,6.724,50,0.10550000000000004
lrsweep_cseciic,nf_cseciic_v2,binary,130000,mlp80,0.0003,43,fedavg,5,3362,0.9134038461538462,0.9133769230769231,0.9133865384615383,0.9243846153846154,0.9132662705170728,0.046769230769230785,0.8294431779911843,6.724,50,0.0002115384615384297
lrsweep_cseciic,nf_cseciic_v2,binary,130000,mlp32,0.03,23,fedavg,5,1346,0.9663846153846154,0.9662461538461539,0.9635884615384617,0.9697115384615385,0.9663477113190869,0.0004999999999999449,0.9348217889402052,2.692,50,0.026576923076923054
lrsweep_cseciic,nf_cseciic_v2,binary,130000,mlp80,0.001,23,fedavg,5,3362,0.9646923076923077,0.9641076923076923,0.9637192307692309,0.9646923076923077,0.9646863396837142,0.02230769230769236,0.9296989067393118,6.724,50,0.0025576923076923164
lrsweep_cseciic,nf_cseciic_v2,binary,130000,mlp32,0.001,31,fedavg,5,1346,0.9244038461538462,0.9153653846153846,0.9126749999999999,0.9244038461538462,0.9243370527564185,0.10530769230769232,0.8503102861399661,2.692,50,0.015673076923076956
lrsweep_cseciic,nf_cseciic_v2,binary,130000,kan16,0.1,37,fedavg,5,6560,0.93325,0.9368461538461539,0.938,0.9713653846153846,0.933041601866134,0.010961538461538467,0.8719445963595093,14.44,50,0.01819230769230773
lrsweep_cseciic,nf_cseciic_v2,binary,130000,kan8,0.003,17,fedavg,5,3280,0.8973461538461538,0.9061807692307692,0.9079076923076924,0.9137884615384615,0.8973291091113462,0.08976923076923082,0.7949562981839944,7.688,50,0.015461538461538527
lrsweep_cseciic,nf_cseciic_v2,binary,130000,mlp80,0.1,42,fedavg,5,3362,0.5575769230769231,0.624776923076923,0.6383769230769232,0.9270384615384616,0.45004127301615326,0.0002307692307692566,0.24670949195574968,6.724,50,0.2675384615384616
lrsweep_cseciic,nf_cseciic_v2,binary,130000,kan8,0.0003,37,fedavg,5,3280,0.90925,0.9052884615384615,0.9033307692307693,0.9118461538461539,0.9091700249795868,0.06107692307692303,0.8199451831125051,7.688,50,0.008076923076923093
lrsweep_cseciic,nf_cseciic_v2,binary,130000,kan8,0.1,2026,fedavg,5,3280,0.9691923076923077,0.9736384615384616,0.9714403846153846,0.975423076923077,0.9691636221518144,0.0003076923076923421,0.9401353673905639,7.688,50,0.025788461538461482
lrsweep_cseciic,nf_cseciic_v2,binary,130000,mlp80,0.0003,11,fedavg,5,3362,0.9113076923076923,0.9111576923076923,0.9111442307692308,0.91575,0.9110847196169134,0.03861538461538461,0.826772426991931,6.724,50,0.0004615384615385132
lrsweep_cseciic,nf_cseciic_v2,binary,130000,mlp80,0.0003,29,fedavg,5,3362,0.9250961538461538,0.9252692307692307,0.9258519230769231,0.926826923076923,0.9250091700022822,0.040846153846153865,0.8521715185929413,6.724,50,0.0017307692307692024
lrsweep_cseciic,nf_cseciic_v2,binary,130000,kan16,0.001,31,fedavg,5,6560,0.9673846153846154,0.9671615384615384,0.9668942307692306,0.9678653846153846,0.9673798576693,0.020538461538461505,0.9350420261948096,14.44,50,0.0020769230769230873
lrsweep_cseciic,nf_cseciic_v2,binary,130000,kan8,0.03,31,fedavg,5,3280,0.9615576923076923,0.9543115384615385,0.9300461538461539,0.9687307692307693,0.9615565696998152,0.03303846153846157,0.9231693021449852,7.688,50,0.18634615384615394
lrsweep_cseciic,nf_cseciic_v2,binary,130000,mlp80,0.001,2024,fedavg,5,3362,0.95425,0.9548307692307691,0.9536673076923078,0.95525,0.9542495052550973,0.049038461538461586,0.9085196496378445,6.724,50,0.004096153846153916
lrsweep_cseciic,nf_cseciic_v2,binary,130000,kan8,0.003,42,fedavg,5,3280,0.9110192307692307,0.9019,0.8927038461538462,0.91225,0.910334842587128,0.0016153846153845741,0.8348820793542088,7.688,50,0.05965384615384606
lrsweep_cseciic,nf_cseciic_v2,binary,130000,kan16,0.1,31,fedavg,5,6560,0.49934615384615383,0.49918076923076926,0.49953653846153845,0.9562307692307692,0.3330426083164456,1.0,-0.025578779258417755,14.44,50,0.004557692307692318
lrsweep_cseciic,nf_cseciic_v2,binary,130000,kan8,0.003,29,fedavg,5,3280,0.9669423076923077,0.9655000000000001,0.9646884615384617,0.9669423076923077,0.9669380946347375,0.021769230769230763,0.9341227150561507,7.688,50,0.004538461538461602
lrsweep_cseciic,nf_cseciic_v2,binary,130000,mlp32,0.001,37,fedavg,5,1346,0.9620576923076923,0.9617923076923077,0.9617173076923077,0.9621153846153846,0.9620349395408798,0.013461538461538414,0.9252250396907938,2.692,50,0.0007307692307692015
lrsweep_cseciic,nf_cseciic_v2,binary,130000,mlp80,0.01,2026,fedavg,5,3362,0.975173076923077,0.9752153846153847,0.9746384615384617,0.9755576923076923,0.9751586534254089,0.0007307692307692015,0.9514516686549,6.724,50,0.005346153846153778
lrsweep_cseciic,nf_cseciic_v2,binary,130000,kan8,0.003,11,fedavg,5,3280,0.9113846153846153,0.9137846153846153,0.9161653846153847,0.9239615384615385,0.9112305966616685,0.0469615384615385,0.825639258124344,7.688,50,0.010038461538461552
lrsweep_cseciic,nf_cseciic_v2,binary,130000,mlp80,0.0003,42,fedavg,5,3362,0.5,0.5,0.5,0.5,0.3333333333333333,0.0,,6.724,50,0.0
lrsweep_cseciic,nf_cseciic_v2,binary,130000,mlp80,0.03,37,fedavg,5,3362,0.9504807692307692,0.9528884615384616,0.9578692307692306,0.9709230769230769,0.9503631761991747,0.0008461538461538298,0.905260998906757,6.724,50,0.02774999999999994
lrsweep_cseciic,nf_cseciic_v2,binary,130000,mlp80,0.1,11,fedavg,5,3362,0.8429807692307693,0.8679576923076923,0.8656365384615384,0.9086153846153846,0.8406378973180593,0.2782692307692308,0.7070664789275011,6.724,50,0.1061923076923077
lrsweep_cseciic,nf_cseciic_v2,binary,130000,mlp80,0.1,29,fedavg,5,3362,0.5335769230769231,0.54665,0.5425519230769231,0.6232884615384615,0.40462999678996964,0.9318076923076923,0.1836775713014607,6.724,50,0.1050192307692307
lrsweep_cseciic,nf_cseciic_v2,binary,130000,kan16,0.0003,42,fedavg,5,6560,0.5,0.5,0.5,0.8123846153846154,0.3333333333333333,0.0,,14.44,50,0.0
lrsweep_cseciic,nf_cseciic_v2,binary,130000,mlp80,0.01,29,fedavg,5,3362,0.924923076923077,0.9137961538461539,0.9067057692307694,0.924923076923077,0.9248324077940933,0.10980769230769227,0.851903816484577,6.724,50,0.040576923076923066
lrsweep_cseciic,nf_cseciic_v2,binary,130000,kan8,0.01,43,fedavg,5,3280,0.9554807692307692,0.9314307692307692,0.9199576923076924,0.9661153846153846,0.9554807619700503,0.044923076923076954,0.9109618356022448,7.688,50,0.11213461538461533
lrsweep_cseciic,nf_cseciic_v2,binary,130000,mlp80,0.01,11,fedavg,5,3362,0.9578076923076924,0.9568461538461538,0.9563288461538463,0.9588269230769231,0.9578073776730633,0.03946153846153844,0.9156290405929403,6.724,50,0.006538461538461493
lrsweep_cseciic,nf_cseciic_v2,binary,130000,kan16,0.003,43,fedavg,5,6560,0.9669423076923077,0.9667884615384615,0.9664653846153847,0.9675192307692307,0.9669379205964674,0.021538461538461506,0.934132553387865,14.44,50,0.0030192307692307185
lrsweep_cseciic,nf_cseciic_v2,binary,130000,mlp32,0.003,29,fedavg,5,1346,0.8971153846153846,0.8977038461538461,0.8961865384615383,0.8998076923076923,0.8967139071415315,0.16523076923076918,0.8004781338305457,2.692,50,0.008730769230769209
lrsweep_cseciic,nf_cseciic_v2,binary,130000,kan8,0.001,37,fedavg,5,3280,0.9739615384615384,0.9733307692307692,0.9730557692307691,0.9739615384615384,0.9739482594346229,0.003461538461538516,0.9488909030061197,7.688,50,0.0014999999999999458
lrsweep_cseciic,nf_cseciic_v2,binary,130000,kan16,0.01,2026,fedavg,5,6560,0.9760961538461539,0.9761884615384615,0.9760596153846153,0.9764615384615385,0.9760847602774809,0.0020769230769230873,0.9531008830539167,14.44,50,0.0013269230769230589
lrsweep_cseciic,nf_cseciic_v2,binary,130000,mlp32,0.003,11,fedavg,5,1346,0.9245769230769231,0.9242153846153848,0.9248230769230767,0.92675,0.9245007228627099,0.043653846153846154,0.8508731284623628,2.692,50,0.0028846153846153744
lrsweep_cseciic,nf_cseciic_v2,binary,130000,mlp32,0.003,42,fedavg,5,1346,0.9248461538461539,0.9244076923076923,0.9241884615384615,0.9249807692307692,0.9245134910545515,0.008769230769230751,0.8572818429841838,2.692,50,0.0013846153846153175
lrsweep_cseciic,nf_cseciic_v2,binary,130000,mlp32,0.003,2024,fedavg,5,1346,0.938076923076923,0.9391615384615385,0.9385461538461538,0.9396538461538462,0.938047874403405,0.0835769230769231,0.8769766416291441,2.692,50,0.002942307692307744
lrsweep_cseciic,nf_cseciic_v2,binary,130000,mlp32,0.1,2026,fedavg,5,1346,0.9629230769230769,0.9637961538461539,0.9564192307692307,0.970326923076923,0.9628746535538553,0.0009615384615384581,0.9282708468895933,2.692,50,0.033173076923076916
lrsweep_cseciic,nf_cseciic_v2,binary,130000,kan16,0.003,17,fedavg,5,6560,0.9172884615384616,0.9180961538461538,0.9187711538461538,0.9210961538461538,0.9171033896748726,0.03546153846153843,0.8383285594318738,14.44,50,0.003249999999999975
lrsweep_cseciic,nf_cseciic_v2,binary,130000,kan16,0.0003,11,fedavg,5,6560,0.9180576923076923,0.9181807692307693,0.9182019230769229,0.9213269230769231,0.9177809238934783,0.023923076923076936,0.841801992083226,14.44,50,0.00038461538461542766
lrsweep_cseciic,nf_cseciic_v2,binary,130000,kan8,0.01,17,fedavg,5,3280,0.6797115384615384,0.6923307692307693,0.697046153846154,0.9148076923076923,0.649386044159203,0.6143846153846153,0.4444339083460709,7.688,50,0.04990384615384624
lrsweep_cseciic,nf_cseciic_v2,binary,130000,kan16,0.03,23,fedavg,5,6560,0.969,0.9559115384615385,0.9603519230769232,0.9772307692307692,0.968978655663072,0.004769230769230748,0.939293458423348,14.44,50,0.0671346153846154
lrsweep_cseciic,nf_cseciic_v2,binary,130000,kan16,0.0003,29,fedavg,5,6560,0.9306538461538462,0.9307923076923078,0.9309557692307694,0.9315576923076923,0.9305317526261763,0.027423076923076883,0.8643513226747624,14.44,50,0.0007692307692307443
lrsweep_cseciic,nf_cseciic_v2,binary,130000,mlp80,0.01,42,fedavg,5,3362,0.9305192307692308,0.9298307692307693,0.9276480769230769,0.9316730769230769,0.9301970091924088,0.0015384615384614886,0.8690996477695199,6.724,50,0.02182692307692302
lrsweep_cseciic,nf_cseciic_v2,binary,130000,kan8,0.001,31,fedavg,5,3280,0.9644230769230769,0.9639846153846154,0.962523076923077,0.9647115384615385,0.9644192114072558,0.025153846153846193,0.9290480403293135,7.688,50,0.005750000000000033
lrsweep_cseciic,nf_cseciic_v2,binary,130000,kan8,0.03,2024,fedavg,5,3280,0.9721923076923077,0.9727730769230769,0.9708596153846154,0.9764615384615385,0.9721872964273552,0.01438461538461544,0.9447251159888973,7.688,50,0.021346153846153904
lrsweep_cseciic,nf_cseciic_v2,binary,130000,mlp32,0.003,17,fedavg,5,1346,0.9126923076923077,0.9131038461538461,0.9137480769230768,0.91475,0.9124336801781058,0.03296153846153849,0.8303037992944474,2.692,50,0.0025769230769230322
lrsweep_cseciic,nf_cseciic_v2,binary,130000,kan16,0.1,2026,fedavg,5,6560,0.9733653846153846,0.9657884615384615,0.9591326923076924,0.9747692307692307,0.9733469111761823,0.0003076923076923421,0.948045875608107,14.44,50,0.06855769230769226
lrsweep_cseciic,nf_cseciic_v2,binary,130000,kan16,0.001,2026,fedavg,5,6560,0.9748461538461538,0.9746576923076923,0.9745807692307691,0.9748461538461538,0.9748325717744148,0.0019230769230769162,0.9507190085368151,14.44,50,0.00046153846153840217
lrsweep_cseciic,nf_cseciic_v2,binary,130000,kan8,0.01,42,fedavg,5,3280,0.9503653846153847,0.9539346153846153,0.9536711538461539,0.9632884615384616,0.9502493773314532,0.0013461538461538858,0.9049609880124361,7.688,50,0.02251923076923079
lrsweep_cseciic,nf_cseciic_v2,binary,130000,kan16,0.003,42,fedavg,5,6560,0.9221346153846154,0.9176,0.9152115384615384,0.9263653846153846,0.92167415649206,0.0011923076923077147,0.8543743138533603,14.44,50,0.016423076923076985
lrsweep_cseciic,nf_cseciic_v2,binary,130000,mlp80,0.01,17,fedavg,5,3362,0.8956923076923077,0.8922923076923077,0.8973442307692308,0.9187884615384615,0.8956409109953503,0.08211538461538459,0.792165280508191,6.724,50,0.041211538461538466
lrsweep_cseciic,nf_cseciic_v2,binary,130000,kan16,0.0003,43,fedavg,5,6560,0.9137884615384615,0.9185846153846153,0.9169038461538461,0.9213653846153846,0.913749936052705,0.06507692307692303,0.8283172260674404,14.44,50,0.008576923076923149
lrsweep_cseciic,nf_cseciic_v2,binary,130000,mlp32,0.03,2026,fedavg,5,1346,0.9747307692307692,0.9731576923076922,0.9739000000000001,0.9751153846153846,0.974715829727179,0.0009615384615384581,0.9505855363489003,2.692,50,0.00438461538461532
lrsweep_cseciic,nf_cseciic_v2,binary,130000,kan16,0.003,11,fedavg,5,6560,0.9327692307692308,0.9265346153846152,0.9259538461538461,0.9327692307692308,0.9326337452724669,0.022384615384615336,0.8690411121036263,14.44,50,0.01121153846153844
lrsweep_cseciic,nf_cseciic_v2,binary,130000,kan8,0.001,2024,fedavg,5,3280,0.9735769230769231,0.973273076923077,0.9729865384615384,0.9735961538461538,0.9735675348596446,0.007576923076923037,0.9478273794088834,7.688,50,0.00148076923076923
lrsweep_cseciic,nf_cseciic_v2,binary,130000,kan16,0.0003,17,fedavg,5,6560,0.5000384615384615,0.5000115384615385,0.5000057692307692,0.5000384615384615,0.3334187977212585,0.9999230769230769,0.006201855997068719,14.44,50,3.8461538461542766e-05
lrsweep_cseciic,nf_cseciic_v2,binary,130000,mlp80,0.01,43,fedavg,5,3362,0.9239807692307692,0.9289461538461538,0.9303250000000001,0.9423461538461538,0.9238682609077129,0.1144615384615385,0.8504789586027449,6.724,50,0.027980769230769198
lrsweep_cseciic,nf_cseciic_v2,binary,130000,kan8,0.01,11,fedavg,5,3280,0.9568653846153846,0.9542076923076923,0.9525653846153848,0.9577115384615384,0.9568340509734041,0.016192307692307728,0.9150601972781601,7.688,50,0.01559615384615387
lrsweep_cseciic,nf_cseciic_v2,binary,130000,kan16,0.0003,2024,fedavg,5,6560,0.9614423076923077,0.9611346153846154,0.9600499999999998,0.962173076923077,0.9614253896299909,0.01761538461538459,0.9236951999932784,14.44,50,0.004038461538461546
lrsweep_cseciic,nf_cseciic_v2,binary,130000,kan8,0.01,29,fedavg,5,3280,0.9515769230769231,0.9603000000000002,0.9612346153846154,0.9720192307692308,0.9515743097372685,0.05576923076923079,0.9032513410965297,7.688,50,0.016634615384615414
lrsweep_cseciic,nf_cseciic_v2,binary,130000,kan16,0.003,29,fedavg,5,6560,0.9748269230769231,0.9744384615384615,0.9736826923076924,0.9748269230769231,0.9748174791752737,0.0058076923076922915,0.9503669233073142,14.44,50,0.002769230769230746
lrsweep_cseciic,nf_cseciic_v2,binary,130000,mlp32,0.003,43,fedavg,5,1346,0.9405576923076923,0.9306192307692308,0.9297057692307691,0.9405576923076923,0.9405392012087149,0.07707692307692304,0.8816639143382646,2.692,50,0.013826923076923014
lrsweep_cseciic,nf_cseciic_v2,binary,130000,mlp32,0.01,42,fedavg,5,1346,0.9244423076923077,0.9243,0.9240326923076922,0.9244423076923077,0.9240394310098604,0.0027307692307692033,0.8580350321815353,2.692,50,0.0010576923076923705
lrsweep_cseciic,nf_cseciic_v2,binary,130000,mlp80,0.1,2026,fedavg,5,3362,0.9448461538461539,0.9497307692307693,0.945346153846154,0.9733653846153846,0.944679978967887,0.0003461538461538849,0.8950860263968852,6.724,50,0.03655769230769235
lrsweep_cseciic,nf_cseciic_v2,binary,130000,kan8,0.0003,2026,fedavg,5,3280,0.9564615384615385,0.9563884615384616,0.9516192307692307,0.9566538461538462,0.9564247944429769,0.014499999999999957,0.914466595012885,7.688,50,0.025153846153846193
lrsweep_cseciic,nf_cseciic_v2,binary,130000,mlp32,0.1,42,fedavg,5,1346,0.909923076923077,0.7219615384615385,0.6939365384615385,0.909923076923077,0.9092213152549915,0.002153846153846173,0.8328234923003816,2.692,50,0.40575000000000006
lrsweep_cseciic,nf_cseciic_v2,binary,130000,kan8,0.1,17,fedavg,5,3280,0.5,0.5,0.4999923076923077,0.9233461538461538,0.3333333333333333,1.0,,7.688,50,7.692307692308553e-05
lrsweep_cseciic,nf_cseciic_v2,binary,130000,kan16,0.03,31,fedavg,5,6560,0.9675192307692307,0.9702653846153847,0.9675288461538463,0.9747307692307692,0.967515062978241,0.02115384615384619,0.935278483273912,14.44,50,0.018269230769230815
lrsweep_cseciic,nf_cseciic_v2,binary,130000,mlp80,0.003,42,fedavg,5,3362,0.8928461538461538,0.8324730769230768,0.8234173076923075,0.8928461538461538,0.8916884792954833,0.003769230769230747,0.8030463472817524,6.724,50,0.1094615384615385
lrsweep_cseciic,nf_cseciic_v2,binary,130000,mlp80,0.003,29,fedavg,5,3362,0.9244615384615384,0.9232538461538461,0.9214903846153846,0.9245769230769231,0.9243707160823763,0.1101923076923077,0.8509693768791405,6.724,50,0.012865384615384556
lrsweep_cseciic,nf_cseciic_v2,binary,130000,mlp80,0.003,11,fedavg,5,3362,0.9299038461538461,0.9306230769230769,0.9281884615384616,0.9315,0.9298806884992037,0.05192307692307696,0.8603761770376659,6.724,50,0.007423076923076866
lrsweep_cseciic,nf_cseciic_v2,binary,130000,mlp32,0.1,29,fedavg,5,1346,0.5373461538461538,0.5475423076923077,0.542923076923077,0.7516730769230769,0.41179795697465127,0.9246538461538462,0.1953289194645901,2.692,50,0.022961538461538478
lrsweep_cseciic,nf_cseciic_v2,binary,130000,mlp32,0.01,11,fedavg,5,1346,0.9540192307692308,0.9521961538461537,0.9491903846153846,0.9540192307692308,0.9540192201412768,0.045499999999999985,0.9080388813050533,2.692,50,0.021711538461538504
lrsweep_cseciic,nf_cseciic_v2,binary,130000,kan8,0.1,43,fedavg,5,3280,0.9398076923076923,0.9461269230769231,0.8528903846153847,0.9682884615384615,0.9396435212569555,0.00803846153846155,0.8844399385389906,7.688,50,0.4682884615384615
lrsweep_cseciic,nf_cseciic_v2,binary,130000,mlp32,0.01,29,fedavg,5,1346,0.9186923076923077,0.9164192307692307,0.9163230769230768,0.9200961538461538,0.9185574499132614,0.122,0.8401716578598714,2.692,50,0.010615384615384582
lrsweep_cseciic,nf_cseciic_v2,binary,130000,mlp32,0.1,11,fedavg,5,1346,0.8875384615384615,0.8661923076923077,0.8722942307692307,0.9059230769230769,0.8869378565329233,0.18534615384615383,0.7834451991633697,2.692,50,0.11198076923076916
lrsweep_cseciic,nf_cseciic_v2,binary,130000,mlp80,0.003,43,fedavg,5,3362,0.9374615384615385,0.9389615384615384,0.9374365384615384,0.9401923076923077,0.937433845626503,0.0835769230769231,0.8756986182951496,6.724,50,0.007884615384615379
lrsweep_cseciic,nf_cseciic_v2,binary,130000,mlp32,0.1,43,fedavg,5,1346,0.5326538461538461,0.5394884615384615,0.5407365384615386,0.9293653846153846,0.40285086345951354,0.9335769230769231,0.18077290063438944,2.692,50,0.06348076923076929
lrsweep_cseciic,nf_cseciic_v2,binary,130000,kan8,0.1,29,fedavg,5,3280,0.9291153846153846,0.929803846153846,0.9286499999999999,0.9328653846153846,0.9287774270799902,0.0020000000000000018,0.8664933419032015,7.688,50,0.009461538461538521
lrsweep_cseciic,nf_cseciic_v2,binary,130000,kan8,0.1,11,fedavg,5,3280,0.5046346153846154,0.45737307692307694,0.4310096153846154,0.9319807692307692,0.3435836862983365,3.8461538461542766e-05,0.06795624260624729,7.688,50,0.8385384615384615
lrsweep_cseciic,nf_cseciic_v2,binary,130000,mlp32,0.01,43,fedavg,5,1346,0.9189615384615385,0.9114423076923076,0.9107057692307692,0.9233846153846154,0.9188154291722928,0.12346153846153851,0.8409555089189867,2.692,50,0.025519230769230794
lrsweep_cseciic,nf_cseciic_v2,binary,130000,kan16,0.03,37,fedavg,5,6560,0.9765769230769231,0.9765346153846155,0.9765730769230769,0.9767307692307692,0.9765658568574783,0.0016923076923076597,0.9540553321593368,14.44,50,0.000326923076923058
lrsweep_cseciic,nf_cseciic_v2,binary,130000,mlp80,0.003,2024,fedavg,5,3362,0.9540384615384615,0.9531000000000001,0.9496499999999999,0.9547692307692308,0.9540367209172418,0.05211538461538456,0.9081457083154356,6.724,50,0.010961538461538467
lrsweep_cseciic,nf_cseciic_v2,binary,130000,mlp32,0.01,17,fedavg,5,1346,0.9125384615384615,0.9138961538461539,0.9146000000000001,0.9178846153846154,0.9123637177734095,0.042807692307692324,0.8283870879841025,2.692,50,0.003461538461538516
lrsweep_cseciic,nf_cseciic_v2,binary,130000,mlp80,0.03,2026,fedavg,5,3362,0.972,0.9746461538461538,0.9736423076923076,0.9756923076923077,0.9719793980181952,0.0008846153846153726,0.9453912102188202,6.724,50,0.009019230769230835
lrsweep_cseciic,nf_cseciic_v2,binary,130000,kan8,0.1,42,fedavg,5,3280,0.5030961538461538,0.5014923076923077,0.5003711538461538,0.9255961538461538,0.3402104763582514,0.9937692307692307,0.05538754860515546,7.688,50,0.006826923076923064
lrsweep_cseciic,nf_cseciic_v2,binary,130000,mlp32,0.1,17,fedavg,5,1346,0.5697692307692308,0.6035884615384616,0.5980942307692306,0.9217115384615384,0.4755341720685866,0.8541153846153846,0.2630987859118855,2.692,50,0.08228846153846148
lrsweep_cseciic,nf_cseciic_v2,binary,130000,kan8,0.001,23,fedavg,5,3280,0.9722307692307692,0.9717653846153846,0.9714807692307692,0.9722307692307692,0.9722219604281583,0.009961538461538466,0.9450611126956339,7.688,50,0.0014423076923076872
lrsweep_cseciic,nf_cseciic_v2,binary,130000,mlp80,0.0003,2026,fedavg,5,3362,0.940076923076923,0.9375846153846152,0.93435,0.9408846153846154,0.9399779100691166,0.01930769230769236,0.8830721163748056,6.724,50,0.010115384615384637
lrsweep_cseciic,nf_cseciic_v2,binary,130000,mlp80,0.003,17,fedavg,5,3362,0.9121153846153847,0.9124769230769232,0.9130230769230769,0.9159038461538461,0.9117526188212479,0.023769230769230765,0.8310919677407048,6.724,50,0.0021730769230768887
lrsweep_cseciic,nf_cseciic_v2,binary,130000,mlp32,0.001,23,fedavg,5,1346,0.9608076923076924,0.9597576923076924,0.958998076923077,0.9608076923076924,0.9608046782106392,0.030423076923076886,0.9217571606791942,2.692,50,0.0041730769230770015
lrsweep_cseciic,nf_cseciic_v2,binary,130000,mlp80,0.001,31,fedavg,5,3362,0.9186923076923077,0.9184999999999999,0.9164173076923076,0.9195961538461539,0.9185662384718665,0.12065384615384611,0.8399894629396388,6.724,50,0.009596153846153865
lrsweep_cseciic,nf_cseciic_v2,binary,130000,kan16,0.01,42,fedavg,5,6560,0.9729615384615384,0.9631692307692307,0.9542865384615384,0.9729615384615384,0.9729475607943519,0.004307692307692346,0.9469020886744622,14.44,50,0.06105769230769231
lrsweep_cseciic,nf_cseciic_v2,binary,130000,mlp80,0.03,23,fedavg,5,3362,0.9683076923076923,0.9656653846153846,0.9659211538461537,0.973326923076923,0.9682779591825228,0.0010769230769230864,0.9383761197108113,6.724,50,0.011326923076923068
lrsweep_cseciic,nf_cseciic_v2,binary,130000,mlp32,0.0003,43,fedavg,5,1346,0.9137115384615384,0.913696153846154,0.9136749999999999,0.9137115384615384,0.9135671974393258,0.0454230769230769,0.8302005591283129,2.692,50,7.692307692297451e-05
lrsweep_cseciic,nf_cseciic_v2,binary,130000,kan16,0.03,2026,fedavg,5,6560,0.9762692307692308,0.9761576923076923,0.9751846153846154,0.9767115384615385,0.9762588756704623,0.0028461538461538316,0.9533704823880664,14.44,50,0.010211538461538439
lrsweep_cseciic,nf_cseciic_v2,binary,130000,mlp32,0.03,31,fedavg,5,1346,0.8162307692307692,0.8021307692307692,0.829226923076923,0.8910576923076923,0.8120450457647347,0.33299999999999996,0.6626646934354006,2.692,50,0.11515384615384616
lrsweep_cseciic,nf_cseciic_v2,binary,130000,kan16,0.01,11,fedavg,5,6560,0.9571923076923077,0.957123076923077,0.9558019230769231,0.9604038461538461,0.9571551190962433,0.013346153846153896,0.915976099955733,14.44,50,0.021557692307692222
lrsweep_cseciic,nf_cseciic_v2,binary,130000,kan8,0.0003,23,fedavg,5,3280,0.9538461538461539,0.9537769230769231,0.9536115384615386,0.9538461538461539,0.9538198092086435,0.02226923076923082,0.9087297147441257,7.688,50,0.000653846153846227
lrsweep_cseciic,nf_cseciic_v2,binary,130000,mlp32,0.0003,17,fedavg,5,1346,0.5000384615384615,0.5000384615384615,0.5000192307692308,0.5000384615384615,0.3334187977212585,0.9999230769230769,0.006201855997068719,2.692,50,3.8461538461542766e-05
lrsweep_cseciic,nf_cseciic_v2,binary,130000,mlp32,0.001,2024,fedavg,5,1346,0.9526538461538462,0.95245,0.9522596153846153,0.9526538461538462,0.9526537166519558,0.049000000000000044,0.9053126447563867,2.692,50,0.000826923076923114
lrsweep_cseciic,nf_cseciic_v2,binary,130000,kan16,0.01,29,fedavg,5,6560,0.9672307692307692,0.9677538461538461,0.9690923076923076,0.97325,0.9672263767410638,0.021192307692307732,0.9347121219113451,14.44,50,0.010749999999999926
lrsweep_cseciic,nf_cseciic_v2,binary,130000,mlp32,0.0003,42,fedavg,5,1346,0.5,0.5,0.5,0.5,0.3333333333333333,0.0,,2.692,50,0.0
lrsweep_cseciic,nf_cseciic_v2,binary,130000,kan8,0.01,2024,fedavg,5,3280,0.9740384615384615,0.9749653846153847,0.9752057692307691,0.9767884615384615,0.9740322227799845,0.010461538461538411,0.9485328026399826,7.688,50,0.0036730769230769456
lrsweep_cseciic,nf_cseciic_v2,binary,130000,kan16,0.003,2026,fedavg,5,6560,0.9761923076923077,0.9749615384615385,0.9730788461538461,0.9761923076923077,0.9761798748555096,0.0009615384615384581,0.9533803629388017,14.44,50,0.00988461538461538
lrsweep_cseciic,nf_cseciic_v2,binary,130000,kan16,0.01,43,fedavg,5,6560,0.9716538461538462,0.9712538461538461,0.9706865384615384,0.9735384615384616,0.9716475646214583,0.013461538461538414,0.9437259533151209,14.44,50,0.0054807692307692335
lrsweep_cseciic,nf_cseciic_v2,binary,130000,mlp32,0.03,37,fedavg,5,1346,0.9436538461538462,0.9540423076923077,0.9557076923076924,0.9712115384615385,0.9434778078700703,0.0005384615384614877,0.8928869131821481,2.692,50,0.022865384615384565
lrsweep_cseciic,nf_cseciic_v2,binary,130000,kan16,0.1,23,fedavg,5,6560,0.8050961538461539,0.8510423076923077,0.8971653846153848,0.9730576923076923,0.7983590010766436,0.012115384615384639,0.6555701308824928,14.44,50,0.21146153846153848
lrsweep_cseciic,nf_cseciic_v2,binary,130000,mlp80,0.001,37,fedavg,5,3362,0.9675769230769231,0.9674692307692307,0.9668846153846153,0.9677115384615385,0.9675558898866975,0.0069615384615384635,0.9363687110824076,6.724,50,0.0017500000000000293
lrsweep_cseciic,nf_cseciic_v2,binary,130000,mlp32,0.0003,2024,fedavg,5,1346,0.9289038461538461,0.9291153846153846,0.9282442307692307,0.9294423076923077,0.9287979904369476,0.032538461538461516,0.8603697227714107,2.692,50,0.004903846153846203
lrsweep_cseciic,nf_cseciic_v2,binary,130000,mlp32,0.01,2026,fedavg,5,1346,0.9692884615384615,0.967426923076923,0.969576923076923,0.9751346153846154,0.9692605471937012,0.0005769230769230305,0.9402862151933634,2.692,50,0.010115384615384637
lrsweep_cseciic,nf_cseciic_v2,binary,130000,kan8,0.003,2024,fedavg,5,3280,0.9745576923076923,0.9753730769230768,0.9751538461538463,0.9769807692307693,0.9745507798985746,0.008961538461538465,0.9496313945052023,7.688,50,0.002980769230769287
lrsweep_cseciic,nf_cseciic_v2,binary,130000,kan16,0.01,17,fedavg,5,6560,0.8620192307692308,0.8595153846153846,0.8563692307692309,0.9168461538461539,0.8604679017027042,0.24342307692307696,0.7406960027872252,14.44,50,0.014038461538461555
lrsweep_cseciic,nf_cseciic_v2,binary,130000,mlp32,0.0003,11,fedavg,5,1346,0.8997115384615385,0.8770846153846155,0.8668615384615386,0.8997115384615385,0.8990627417998073,0.020115384615384646,0.8099025316370259,2.692,50,0.05563461538461545
lrsweep_cseciic,nf_cseciic_v2,binary,130000,mlp32,0.0003,29,fedavg,5,1346,0.9214038461538462,0.9213346153846154,0.9211692307692306,0.9223846153846154,0.9212224881728692,0.0306153846153846,0.8467152470584405,2.692,50,0.0005769230769231415
lrsweep_cseciic,nf_cseciic_v2,binary,130000,kan8,0.03,23,fedavg,5,3280,0.9766923076923076,0.9714423076923078,0.9718173076923076,0.9769615384615384,0.9766824716965963,0.002769230769230746,0.9541899641032271,7.688,50,0.024403846153846165
lrsweep_cseciic,nf_cseciic_v2,binary,130000,kan16,0.001,23,fedavg,5,6560,0.9735192307692307,0.9733461538461539,0.9730942307692307,0.9735192307692307,0.9735091774922922,0.007000000000000006,0.947758083825733,14.44,50,0.0008269230769230029
lrsweep_cseciic_mc50k,nf_cseciic_v2,multiclass,50000,mlp80,0.001,29,fedavg,5,4415,0.6636733104572777,0.6606604852644132,0.6594582755347886,0.6636733104572777,0.3894442873112339,,,8.83,50,0.005658173322625415
lrsweep_cseciic_mc50k,nf_cseciic_v2,multiclass,50000,mlp80,0.001,11,fedavg,5,4415,0.718515003285391,0.7177970845197245,0.7158842568932369,0.7190138959869558,0.5252843985719856,,,8.83,50,0.007678080358229256
lrsweep_cseciic_mc50k,nf_cseciic_v2,multiclass,50000,mlp32,0.03,11,fedavg,5,1775,0.8774305809057945,0.8743350125331582,0.8699946460295443,0.8849139714292668,0.7536661842558307,,,3.55,50,0.03950986834099934
lrsweep_cseciic_mc50k,nf_cseciic_v2,multiclass,50000,mlp80,0.01,2024,fedavg,5,4415,0.8268233919836461,0.8410673870190554,0.8367501399333188,0.8601761943004551,0.6386593543158589,,,8.83,50,0.03335280231680904
lrsweep_cseciic_mc50k,nf_cseciic_v2,multiclass,50000,mlp32,0.03,29,fedavg,5,1775,0.8755201869022413,0.8666131269621085,0.8475262222871189,0.8775644301671899,0.6619822424661026,,,3.55,50,0.08072327273612223
lrsweep_cseciic_mc50k,nf_cseciic_v2,multiclass,50000,mlp32,0.03,42,fedavg,5,1775,0.8426541091723249,0.831931566523083,0.8245163174417754,0.8767856708281618,0.6047246156340977,,,3.55,50,0.041359421771190785
lrsweep_cseciic_mc50k,nf_cseciic_v2,multiclass,50000,mlp32,0.0003,37,fedavg,5,1775,0.4001484509990022,0.40005840695042716,0.4004404857511378,0.40190065951181525,0.1609845654926931,,,3.55,50,0.0008761042564064958
lrsweep_cseciic_mc50k,nf_cseciic_v2,multiclass,50000,mlp80,0.001,2026,fedavg,5,4415,0.7066632595945584,0.7023119417877395,0.6919410576525273,0.7066632595945584,0.5193509750547214,,,8.83,50,0.03183178798276998
lrsweep_cseciic_mc50k,nf_cseciic_v2,multiclass,50000,kan16,0.01,31,fedavg,5,8640,0.9003796451777761,0.9015380496945802,0.8995461293227226,0.9091041833978244,0.7675111863762798,,,18.6,50,0.016402618578277517
lrsweep_cseciic_mc50k,nf_cseciic_v2,multiclass,50000,kan8,0.1,2024,fedavg,5,4320,0.7463313134262978,0.6288700688715292,0.6049755420895087,0.7463313134262978,0.4335200453072471,,,9.768,50,0.32071499841814516
lrsweep_cseciic_mc50k,nf_cseciic_v2,multiclass,50000,mlp80,0.001,42,fedavg,5,4415,0.6679686549366041,0.6670073738774914,0.6667007373877492,0.6681146723126719,0.4007365287297808,,,8.83,50,0.002835170718648805
lrsweep_cseciic_mc50k,nf_cseciic_v2,multiclass,50000,mlp32,0.03,17,fedavg,5,1775,0.8301817916332044,0.8144970918205934,0.822003601761943,0.8654693241829111,0.6752479534574243,,,3.55,50,0.07810712808157505
lrsweep_cseciic_mc50k,nf_cseciic_v2,multiclass,50000,mlp80,0.1,23,fedavg,5,4415,0.6283371054488818,0.6316614343773577,0.621555815142002,0.636404565476625,0.4407374105577474,,,8.83,50,0.04011827407461488
lrsweep_cseciic_mc50k,nf_cseciic_v2,multiclass,50000,kan8,0.003,23,fedavg,5,4320,0.7406731401036724,0.7385583217736245,0.7387919495753328,0.7406731401036724,0.5348896417745777,,,9.768,50,0.006376092088291818
lrsweep_cseciic_mc50k,nf_cseciic_v2,multiclass,50000,mlp80,0.001,17,fedavg,5,4415,0.6622253048112725,0.6628629140201017,0.660344114282933,0.6671412231388869,0.45509299408045684,,,8.83,50,0.010160375751381179
lrsweep_cseciic_mc50k,nf_cseciic_v2,multiclass,50000,mlp80,0.001,43,fedavg,5,4415,0.6287994938064296,0.627733566961135,0.6192487406001315,0.6287994938064296,0.4457596997449491,,,8.83,50,0.02140371370859795
lrsweep_cseciic_mc50k,nf_cseciic_v2,multiclass,50000,mlp32,0.0003,31,fedavg,5,1775,0.4522036455671558,0.4467839672921078,0.42822880922829815,0.4522036455671558,0.21427267287599877,,,3.55,50,0.06960161592562847
lrsweep_cseciic_mc50k,nf_cseciic_v2,multiclass,50000,kan16,0.01,37,fedavg,5,8640,0.8515003285390962,0.8452580857121997,0.8415991336302353,0.8552116035141515,0.7111845476828814,,,18.6,50,0.03216032707892236
lrsweep_cseciic_mc50k,nf_cseciic_v2,multiclass,50000,mlp32,0.03,43,fedavg,5,1775,0.8304129858119783,0.8208123433355237,0.8098963276629918,0.8470711347983744,0.664169785795912,,,3.55,50,0.09455841911854179
lrsweep_cseciic_mc50k,nf_cseciic_v2,multiclass,50000,mlp80,0.0003,23,fedavg,5,4415,0.6305395342045703,0.6269207369010246,0.625408240247256,0.6305395342045703,0.43954577349916923,,,8.83,50,0.007118347083302834
lrsweep_cseciic_mc50k,nf_cseciic_v2,multiclass,50000,kan16,0.03,11,fedavg,5,8640,0.8938818719427611,0.8898834294614393,0.8853118687790514,0.900489158209827,0.759455121835249,,,18.6,50,0.030675817088900326
lrsweep_cseciic_mc50k,nf_cseciic_v2,multiclass,50000,kan8,0.1,37,fedavg,5,4320,0.6604852644131318,0.6609452191477453,0.6429911659487478,0.7090482100703317,0.35721759637938705,,,9.768,50,0.22602273003820783
lrsweep_cseciic_mc50k,nf_cseciic_v2,multiclass,50000,kan16,0.0003,23,fedavg,5,8640,0.6098172349176219,0.6307926309897545,0.6318354384171716,0.6714365676182132,0.43081706058506103,,,18.6,50,0.0628726485118396
lrsweep_cseciic_mc50k,nf_cseciic_v2,multiclass,50000,kan16,0.03,29,fedavg,5,8640,0.8972159353629748,0.8851402983621718,0.8786473923730259,0.8972159353629748,0.7554143140862944,,,18.6,50,0.04960940351901877
lrsweep_cseciic_mc50k,nf_cseciic_v2,multiclass,50000,kan8,0.001,2026,fedavg,5,4320,0.7284685210873427,0.7239906548879317,0.7161105838261419,0.7284685210873427,0.5518785061498757,,,9.768,50,0.02840037964517772
lrsweep_cseciic_mc50k,nf_cseciic_v2,multiclass,50000,kan16,0.0003,2026,fedavg,5,8640,0.5320386459321993,0.518351950548782,0.5149521793093378,0.5320386459321993,0.3328167837985078,,,18.6,50,0.02474994524348395
lrsweep_cseciic_mc50k,nf_cseciic_v2,multiclass,50000,mlp80,0.003,31,fedavg,5,4415,0.839040179114648,0.8389452678202041,0.836893723686452,0.840013628288433,0.6616005585736031,,,8.83,50,0.008371662894551046
lrsweep_cseciic_mc50k,nf_cseciic_v2,multiclass,50000,mlp32,0.003,23,fedavg,5,1775,0.6138448808741573,0.6133557226643304,0.6279014869436129,0.6872429485775474,0.45074250724978976,,,3.55,50,0.0746757197439829
lrsweep_cseciic_mc50k,nf_cseciic_v2,multiclass,50000,mlp32,0.03,2024,fedavg,5,1775,0.8071718867878611,0.8128592635857,0.8137317174077049,0.8455257842349906,0.5901823166295033,,,3.55,50,0.050947896132973125
lrsweep_cseciic_mc50k,nf_cseciic_v2,multiclass,50000,mlp32,0.1,31,fedavg,5,1775,0.6082962205835828,0.6302450658295004,0.6493903774549172,0.754435277798058,0.3304045078220187,,,3.55,50,0.1433525589545156
lrsweep_cseciic_mc50k,nf_cseciic_v2,multiclass,50000,mlp80,0.01,23,fedavg,5,4415,0.7578180136769609,0.7586551799664158,0.7579433452580857,0.7608478742303667,0.5498495638537035,,,8.83,50,0.0055486602905745475
lrsweep_cseciic_mc50k,nf_cseciic_v2,multiclass,50000,kan16,0.03,42,fedavg,5,8640,0.7968289893163953,0.8392738069163566,0.8302049110510816,0.8797425226935338,0.6238147954373682,,,18.6,50,0.075381470394977
lrsweep_cseciic_mc50k,nf_cseciic_v2,multiclass,50000,kan8,0.03,2026,fedavg,5,4320,0.7853544571804044,0.8395220364556716,0.8500365043440168,0.8781484996714609,0.6469539921381757,,,9.768,50,0.0927940424910565
lrsweep_cseciic_mc50k,nf_cseciic_v2,multiclass,50000,mlp32,0.01,31,fedavg,5,1775,0.8791341169599183,0.871056922440437,0.8682059331727144,0.8791341169599183,0.7380235764671763,,,3.55,50,0.023946849675111403
lrsweep_cseciic_mc50k,nf_cseciic_v2,multiclass,50000,kan16,0.1,2024,fedavg,5,8640,0.5000973449173785,0.5209607943345258,0.5204387822150836,0.6708646662286145,0.2803231692482427,,,18.6,50,0.06927307682947609
lrsweep_cseciic_mc50k,nf_cseciic_v2,multiclass,50000,kan16,0.001,2024,fedavg,5,8640,0.66563237691952,0.6655715363461585,0.6623518532038646,0.66563237691952,0.44082486154724376,,,18.6,50,0.008566352729308058
lrsweep_cseciic_mc50k,nf_cseciic_v2,multiclass,50000,mlp32,0.1,2024,fedavg,5,1775,0.6707308169672191,0.5990192499574116,0.6202732958555401,0.6707308169672191,0.3862014980217523,,,3.55,50,0.1607651310505951
lrsweep_cseciic_mc50k,nf_cseciic_v2,multiclass,50000,kan16,0.03,17,fedavg,5,8640,0.882005792022584,0.8189408872989219,0.8374814436251248,0.882005792022584,0.7302391711630306,,,18.6,50,0.10561923535567397
lrsweep_cseciic_mc50k,nf_cseciic_v2,multiclass,50000,kan8,0.1,31,fedavg,5,4320,0.4375654036163637,0.5099802876542309,0.5964091893602005,0.7381908447105205,0.21485089254091333,,,9.768,50,0.31129687766177505
lrsweep_cseciic_mc50k,nf_cseciic_v2,multiclass,50000,kan16,0.003,23,fedavg,5,8640,0.7412693777226157,0.7417122970966878,0.7410990241172033,0.7429607456620672,0.5464342354333811,,,18.6,50,0.0036504344016938806
lrsweep_cseciic_mc50k,nf_cseciic_v2,multiclass,50000,mlp32,0.003,2026,fedavg,5,1775,0.732021610571658,0.7321627607018569,0.732194397800005,0.7325935119612568,0.5460368869669114,,,3.55,50,0.0006692463069772892
lrsweep_cseciic_mc50k,nf_cseciic_v2,multiclass,50000,kan8,0.01,23,fedavg,5,4320,0.749105643571585,0.7523107249762722,0.7546871577717749,0.8143389063298533,0.5584888185763865,,,9.768,50,0.030700153318244938
lrsweep_cseciic_mc50k,nf_cseciic_v2,multiclass,50000,mlp32,0.1,37,fedavg,5,1775,0.716373415103064,0.7717602394684967,0.7768635467620647,0.8329074493198024,0.42887282281359684,,,3.55,50,0.11653403421673847
lrsweep_cseciic_mc50k,nf_cseciic_v2,multiclass,50000,mlp32,0.01,37,fedavg,5,1775,0.8138278455136161,0.8117690005110608,0.8084458883940522,0.8146066048526441,0.5841075503377292,,,3.55,50,0.014893772358910762
lrsweep_cseciic_mc50k,nf_cseciic_v2,multiclass,50000,kan16,0.03,43,fedavg,5,8640,0.7992626122508578,0.819488452459176,0.8162395658416687,0.8701662164464238,0.6069677395669325,,,18.6,50,0.057384828794626586
lrsweep_cseciic_mc50k,nf_cseciic_v2,multiclass,50000,kan16,0.01,2024,fedavg,5,8640,0.8911927186001801,0.8764473972402718,0.87951132851476,0.8911927186001801,0.7477776814093123,,,18.6,50,0.026404808838918492
lrsweep_cseciic_mc50k,nf_cseciic_v2,multiclass,50000,mlp80,0.003,37,fedavg,5,4415,0.7920834245941933,0.7916283371054489,0.7891350904090921,0.7920834245941933,0.5072460563938568,,,8.83,50,0.019517655934389477
lrsweep_cseciic_mc50k,nf_cseciic_v2,multiclass,50000,mlp32,0.1,23,fedavg,5,1775,0.608734272711786,0.6020296415273417,0.5955306514808595,0.6816456158282835,0.40679379739952853,,,3.55,50,0.06329853252537054
lrsweep_cseciic_mc50k,nf_cseciic_v2,multiclass,50000,mlp80,0.0003,2024,fedavg,5,4415,0.3695699788274805,0.3632790635418948,0.35390231437541064,0.3697159962035482,0.18834776230809946,,,8.83,50,0.039473363996982314
lrsweep_cseciic_mc50k,nf_cseciic_v2,multiclass,50000,mlp80,0.01,31,fedavg,5,4415,0.8891363072205593,0.8860553405855296,0.8870494755542577,0.8923121851500329,0.7386237478719836,,,8.83,50,0.008566352729308169
lrsweep_cseciic_mc50k,nf_cseciic_v2,multiclass,50000,mlp32,0.01,23,fedavg,5,1775,0.7336034654790586,0.7340950573118201,0.7333102139154559,0.736535981115086,0.5215209751703249,,,3.55,50,0.004757732836874196
lrsweep_cseciic_mc50k,nf_cseciic_v2,multiclass,50000,mlp32,0.003,31,fedavg,5,1775,0.7941520040884865,0.7846535737752791,0.7696162176632353,0.7941520040884865,0.5712286024243628,,,3.55,50,0.06242242826896405
lrsweep_cseciic_mc50k,nf_cseciic_v2,multiclass,50000,mlp80,0.003,23,fedavg,5,4415,0.7347594363729284,0.7343481540970043,0.7219670974179261,0.7351244798130978,0.5222537828187528,,,8.83,50,0.121340439512302
lrsweep_cseciic_mc50k,nf_cseciic_v2,multiclass,50000,mlp80,0.03,2024,fedavg,5,4415,0.8478255579080577,0.8303789150908958,0.825392421698182,0.8786838967170426,0.7016155290371785,,,8.83,50,0.05306514808595553
lrsweep_cseciic_mc50k,nf_cseciic_v2,multiclass,50000,kan8,0.001,17,fedavg,5,4320,0.6722639994159305,0.6673018422525614,0.6635053904747998,0.6722639994159305,0.4313888578962354,,,9.768,50,0.01396899564381493
lrsweep_cseciic_mc50k,nf_cseciic_v2,multiclass,50000,kan8,0.001,43,fedavg,5,4320,0.6225572509795332,0.6183397824341097,0.6139556107176753,0.6225572509795332,0.4051216831887738,,,9.768,50,0.0174490764400963
lrsweep_cseciic_mc50k,nf_cseciic_v2,multiclass,50000,mlp80,0.003,2026,fedavg,5,4415,0.7343578885887421,0.734199703098002,0.7334757002749994,0.7347107639142392,0.5503243062490704,,,8.83,50,0.0023606142464287494
lrsweep_cseciic_mc50k,nf_cseciic_v2,multiclass,50000,kan8,0.01,37,fedavg,5,4320,0.8658587038524251,0.8611788469494537,0.8579494293154217,0.8658587038524251,0.7064641883116144,,,9.768,50,0.019225621182254016
lrsweep_cseciic_mc50k,nf_cseciic_v2,multiclass,50000,kan16,0.0003,31,fedavg,5,8640,0.45415054391472587,0.43601761943004547,0.42288335645275116,0.45415054391472587,0.2172554399921977,,,18.6,50,0.04858728188654454
lrsweep_cseciic_mc50k,nf_cseciic_v2,multiclass,50000,kan16,0.003,37,fedavg,5,8640,0.7969506704631184,0.7962838577790757,0.7934365189457544,0.7969506704631184,0.5417935192110197,,,18.6,50,0.00703317028059669
lrsweep_cseciic_mc50k,nf_cseciic_v2,multiclass,50000,kan8,0.001,29,fedavg,5,4320,0.7541919155046117,0.7492248910953737,0.7379316638680002,0.7541919155046117,0.5308732812529192,,,9.768,50,0.03560390353118692
lrsweep_cseciic_mc50k,nf_cseciic_v2,multiclass,50000,mlp32,0.003,37,fedavg,5,1775,0.72556034168066,0.7247426443746806,0.723823951716921,0.7263025966756711,0.4091030373564904,,,3.55,50,0.003589593828332238
lrsweep_cseciic_mc50k,nf_cseciic_v2,multiclass,50000,kan8,0.001,11,fedavg,5,4320,0.7783456231291523,0.7776934121827164,0.7741220705263927,0.7783456231291523,0.5839755463697862,,,9.768,50,0.010939135090409113
lrsweep_cseciic_mc50k,nf_cseciic_v2,multiclass,50000,mlp80,0.01,37,fedavg,5,4415,0.8206054853860942,0.8202891144046142,0.8200299335620939,0.8231972938112969,0.6085618710686141,,,8.83,50,0.005353970455817647
lrsweep_cseciic_mc50k,nf_cseciic_v2,multiclass,50000,kan8,0.1,23,fedavg,5,4320,0.34441848579981016,0.39590664622423405,0.42353921783358883,0.5783139860310044,0.20623516666812247,,,9.768,50,0.16998856197220807
lrsweep_cseciic_mc50k,nf_cseciic_v2,multiclass,50000,kan8,0.01,31,fedavg,5,4320,0.8946727993964615,0.89400111946655,0.8935861867562241,0.8966075296293592,0.7428515473934939,,,9.768,50,0.005658173322625415
lrsweep_cseciic_mc50k,nf_cseciic_v2,multiclass,50000,kan16,0.0003,37,fedavg,5,8640,0.4873451607407948,0.486194057092794,0.4855345452775547,0.4873451607407948,0.23069789215099068,,,18.6,50,0.0030541967827504846
lrsweep_cseciic_mc50k,nf_cseciic_v2,multiclass,50000,kan16,0.003,31,fedavg,5,8640,0.8914725852376433,0.8888053345014724,0.8883709328076707,0.8914725852376433,0.7569371089242243,,,18.6,50,0.007824097734297042
lrsweep_cseciic_mc50k,nf_cseciic_v2,multiclass,50000,mlp80,0.1,2024,fedavg,5,4415,0.7189530554135942,0.6516147088170159,0.6669404492467937,0.7769341218271641,0.4301254786815974,,,8.83,50,0.18272857803411946
lrsweep_cseciic_mc50k,nf_cseciic_v2,multiclass,50000,kan8,0.0003,2024,fedavg,5,4320,0.24698839161860262,0.24653573775279258,0.238240733980677,0.24698839161860262,0.10283557802790341,,,9.768,50,0.0649047236621158
lrsweep_cseciic_mc50k,nf_cseciic_v2,multiclass,50000,kan8,0.001,42,fedavg,5,4320,0.6944951449222457,0.694380764644326,0.6929278917524518,0.694580321724952,0.43037245406241914,,,9.768,50,0.0067898079871505645
lrsweep_cseciic_mc50k,nf_cseciic_v2,multiclass,50000,kan16,0.1,43,fedavg,5,8640,0.7545691270594534,0.6765934146163394,0.6610145774013774,0.7545691270594534,0.500544701303449,,,18.6,50,0.17283590080552924
lrsweep_cseciic_mc50k,nf_cseciic_v2,multiclass,50000,mlp32,0.001,42,fedavg,5,1775,0.6785792509308608,0.6783748266043659,0.6770582365968218,0.6788347813389793,0.41622907452756386,,,3.55,50,0.004587379231461908
lrsweep_cseciic_mc50k,nf_cseciic_v2,multiclass,50000,kan8,0.03,17,fedavg,5,4320,0.8448930422720303,0.8325326713878951,0.8103063931274489,0.8846584410211482,0.662641576628112,,,9.768,50,0.1657297218368986
lrsweep_cseciic_mc50k,nf_cseciic_v2,multiclass,50000,kan8,0.0003,29,fedavg,5,4320,0.5238616728724051,0.5243946362950525,0.5244420919422745,0.5279988318609915,0.28935061816644403,,,9.768,50,0.011352850989267749
lrsweep_cseciic_mc50k,nf_cseciic_v2,multiclass,50000,kan16,0.001,17,fedavg,5,8640,0.7721277165316006,0.7438660533936872,0.712121875836558,0.7721277165316006,0.5739997143392793,,,18.6,50,0.09848872015769883
lrsweep_cseciic_mc50k,nf_cseciic_v2,multiclass,50000,kan8,0.003,2026,fedavg,5,4320,0.7724197512837361,0.7696186512861697,0.7635832664087026,0.773660898980312,0.6013779825076284,,,9.768,50,0.021720084690078134
lrsweep_cseciic_mc50k,nf_cseciic_v2,multiclass,50000,mlp80,0.0003,37,fedavg,5,4415,0.4290112190017279,0.4146066048526441,0.40173030590640285,0.4290112190017279,0.19583621297942122,,,8.83,50,0.05015696867927283
lrsweep_cseciic_mc50k,nf_cseciic_v2,multiclass,50000,mlp80,0.03,42,fedavg,5,4415,0.8547735513859482,0.8630576038548586,0.8644033973376166,0.8885400696016159,0.6719723145019035,,,8.83,50,0.046603879194957565
lrsweep_cseciic_mc50k,nf_cseciic_v2,multiclass,50000,kan16,0.01,23,fedavg,5,8640,0.8015502178092526,0.7742401012387141,0.7764985033218952,0.8081331678469738,0.6380735740666359,,,18.6,50,0.06608503078533012
lrsweep_cseciic_mc50k,nf_cseciic_v2,multiclass,50000,kan8,0.0003,11,fedavg,5,4320,0.37542284198486287,0.37284563529726705,0.37148280645396803,0.43363510257720667,0.1476534974095853,,,9.768,50,0.012910369667323729
lrsweep_cseciic_mc50k,nf_cseciic_v2,multiclass,50000,mlp80,0.03,29,fedavg,5,4415,0.853909615244214,0.8578204472998954,0.8563846097685623,0.8735854566693436,0.6494887447099875,,,8.83,50,0.030882675038329532
lrsweep_cseciic_mc50k,nf_cseciic_v2,multiclass,50000,mlp32,0.0003,2026,fedavg,5,1775,0.48708963033267627,0.4801099997566377,0.44938064296317926,0.48708963033267627,0.27914912375606915,,,3.55,50,0.0914068774184128
lrsweep_cseciic_mc50k,nf_cseciic_v2,multiclass,50000,mlp80,0.1,37,fedavg,5,4415,0.6788712856829963,0.6270132145725341,0.6062154729746172,0.7008955732398822,0.3695388820546979,,,8.83,50,0.2481686987418169
lrsweep_cseciic_mc50k,nf_cseciic_v2,multiclass,50000,kan8,0.0003,42,fedavg,5,4320,0.5839234868949404,0.5605412377406245,0.5429875155143463,0.5839234868949404,0.3632165256249279,,,9.768,50,0.06685162200968575
lrsweep_cseciic_mc50k,nf_cseciic_v2,multiclass,50000,kan16,0.001,43,fedavg,5,8640,0.6513348421795527,0.6376870847630867,0.6303399771239444,0.6513348421795527,0.46562594110496475,,,18.6,50,0.029154802754861153
lrsweep_cseciic_mc50k,nf_cseciic_v2,multiclass,50000,mlp32,0.01,2024,fedavg,5,1775,0.8153853641916722,0.8149010732277141,0.8130795064612689,0.8190966391667275,0.6195687401365917,,,3.55,50,0.00799445133970944
lrsweep_cseciic_mc50k,nf_cseciic_v2,multiclass,50000,kan8,0.03,43,fedavg,5,4320,0.8325789102236499,0.8569321749288165,0.8241391058869338,0.8790367720425397,0.6645857311547051,,,9.768,50,0.1525516536467839
lrsweep_cseciic_mc50k,nf_cseciic_v2,multiclass,50000,mlp80,0.03,11,fedavg,5,4415,0.8533742181986324,0.8629626925604146,0.8529519846195031,0.8840013628288433,0.6981473224957598,,,8.83,50,0.06254410941568711
lrsweep_cseciic_mc50k,nf_cseciic_v2,multiclass,50000,kan8,0.01,2026,fedavg,5,4320,0.8437249032634884,0.8651359178408896,0.8632851475992309,0.8787082329463873,0.6580329144724126,,,9.768,50,0.0362731498381641
lrsweep_cseciic_mc50k,nf_cseciic_v2,multiclass,50000,mlp32,0.001,29,fedavg,5,1775,0.6068968873962668,0.5997858411817673,0.5887128568299628,0.6068968873962668,0.35932290200142414,,,3.55,50,0.03735611204399991
lrsweep_cseciic_mc50k,nf_cseciic_v2,multiclass,50000,kan8,0.003,37,fedavg,5,4320,0.7994573020856148,0.7908568786352242,0.7690723029373829,0.8010513251076878,0.5323341897801618,,,9.768,50,0.06623104816139791
lrsweep_cseciic_mc50k,nf_cseciic_v2,multiclass,50000,kan16,0.003,2024,fedavg,5,8640,0.8230512764352291,0.8146747462948092,0.8109598208853521,0.8230512764352291,0.6110759128286202,,,18.6,50,0.016439122922294436
lrsweep_cseciic_mc50k,nf_cseciic_v2,multiclass,50000,kan16,0.1,17,fedavg,5,8640,0.46316711688690954,0.40449246793701776,0.39455963593000903,0.6207076975493417,0.24530454747384542,,,18.6,50,0.24106251977318638
lrsweep_cseciic_mc50k,nf_cseciic_v2,multiclass,50000,mlp32,0.001,11,fedavg,5,1775,0.7293932978024384,0.7224453043245479,0.717836022486676,0.7293932978024384,0.5332610110284449,,,3.55,50,0.019700177654474182
lrsweep_cseciic_mc50k,nf_cseciic_v2,multiclass,50000,mlp80,0.03,43,fedavg,5,4415,0.8478863984814193,0.8175877929473607,0.822261565792996,0.8766031491080772,0.7000743770329738,,,8.83,50,0.170645640164513
lrsweep_cseciic_mc50k,nf_cseciic_v2,multiclass,50000,kan8,0.03,11,fedavg,5,4320,0.8876396291158648,0.885125696624565,0.8734966294322358,0.89103453310944,0.7494673156472651,,,9.768,50,0.06612153512934704
lrsweep_cseciic_mc50k,nf_cseciic_v2,multiclass,50000,kan16,0.001,11,fedavg,5,8640,0.7875690540507654,0.7865298970577499,0.7797510403738045,0.7877029033121609,0.5861991410779965,,,18.6,50,0.022377162882383006
lrsweep_cseciic_mc50k,nf_cseciic_v2,multiclass,50000,mlp80,0.0003,31,fedavg,5,4415,0.4688861307828965,0.46920980263317996,0.4635796159743011,0.46961621766323525,0.22329158582798456,,,8.83,50,0.02187827018081817
lrsweep_cseciic_mc50k,nf_cseciic_v2,multiclass,50000,kan16,0.001,29,fedavg,5,8640,0.8248034849480421,0.7835462753400988,0.760739578009783,0.8248034849480421,0.6029360223382283,,,18.6,50,0.09725974057579512
lrsweep_cseciic_mc50k,nf_cseciic_v2,multiclass,50000,mlp32,0.0003,23,fedavg,5,1775,0.5499379426151713,0.5485069723297072,0.5442359640797256,0.5499379426151713,0.3009872485304673,,,3.55,50,0.014443552116035208
lrsweep_cseciic_mc50k,nf_cseciic_v2,multiclass,50000,kan8,0.0003,17,fedavg,5,4320,0.5098196685405564,0.508123433355236,0.5061120439999027,0.5098196685405564,0.23007510461857172,,,9.768,50,0.006582950037721247
lrsweep_cseciic_mc50k,nf_cseciic_v2,multiclass,50000,kan8,0.03,29,fedavg,5,4320,0.8571219975177046,0.857513810810153,0.855824876493636,0.8691684310432941,0.6518154369371792,,,9.768,50,0.029312988245601135
lrsweep_cseciic_mc50k,nf_cseciic_v2,multiclass,50000,mlp32,0.001,43,fedavg,5,1775,0.6030274269304714,0.6017960137256334,0.596522352826653,0.6030274269304714,0.38507603423468784,,,3.55,50,0.017400403981407075
lrsweep_cseciic_mc50k,nf_cseciic_v2,multiclass,50000,mlp32,0.001,2026,fedavg,5,1775,0.6878513543111631,0.6875349833296829,0.6855175099170134,0.6878513543111631,0.4920802287885626,,,3.55,50,0.006509941349687298
lrsweep_cseciic_mc50k,nf_cseciic_v2,multiclass,50000,kan16,0.1,42,fedavg,5,8640,0.36141734199703096,0.5360249202988489,0.5050156968679274,0.7902947117373634,0.16329417184489312,,,18.6,50,0.29027037550801876
lrsweep_cseciic_mc50k,nf_cseciic_v2,multiclass,50000,kan8,0.003,31,fedavg,5,4320,0.8622569419094206,0.8563140347034631,0.8401304421892872,0.8622569419094206,0.6588298515841882,,,9.768,50,0.0480762210703074
lrsweep_cseciic_mc50k,nf_cseciic_v2,multiclass,50000,kan16,0.1,29,fedavg,5,8640,0.318804604414592,0.33661629067192333,0.3233944172689884,0.7523301939597479,0.12679619459231012,,,18.6,50,0.13989681438757878
lrsweep_cseciic_mc50k,nf_cseciic_v2,multiclass,50000,kan16,0.03,2024,fedavg,5,8640,0.8256795892044486,0.8086685648925556,0.822082694507313,0.8692657759606727,0.6161789211045947,,,18.6,50,0.13555279744956317
lrsweep_cseciic_mc50k,nf_cseciic_v2,multiclass,50000,mlp32,0.001,17,fedavg,5,1775,0.5867343213842448,0.5701151103648001,0.5627290647587062,0.5867343213842448,0.33814291308020256,,,3.55,50,0.03185612421211459
lrsweep_cseciic_mc50k,nf_cseciic_v2,multiclass,50000,kan16,0.1,11,fedavg,5,8640,0.5769146528436884,0.5939719159913364,0.5980092964396096,0.7073446740162079,0.31564222253232527,,,18.6,50,0.05296780316857708
lrsweep_cseciic_mc50k,nf_cseciic_v2,multiclass,50000,kan8,0.0003,43,fedavg,5,4320,0.26075052931298826,0.24237424253486167,0.2387371930593074,0.26075052931298826,0.09571230218114031,,,9.768,50,0.027451266700737387
lrsweep_cseciic_mc50k,nf_cseciic_v2,multiclass,50000,kan16,0.001,42,fedavg,5,8640,0.7064564016451291,0.7068749847898566,0.7039205665474192,0.7147672239663186,0.5156665113002942,,,18.6,50,0.007678080358229367
lrsweep_cseciic_mc50k,nf_cseciic_v2,multiclass,50000,kan8,0.03,42,fedavg,5,4320,0.8284904236937529,0.8243094594923462,0.8214256163150081,0.8598354870896303,0.6496417477765193,,,9.768,50,0.0704290477233458
lrsweep_cseciic_mc50k,nf_cseciic_v2,multiclass,50000,mlp80,0.1,31,fedavg,5,4415,0.730074712224088,0.7081209997323015,0.6751222895524567,0.7657394563286365,0.4480988514318975,,,8.83,50,0.1685405563262029
lrsweep_cseciic_mc50k,nf_cseciic_v2,multiclass,50000,mlp80,0.03,17,fedavg,5,4415,0.8243167603611496,0.8477014431384001,0.8514492224574723,0.878464870652941,0.627232818807606,,,8.83,50,0.05414811029179134
lrsweep_cseciic_mc50k,nf_cseciic_v2,multiclass,50000,kan8,0.003,43,fedavg,5,4320,0.8084738750577986,0.8093207758389915,0.7964919325399722,0.8199362390791171,0.6432611815588574,,,9.768,50,0.07552748777104468
lrsweep_cseciic_mc50k,nf_cseciic_v2,multiclass,50000,kan8,0.0003,31,fedavg,5,4320,0.40584312866564454,0.4041663624637999,0.39735343505877196,0.40584312866564454,0.19532282835598463,,,9.768,50,0.018787569054050768
lrsweep_cseciic_mc50k,nf_cseciic_v2,multiclass,50000,mlp80,0.0003,17,fedavg,5,4415,0.49748120026283127,0.4966099632522937,0.4948893918376287,0.49748120026283127,0.22241702548362496,,,8.83,50,0.004356185052687922
lrsweep_cseciic_mc50k,nf_cseciic_v2,multiclass,50000,kan16,0.001,37,fedavg,5,8640,0.7282373269085688,0.7279039205665474,0.7275765982818622,0.7282373269085688,0.4111350863061143,,,18.6,50,0.001058625976491201
lrsweep_cseciic_mc50k,nf_cseciic_v2,multiclass,50000,mlp80,0.1,43,fedavg,5,4415,0.6289090068384805,0.6293105546226668,0.6495826336667397,0.7455768903166143,0.40364493410448593,,,8.83,50,0.10536370494755543
lrsweep_cseciic_mc50k,nf_cseciic_v2,multiclass,50000,kan8,0.03,37,fedavg,5,4320,0.8163588133654571,0.8201284952909397,0.7924326494852887,0.8554427976929254,0.6010616515233642,,,9.768,50,0.11840792387627452
lrsweep_cseciic_mc50k,nf_cseciic_v2,multiclass,50000,mlp80,0.03,31,fedavg,5,4415,0.8320678494074129,0.8606239809203963,0.8662651188824801,0.8941617385802244,0.6545352317687748,,,8.83,50,0.062093889172811556
lrsweep_cseciic_mc50k,nf_cseciic_v2,multiclass,50000,mlp80,0.1,17,fedavg,5,4415,0.774829037988854,0.7459784381008007,0.7379803363266897,0.7844905210386702,0.5418392018380265,,,8.83,50,0.06019566328393078
lrsweep_cseciic_mc50k,nf_cseciic_v2,multiclass,50000,mlp80,0.0003,43,fedavg,5,4415,0.5795673018422526,0.5752086831666301,0.5706115694434304,0.5795673018422526,0.35913940707719705,,,8.83,50,0.01841035749920905
lrsweep_cseciic_mc50k,nf_cseciic_v2,multiclass,50000,mlp32,0.03,23,fedavg,5,1775,0.761054732179796,0.7576695626779586,0.7516402618578277,0.7649485288749361,0.5581350527023397,,,3.55,50,0.057421333138643504
lrsweep_cseciic_mc50k,nf_cseciic_v2,multiclass,50000,mlp80,0.001,23,fedavg,5,4415,0.6565671314886472,0.6494852887493611,0.638834537976686,0.6659974203596895,0.47277597347525835,,,8.83,50,0.031138205446448186
lrsweep_cseciic_mc50k,nf_cseciic_v2,multiclass,50000,mlp32,0.001,31,fedavg,5,1775,0.5726801489377236,0.5718673188776131,0.5678275048064053,0.5726801489377236,0.28315677078476076,,,3.55,50,0.010732277140979796
lrsweep_cseciic_mc50k,nf_cseciic_v2,multiclass,50000,kan16,0.1,37,fedavg,5,8640,0.6423547735513859,0.6013530943515611,0.6042028668078168,0.7569540775352267,0.3269489430526153,,,18.6,50,0.11484266627728701
lrsweep_cseciic_mc50k,nf_cseciic_v2,multiclass,50000,kan8,0.003,17,fedavg,5,4320,0.7998831860991458,0.798994913728067,0.7937261200749555,0.8113212138911197,0.6210938828060166,,,9.768,50,0.037867172860237
lrsweep_cseciic_mc50k,nf_cseciic_v2,multiclass,50000,mlp80,0.1,42,fedavg,5,4415,0.673334793507094,0.6653427757903191,0.6633350368693873,0.7278236110097102,0.43309129558872983,,,8.83,50,0.12218003942469158
lrsweep_cseciic_mc50k,nf_cseciic_v2,multiclass,50000,kan8,0.0003,37,fedavg,5,4320,0.3716872307804629,0.3716312574529702,0.3567520868316663,0.3716872307804629,0.14509609689247122,,,9.768,50,0.03444793263731721
lrsweep_cseciic_mc50k,nf_cseciic_v2,multiclass,50000,kan8,0.1,2026,fedavg,5,4320,0.5937309873208245,0.5760093451120684,0.5719427611885814,0.6818646418923852,0.44689081585280305,,,9.768,50,0.0632011876079921
lrsweep_cseciic_mc50k,nf_cseciic_v2,multiclass,50000,mlp80,0.0003,11,fedavg,5,4415,0.5494268817989341,0.4890438295490497,0.469372855369789,0.5494998904869679,0.2849028811967123,,,8.83,50,0.10100751989486745
lrsweep_cseciic_mc50k,nf_cseciic_v2,multiclass,50000,mlp80,0.0003,29,fedavg,5,4415,0.5236304786936312,0.5168236353459396,0.5131975371735904,0.5236304786936312,0.2932737789320246,,,8.83,50,0.014212357937261166
lrsweep_cseciic_mc50k,nf_cseciic_v2,multiclass,50000,kan16,0.001,31,fedavg,5,8640,0.7703633399041152,0.7638582658002969,0.75835462753401,0.7703633399041152,0.4597276143853138,,,18.6,50,0.029556350539047482
lrsweep_cseciic_mc50k,nf_cseciic_v2,multiclass,50000,kan8,0.03,31,fedavg,5,4320,0.8843299019249957,0.8899199338054562,0.8871103161276193,0.9027767637682218,0.7146766103196982,,,9.768,50,0.02223114550631533
lrsweep_cseciic_mc50k,nf_cseciic_v2,multiclass,50000,mlp80,0.001,2024,fedavg,5,4415,0.6993502226764985,0.6908812148645689,0.6809410819887567,0.6993502226764985,0.41809382337238205,,,8.83,50,0.03308510379401819
lrsweep_cseciic_mc50k,nf_cseciic_v2,multiclass,50000,kan8,0.003,42,fedavg,5,4320,0.7461366235915408,0.7381421722518313,0.731668735246161,0.7461366235915408,0.6405891084089779,,,9.768,50,0.026794188508432515
lrsweep_cseciic_mc50k,nf_cseciic_v2,multiclass,50000,kan16,0.1,31,fedavg,5,8640,0.48565379280134335,0.41308315689567066,0.40610352631963204,0.6568835024701273,0.2490438309086706,,,18.6,50,0.16658148986396049
lrsweep_cseciic_mc50k,nf_cseciic_v2,multiclass,50000,kan8,0.003,29,fedavg,5,4320,0.8741330218295977,0.8733445279988319,0.8718052614927844,0.8747292594485411,0.6733620808917146,,,9.768,50,0.0061692341388625005
lrsweep_cseciic_mc50k,nf_cseciic_v2,multiclass,50000,mlp32,0.001,37,fedavg,5,1775,0.6554841692828113,0.6545618261906501,0.6323124285123263,0.6554841692828113,0.3552072081266077,,,3.55,50,0.05700761723978487
lrsweep_cseciic_mc50k,nf_cseciic_v2,multiclass,50000,mlp80,0.01,2026,fedavg,5,4415,0.8547005426979144,0.8297267041444598,0.8198255092355989,0.8547005426979144,0.7150369948144469,,,8.83,50,0.06580516414786697
lrsweep_cseciic_mc50k,nf_cseciic_v2,multiclass,50000,kan8,0.003,11,fedavg,5,4320,0.8243410965904943,0.8114234260543671,0.7977561996544256,0.8249616704387822,0.7023052823592106,,,9.768,50,0.06624321627607022
lrsweep_cseciic_mc50k,nf_cseciic_v2,multiclass,50000,mlp80,0.0003,42,fedavg,5,4415,0.6300893139616948,0.628485556447884,0.6186050473339662,0.6300893139616948,0.3784300828289752,,,8.83,50,0.03297559076196732
lrsweep_cseciic_mc50k,nf_cseciic_v2,multiclass,50000,mlp80,0.03,37,fedavg,5,4415,0.7925214767223966,0.7845221581368182,0.7824657467571974,0.8462193667713125,0.527447101006746,,,8.83,50,0.04393906208172105
lrsweep_cseciic_mc50k,nf_cseciic_v2,multiclass,50000,mlp80,0.1,11,fedavg,5,4415,0.6469543208975201,0.6848166265118882,0.6581611545107201,0.8006862816675184,0.4633916088733533,,,8.83,50,0.25596846024676934
lrsweep_cseciic_mc50k,nf_cseciic_v2,multiclass,50000,mlp80,0.1,29,fedavg,5,4415,0.8596042929108564,0.8213282713976297,0.8227397726996178,0.8596042929108564,0.651905320153807,,,8.83,50,0.07213258377746956
lrsweep_cseciic_mc50k,nf_cseciic_v2,multiclass,50000,kan16,0.0003,42,fedavg,5,8640,0.6437054342800127,0.6331727142196588,0.6225560341680659,0.6437054342800127,0.39524131894245407,,,18.6,50,0.032306344454990144
lrsweep_cseciic_mc50k,nf_cseciic_v2,multiclass,50000,mlp80,0.01,29,fedavg,5,4415,0.850794577888102,0.8510184711980726,0.8480165973084131,0.8603830522498844,0.6476884231606915,,,8.83,50,0.020430264534813003
lrsweep_cseciic_mc50k,nf_cseciic_v2,multiclass,50000,kan8,0.01,43,fedavg,5,4320,0.8485678129030688,0.8586722153269573,0.8553831739310309,0.8772237229563652,0.7085257060957845,,,9.768,50,0.05082621498625006
lrsweep_cseciic_mc50k,nf_cseciic_v2,multiclass,50000,mlp80,0.01,11,fedavg,5,4415,0.8900489158209827,0.8833321165218659,0.8823623177824826,0.8900489158209827,0.7622589480295645,,,8.83,50,0.012618334915188156
lrsweep_cseciic_mc50k,nf_cseciic_v2,multiclass,50000,kan16,0.003,43,fedavg,5,8640,0.8403665036139301,0.8468569759801415,0.8397860845440608,0.858618675622399,0.6970447409178235,,,18.6,50,0.03099218807038029
lrsweep_cseciic_mc50k,nf_cseciic_v2,multiclass,50000,mlp32,0.003,29,fedavg,5,1775,0.7814119880265752,0.7630016305273661,0.7488428122946631,0.7816066778613322,0.5598719899599105,,,3.55,50,0.047139276240539374
lrsweep_cseciic_mc50k,nf_cseciic_v2,multiclass,50000,kan8,0.001,37,fedavg,5,4320,0.7278357791243825,0.727443965831934,0.7075065099413498,0.7278601153537271,0.4105707854378516,,,9.768,50,0.05036382662870209
lrsweep_cseciic_mc50k,nf_cseciic_v2,multiclass,50000,kan16,0.01,2026,fedavg,5,8640,0.8768343432868512,0.8757538147039498,0.8751806965028839,0.8783310213915456,0.7359664624824962,,,18.6,50,0.00945462510038697
lrsweep_cseciic_mc50k,nf_cseciic_v2,multiclass,50000,mlp32,0.003,11,fedavg,5,1775,0.7503832956121779,0.7526246623348178,0.7501216811467232,0.7580735440850794,0.574130231042424,,,3.55,50,0.011730062544109354
lrsweep_cseciic_mc50k,nf_cseciic_v2,multiclass,50000,mlp32,0.003,42,fedavg,5,1775,0.6673480810883162,0.6660460928183787,0.6641624686671048,0.6687717505049767,0.40438464268339164,,,3.55,50,0.009405952641697635
lrsweep_cseciic_mc50k,nf_cseciic_v2,multiclass,50000,mlp32,0.003,2024,fedavg,5,1775,0.7690491835195055,0.766732374485897,0.7603416806599984,0.7690491835195055,0.5242895132041178,,,3.55,50,0.02063712248424232
lrsweep_cseciic_mc50k,nf_cseciic_v2,multiclass,50000,mlp32,0.1,2026,fedavg,5,1775,0.7623567204497336,0.7455111824973838,0.7457521111678956,0.7635613638022924,0.6244073839756328,,,3.55,50,0.04392689396704874
lrsweep_cseciic_mc50k,nf_cseciic_v2,multiclass,50000,kan16,0.003,17,fedavg,5,8640,0.8443576452264486,0.8444866272419752,0.8414543330656347,0.8468764449636174,0.6563644869527809,,,18.6,50,0.012983378355357678
lrsweep_cseciic_mc50k,nf_cseciic_v2,multiclass,50000,kan16,0.0003,11,fedavg,5,8640,0.5498284295831204,0.5418047747681974,0.5289345598792924,0.5498284295831204,0.2908855647559732,,,18.6,50,0.06939475797619915
lrsweep_cseciic_mc50k,nf_cseciic_v2,multiclass,50000,kan8,0.01,17,fedavg,5,4320,0.8987126134676693,0.8756516025407024,0.8730829135333771,0.9002092915723637,0.7723651895782181,,,9.768,50,0.04982842958312039
lrsweep_cseciic_mc50k,nf_cseciic_v2,multiclass,50000,kan16,0.03,23,fedavg,5,8640,0.7830546835073374,0.7390669489669269,0.7276569078386996,0.7830546835073374,0.6167982638335477,,,18.6,50,0.1662407826531358
lrsweep_cseciic_mc50k,nf_cseciic_v2,multiclass,50000,kan16,0.0003,29,fedavg,5,8640,0.6369521306368792,0.6349322236012752,0.6238203012825193,0.6369521306368792,0.36149230822890654,,,18.6,50,0.025370519091772015
lrsweep_cseciic_mc50k,nf_cseciic_v2,multiclass,50000,mlp80,0.01,42,fedavg,5,4415,0.8717237351244798,0.8662456498990047,0.857266798082305,0.8755566912462583,0.7368573996742692,,,8.83,50,0.04227203037161431
lrsweep_cseciic_mc50k,nf_cseciic_v2,multiclass,50000,kan8,0.001,31,fedavg,5,4320,0.6512983378355358,0.6501886057774209,0.6475347399673895,0.6512983378355358,0.368027166448108,,,9.768,50,0.009247767150957653
lrsweep_cseciic_mc50k,nf_cseciic_v2,multiclass,50000,kan8,0.03,2024,fedavg,5,4320,0.8387116400184955,0.841897252439707,0.8411659487479011,0.85546713392227,0.6504735489240097,,,9.768,50,0.03706407729186434
lrsweep_cseciic_mc50k,nf_cseciic_v2,multiclass,50000,mlp32,0.003,17,fedavg,5,1775,0.7669562677958677,0.7599596018592879,0.7579591638071598,0.7669562677958677,0.5471217412832309,,,3.55,50,0.015100630308339968
lrsweep_cseciic_mc50k,nf_cseciic_v2,multiclass,50000,kan16,0.1,2026,fedavg,5,8640,0.6055583947823124,0.6328539096152442,0.6408994670365773,0.7088900245795916,0.42382696303477757,,,18.6,50,0.0836436202574774
lrsweep_cseciic_mc50k,nf_cseciic_v2,multiclass,50000,kan16,0.001,2026,fedavg,5,8640,0.7568567326178481,0.7535664744104549,0.74445377333236,0.7568567326178481,0.5724522629583535,,,18.6,50,0.022839551239930866
lrsweep_cseciic_mc50k,nf_cseciic_v2,multiclass,50000,kan8,0.01,42,fedavg,5,4320,0.8849748120026283,0.8778394295587841,0.8733785987199143,0.8849748120026283,0.7439120234554895,,,9.768,50,0.020162566012022043
lrsweep_cseciic_mc50k,nf_cseciic_v2,multiclass,50000,kan16,0.003,42,fedavg,5,8640,0.8503078533012095,0.8476138327127595,0.8466793215059258,0.8634980896059965,0.6812919661713188,,,18.6,50,0.025309678518410372
lrsweep_cseciic_mc50k,nf_cseciic_v2,multiclass,50000,mlp80,0.01,17,fedavg,5,4415,0.8756053637049476,0.860249202988489,0.8497116156822662,0.8756053637049476,0.7118132530062273,,,8.83,50,0.05656956511158162
lrsweep_cseciic_mc50k,nf_cseciic_v2,multiclass,50000,kan16,0.0003,43,fedavg,5,8640,0.5507532062982161,0.5477549828429582,0.5252451875106471,0.5521160351415152,0.3481481700882815,,,18.6,50,0.0778272614441119
lrsweep_cseciic_mc50k,nf_cseciic_v2,multiclass,50000,mlp32,0.03,2026,fedavg,5,1775,0.7827018081818403,0.7731182010659269,0.7688484096274124,0.818804604414592,0.6574198843250613,,,3.55,50,0.08134384658441018
lrsweep_cseciic_mc50k,nf_cseciic_v2,multiclass,50000,kan16,0.003,11,fedavg,5,8640,0.8911075417974739,0.8874011340682874,0.8859348762502737,0.8911075417974739,0.7581972746437009,,,18.6,50,0.011730062544109354
lrsweep_cseciic_mc50k,nf_cseciic_v2,multiclass,50000,kan8,0.001,2024,fedavg,5,4320,0.6469299846681755,0.6098050668029495,0.6003930301039156,0.6469299846681755,0.43958839835268804,,,9.768,50,0.05968460246769369
lrsweep_cseciic_mc50k,nf_cseciic_v2,multiclass,50000,kan16,0.0003,17,fedavg,5,8640,0.5021902606410162,0.5012314132048381,0.4983816407485824,0.5021902606410162,0.22332869814736975,,,18.6,50,0.006838480445839679
lrsweep_cseciic_mc50k,nf_cseciic_v2,multiclass,50000,mlp80,0.01,43,fedavg,5,4415,0.8292935192621256,0.811649752987272,0.8080905794456207,0.8489085201138935,0.67125440737937,,,8.83,50,0.08847436178238544
lrsweep_cseciic_mc50k,nf_cseciic_v2,multiclass,50000,kan8,0.01,11,fedavg,5,4320,0.8896473680367963,0.8922562118225402,0.8929777810226082,0.8972159353629748,0.7568649261191213,,,9.768,50,0.007568567326178499
lrsweep_cseciic_mc50k,nf_cseciic_v2,multiclass,50000,kan16,0.0003,2024,fedavg,5,8640,0.2855004745564722,0.2828405246891047,0.2802572339441726,0.2855004745564722,0.13897062233766252,,,18.6,50,0.008797546908082043
lrsweep_cseciic_mc50k,nf_cseciic_v2,multiclass,50000,kan8,0.01,29,fedavg,5,4320,0.8440047699009515,0.8656664476406025,0.8572619308364361,0.8853398554427977,0.7156415069585098,,,9.768,50,0.044145920031150365
lrsweep_cseciic_mc50k,nf_cseciic_v2,multiclass,50000,kan16,0.003,29,fedavg,5,8640,0.8841595483195833,0.8835219391107542,0.8821177386775693,0.8841595483195833,0.6941014215314507,,,18.6,50,0.007519894867489163
lrsweep_cseciic_mc50k,nf_cseciic_v2,multiclass,50000,mlp32,0.003,43,fedavg,5,1775,0.7044608308388698,0.7041979995619478,0.703604195565939,0.7044851670682144,0.4996430212321722,,,3.55,50,0.002129420067654708
lrsweep_cseciic_mc50k,nf_cseciic_v2,multiclass,50000,mlp32,0.01,42,fedavg,5,1775,0.8640213185369059,0.8478620622520747,0.8427417195979656,0.8640213185369059,0.7168688993117674,,,3.55,50,0.04196782750480643
lrsweep_cseciic_mc50k,nf_cseciic_v2,multiclass,50000,mlp80,0.1,2026,fedavg,5,4415,0.705908836484875,0.7175245187510647,0.7074152490813074,0.7562361587695603,0.5350635421508877,,,8.83,50,0.12314132048380422
lrsweep_cseciic_mc50k,nf_cseciic_v2,multiclass,50000,kan8,0.0003,2026,fedavg,5,4320,0.5822807914141783,0.583079019736682,0.5434584215521647,0.58444671582585,0.2937476529800826,,,9.768,50,0.10127521841765835
lrsweep_cseciic_mc50k,nf_cseciic_v2,multiclass,50000,mlp32,0.1,42,fedavg,5,1775,0.6904674989657102,0.7106446667153392,0.7097831641965393,0.7994573020856148,0.4376588232719,,,3.55,50,0.11916234698595796
lrsweep_cseciic_mc50k,nf_cseciic_v2,multiclass,50000,kan8,0.1,17,fedavg,5,4320,0.31997274342313403,0.32376676157796114,0.2732654352534618,0.6937893942712516,0.12446406158759722,,,9.768,50,0.21996300893139614
lrsweep_cseciic_mc50k,nf_cseciic_v2,multiclass,50000,kan16,0.03,31,fedavg,5,8640,0.89477014431384,0.8738166508481177,0.8688958652746344,0.9057336156335938,0.7373955756818239,,,18.6,50,0.08198875666204286
lrsweep_cseciic_mc50k,nf_cseciic_v2,multiclass,50000,mlp80,0.003,42,fedavg,5,4415,0.7228103477647173,0.7509162590348252,0.7407838699471905,0.8344284636538415,0.5906028983046848,,,8.83,50,0.1384366406269013
lrsweep_cseciic_mc50k,nf_cseciic_v2,multiclass,50000,mlp80,0.003,29,fedavg,5,4415,0.8276143194373464,0.8302231632230903,0.8280049159183276,0.834915188240734,0.60803999100505,,,8.83,50,0.01008736706334723
lrsweep_cseciic_mc50k,nf_cseciic_v2,multiclass,50000,mlp80,0.003,11,fedavg,5,4415,0.8044340609865908,0.7935898371906257,0.7886021269864447,0.8044340609865908,0.6008042662168381,,,8.83,50,0.023107249762721827
lrsweep_cseciic_mc50k,nf_cseciic_v2,multiclass,50000,mlp32,0.1,29,fedavg,5,1775,0.8224550388162858,0.799905088705556,0.7801769243873354,0.8255700761723979,0.6046812874293633,,,3.55,50,0.2262904285609988
lrsweep_cseciic_mc50k,nf_cseciic_v2,multiclass,50000,mlp32,0.01,11,fedavg,5,1775,0.8732447494585189,0.8705799323452824,0.865105497554209,0.8749847898566596,0.738034332397642,,,3.55,50,0.04426760117787354
lrsweep_cseciic_mc50k,nf_cseciic_v2,multiclass,50000,kan8,0.1,43,fedavg,5,4320,0.2770923073179042,0.29784624370300067,0.35594534082889195,0.561838358764693,0.20219385503051898,,,9.768,50,0.18999294249349008
lrsweep_cseciic_mc50k,nf_cseciic_v2,multiclass,50000,mlp32,0.01,29,fedavg,5,1775,0.8599084957776643,0.8599303983840743,0.8571365992553114,0.865700518361685,0.6572017088414785,,,3.55,50,0.019103940035530953
lrsweep_cseciic_mc50k,nf_cseciic_v2,multiclass,50000,mlp32,0.1,11,fedavg,5,1775,0.7598379207125648,0.7371103161276192,0.742323136453238,0.8317149740819157,0.6438130293507547,,,3.55,50,0.0667421089776351
lrsweep_cseciic_mc50k,nf_cseciic_v2,multiclass,50000,mlp80,0.003,43,fedavg,5,4415,0.7405636270716215,0.7401499111727629,0.744922245747244,0.7931663868000292,0.5592255153032489,,,8.83,50,0.057250979533231106
lrsweep_cseciic_mc50k,nf_cseciic_v2,multiclass,50000,mlp32,0.1,43,fedavg,5,1775,0.7426565427952593,0.7818549074006473,0.7628653476430363,0.8329074493198024,0.5181607797242562,,,3.55,50,0.17534253242802567
lrsweep_cseciic_mc50k,nf_cseciic_v2,multiclass,50000,kan8,0.1,29,fedavg,5,4320,0.33777469518872744,0.32892117495315276,0.3183215302621012,0.6734808108831618,0.14494227586440883,,,9.768,50,0.09135820495972358
lrsweep_cseciic_mc50k,nf_cseciic_v2,multiclass,50000,kan8,0.1,11,fedavg,5,4320,0.13841230439755664,0.11451412718113456,0.15192742936409434,0.7906597551775328,0.05596836873453397,,,9.768,50,0.26381689421041105
lrsweep_cseciic_mc50k,nf_cseciic_v2,multiclass,50000,mlp32,0.01,43,fedavg,5,1775,0.8210313693996252,0.7882772383246941,0.7866880825484899,0.822503711274975,0.6566400884687547,,,3.55,50,0.0697476333016962
lrsweep_cseciic_mc50k,nf_cseciic_v2,multiclass,50000,kan16,0.03,37,fedavg,5,8640,0.8579737655447665,0.8158793896473681,0.8091224355698328,0.8579737655447665,0.7098150732124782,,,18.6,50,0.07634275145408964
lrsweep_cseciic_mc50k,nf_cseciic_v2,multiclass,50000,mlp80,0.003,2024,fedavg,5,4415,0.7950767808035822,0.7922464773308023,0.7865481492297584,0.7962935922708135,0.4790527803689974,,,8.83,50,0.021926942639507452
lrsweep_cseciic_mc50k,nf_cseciic_v2,multiclass,50000,mlp32,0.01,17,fedavg,5,1775,0.8146917816553503,0.8243191939840842,0.8254362269110024,0.8503078533012095,0.5890366901800562,,,3.55,50,0.038475578593852644
lrsweep_cseciic_mc50k,nf_cseciic_v2,multiclass,50000,mlp80,0.03,2026,fedavg,5,4415,0.8192669927721399,0.8462607383611983,0.8331702805967243,0.8738166508481175,0.6713211638867569,,,8.83,50,0.10683604682290526
lrsweep_cseciic_mc50k,nf_cseciic_v2,multiclass,50000,kan8,0.1,42,fedavg,5,4320,0.19342435083108223,0.1937188192061522,0.19261638801684067,0.7135504124990873,0.05385999152628846,,,9.768,50,0.011048648122459925
lrsweep_cseciic_mc50k,nf_cseciic_v2,multiclass,50000,mlp32,0.1,17,fedavg,5,1775,0.7433987977902704,0.7395098683409992,0.7369947190382322,0.78028035336205,0.4793422346904734,,,3.55,50,0.10527852814484928
lrsweep_cseciic_mc50k,nf_cseciic_v2,multiclass,50000,kan8,0.001,23,fedavg,5,4320,0.6257818013676961,0.6285585651359179,0.6264692998466816,0.6392762405392909,0.4621947633552906,,,9.768,50,0.01018471198072568
lrsweep_cseciic_mc50k,nf_cseciic_v2,multiclass,50000,mlp80,0.0003,2026,fedavg,5,4415,0.5419678275048064,0.5417244652113602,0.5404723662115792,0.5419678275048064,0.3733265404057717,,,8.83,50,0.010160375751381068
lrsweep_cseciic_mc50k,nf_cseciic_v2,multiclass,50000,mlp80,0.003,17,fedavg,5,4415,0.8136209875641868,0.8080041858314473,0.8026222287118833,0.8138886860869777,0.5903942499445362,,,8.83,50,0.030700153318244938
lrsweep_cseciic_mc50k,nf_cseciic_v2,multiclass,50000,mlp32,0.001,23,fedavg,5,1775,0.6112287362196102,0.6106203304859945,0.6102625879146284,0.6294565719987345,0.4327288413103305,,,3.55,50,0.001679199824779154
lrsweep_cseciic_mc50k,nf_cseciic_v2,multiclass,50000,mlp80,0.001,31,fedavg,5,4415,0.7103015258815799,0.7063639239736196,0.7009235599036284,0.7103015258815799,0.40725856095901103,,,8.83,50,0.016329609890243568
lrsweep_cseciic_mc50k,nf_cseciic_v2,multiclass,50000,kan16,0.01,42,fedavg,5,8640,0.8670390109756394,0.8452872891874132,0.8513555279744957,0.8943929327589983,0.7176340224026732,,,18.6,50,0.06859166240782655
lrsweep_cseciic_mc50k,nf_cseciic_v2,multiclass,50000,mlp80,0.03,23,fedavg,5,4415,0.7661288359981504,0.784084106008615,0.778638874692755,0.8212260592343822,0.5740766738813788,,,8.83,50,0.0646491932539972
lrsweep_cseciic_mc50k,nf_cseciic_v2,multiclass,50000,mlp32,0.0003,43,fedavg,5,1775,0.4788396485848483,0.4740113406828746,0.4600399114161252,0.4788396485848483,0.2102523451251414,,,3.55,50,0.05663040568494321
lrsweep_cseciic_mc50k,nf_cseciic_v2,multiclass,50000,kan16,0.03,2026,fedavg,5,8640,0.8220291548027548,0.8611009710155508,0.8638302791365504,0.8787447372904043,0.6864918167148646,,,18.6,50,0.05197001776544741
lrsweep_cseciic_mc50k,nf_cseciic_v2,multiclass,50000,mlp32,0.03,31,fedavg,5,1775,0.8621839332213866,0.8558175756248326,0.8582840524689106,0.8899272346742596,0.6930880074053649,,,3.55,50,0.048794139835973804
lrsweep_cseciic_mc50k,nf_cseciic_v2,multiclass,50000,kan16,0.01,11,fedavg,5,8640,0.9003553089484315,0.8988902679418851,0.8969762235039301,0.9015842885303351,0.770648690375461,,,18.6,50,0.009478961329731583
lrsweep_cseciic_mc50k,nf_cseciic_v2,multiclass,50000,kan8,0.0003,23,fedavg,5,4320,0.6173979703584727,0.6153829305687377,0.581247718478499,0.6173979703584727,0.36343887073186887,,,9.768,50,0.08075977708013915
lrsweep_cseciic_mc50k,nf_cseciic_v2,multiclass,50000,mlp32,0.0003,17,fedavg,5,1775,0.4221240660971989,0.4221240660971989,0.42210338030225597,0.4221240660971989,0.1672591686246779,,,3.55,50,7.300868803383764e-05
lrsweep_cseciic_mc50k,nf_cseciic_v2,multiclass,50000,mlp32,0.001,2024,fedavg,5,1775,0.6035628239760531,0.6003115037356113,0.5943892823245966,0.6035628239760531,0.3463586247525979,,,3.55,50,0.02027207904407291
lrsweep_cseciic_mc50k,nf_cseciic_v2,multiclass,50000,kan16,0.01,29,fedavg,5,8640,0.8821031369399626,0.8869922854152976,0.8864812245990606,0.8942347472682582,0.7449834026045853,,,18.6,50,0.01456523326275827
lrsweep_cseciic_mc50k,nf_cseciic_v2,multiclass,50000,mlp32,0.0003,42,fedavg,5,1775,0.561254289260422,0.5593414616339345,0.5580054026429145,0.561254289260422,0.3129399707539008,,,3.55,50,0.009418120756370052
lrsweep_cseciic_mc50k,nf_cseciic_v2,multiclass,50000,kan8,0.01,2024,fedavg,5,4320,0.810980506680295,0.8031345063395877,0.8077766420870752,0.8216397751332408,0.5705992346125922,,,9.768,50,0.04019128276264872
lrsweep_cseciic_mc50k,nf_cseciic_v2,multiclass,50000,kan16,0.003,2026,fedavg,5,8640,0.8572436786644277,0.8573385899588718,0.8565440120707699,0.8580346061181281,0.6997438683521904,,,18.6,50,0.003978973497846261
lrsweep_cseciic_mc50k,nf_cseciic_v2,multiclass,50000,kan16,0.01,43,fedavg,5,8640,0.8641186634542843,0.8509503297559077,0.8602017473412671,0.8816407485824146,0.7064067732630916,,,18.6,50,0.07889805553527529
lrsweep_cseciic_mc50k,nf_cseciic_v2,multiclass,50000,mlp32,0.03,37,fedavg,5,1775,0.8191331435107444,0.8169331483779902,0.8181280572388113,0.8353167360249203,0.5961007039382233,,,3.55,50,0.031576257574651434
lrsweep_cseciic_mc50k,nf_cseciic_v2,multiclass,50000,kan16,0.1,23,fedavg,5,8640,0.4531284222822516,0.49105400209291583,0.5200956413813242,0.6751356744785962,0.30477712474241886,,,18.6,50,0.15968216884475916
lrsweep_cseciic_mc50k,nf_cseciic_v2,multiclass,50000,mlp80,0.001,37,fedavg,5,4415,0.7203767248302548,0.7196369034581782,0.7181377917305494,0.7203767248302548,0.40605350627046655,,,8.83,50,0.006692463069772003
lrsweep_cseciic_mc50k,nf_cseciic_v2,multiclass,50000,mlp32,0.0003,2024,fedavg,5,1775,0.25537222262782605,0.25530164756272666,0.2553454527755469,0.2880801148670025,0.11958666020297228,,,3.55,50,0.0002555304081185428
lrsweep_cseciic_mc50k,nf_cseciic_v2,multiclass,50000,mlp32,0.01,2026,fedavg,5,1775,0.7529264315786912,0.7447397240271592,0.7415066559587258,0.7534374923949283,0.612780138874293,,,3.55,50,0.019140444379547872
lrsweep_cseciic_mc50k,nf_cseciic_v2,multiclass,50000,kan8,0.003,2024,fedavg,5,4320,0.7916088681219732,0.784220388892945,0.7807804628750823,0.7916088681219732,0.547360740517427,,,9.768,50,0.018921418315446248
lrsweep_cseciic_mc50k,nf_cseciic_v2,multiclass,50000,kan16,0.01,17,fedavg,5,8640,0.8948309848872016,0.8900440485751139,0.8866941666058261,0.9005013263244993,0.7655383966456477,,,18.6,50,0.032963422647295015
lrsweep_cseciic_mc50k,nf_cseciic_v2,multiclass,50000,mlp32,0.0003,11,fedavg,5,1775,0.32623932247937504,0.3239371151833734,0.3254228419848628,0.33169063785257114,0.1402860021748686,,,3.55,50,0.010841790173030608
lrsweep_cseciic_mc50k,nf_cseciic_v2,multiclass,50000,mlp32,0.0003,29,fedavg,5,1775,0.473497846243703,0.4664062690126792,0.43664549414713677,0.473497846243703,0.2705379688208043,,,3.55,50,0.08499428098610401
lrsweep_cseciic_mc50k,nf_cseciic_v2,multiclass,50000,kan8,0.03,23,fedavg,5,4320,0.6545107201090263,0.6640699909955952,0.6878550047455647,0.7876177265094546,0.49538763548556636,,,9.768,50,0.15201625660120222
lrsweep_cseciic_mc50k,nf_cseciic_v2,multiclass,50000,kan16,0.001,23,fedavg,5,8640,0.7389574359348763,0.7383904017911465,0.7378416198194252,0.7389574359348763,0.5263645709703603,,,18.6,50,0.0018495534301915528
algos,nf_botiot_v2,binary,130000,kan8,0.01,2026,scaffold,5,3280,0.5010889047352901,0.4872164511341954,0.4800181162911712,0.6496810376394858,0.3338169399257899,1.0,,15.376,50,0.09840615182993812
algos,nf_botiot_v2,binary,130000,mlp80,0.01,37,scaffold,5,3362,0.92659047545628,0.9150769942374776,0.8593674716210227,0.9391755160252087,0.9265787396646169,0.08405763510642406,0.8533605166180473,13.448,50,0.20608244839747913
algos,nf_botiot_v2,binary,130000,kan8,0.01,37,scaffold,5,3280,0.4983907337097924,0.43410873629232755,0.4269759284599225,0.6829263592036541,0.33261733571713376,0.0010429945532506313,-0.02286711827150776,15.376,50,0.5859078381868291
algos,nf_botiot_v2,binary,130000,kan8,0.01,2026,fedprox,5,3280,0.9570219900938578,0.949918091236726,0.9482991886214274,0.9570219900938578,0.9570114360983382,0.025186386989608733,0.9146329692578291,7.688,50,0.014955576541330173
algos,nf_botiot_v2,binary,130000,mlp80,0.01,23,fedprox,5,3362,0.972575018790834,0.9714494960201977,0.9710216431861545,0.9726135640911981,0.9725618203479719,0.0033221307992428173,0.9462560664524194,6.724,50,0.0031028966793222867
algos,nf_botiot_v2,binary,130000,kan8,0.01,31,scaffold,5,3280,0.49891109526470984,0.49891109526470984,0.49891109526470984,0.907857459479253,0.3328490240954561,0.0,,15.376,50,0.0
algos,nf_botiot_v2,binary,130000,mlp80,0.01,31,scaffold,5,3362,0.5694104496309288,0.6292134831460674,0.6553973056835046,0.9063541927650471,0.4981942610456844,0.05180206281144972,0.21445088599079634,13.448,50,0.30577986778961974
algos,nf_botiot_v2,binary,130000,mlp80,0.01,29,fedpaq,5,3362,0.3926609748106462,0.3991558579220228,0.40239559041763845,0.5689286333763756,0.28772204934114715,0.2218101749913084,-0.3337387554652331,1.516824,50,0.04374891591342728
algos,nf_botiot_v2,binary,130000,mlp80,0.01,11,fedpaq,5,3362,0.5355869485612966,0.5353286950488563,0.534166554242874,0.5477672634764006,0.40642569232965065,0.9307374357785761,0.1891337308001912,1.457296,50,0.005550523252452422
algos,nf_botiot_v2,binary,130000,kan8,0.01,23,fedprox,5,3280,0.9719004760344595,0.9718002582535125,0.9713531327692871,0.9722666563879199,0.9718882742943158,0.005099084482558802,0.9448072667654162,7.688,50,0.0030450787287760184
algos,nf_botiot_v2,binary,130000,mlp80,0.01,2026,fedprox,5,3362,0.9410449630928749,0.9357141480524988,0.9350357507660878,0.9410449630928749,0.9410263421020788,0.03909298103295089,0.8828022920294537,6.724,50,0.007227243818297424
algos,nf_botiot_v2,binary,130000,kan8,0.01,37,moon,5,3280,0.9851986046601268,0.946792067377185,0.9393084973114654,0.9851986046601268,0.9851972899142154,0.022096032757754847,0.9704980728711972,7.688,50,0.06886117910073808
algos,nf_botiot_v2,binary,130000,kan8,0.01,31,fedpaq,5,3280,0.9083392757338061,0.9180642550157071,0.9319174359666198,0.9617630620386609,0.90758390289161,0.18028354000077262,0.8296362868428174,1.706904,50,0.058685219804575306
algos,nf_botiot_v2,binary,130000,mlp80,0.01,42,fedpaq,5,3362,0.7254803708057895,0.7186115982808797,0.7241698305934048,0.7956328174687302,0.7034880604512439,0.0,0.5400624542321213,1.374528,50,0.05912849075876425
algos,nf_botiot_v2,binary,130000,mlp80,0.01,2024,fedpaq,5,3362,0.501512903039297,0.5014974849191512,0.5013799217530402,0.5436429163374256,0.334760382448578,0.9991501525862402,0.020640488018519015,1.344104,50,0.00028908975273189697
algos,nf_botiot_v2,binary,130000,mlp80,0.01,17,fedpaq,5,3362,0.8414246343014627,0.8259641143253609,0.7977219727484727,0.8414246343014627,0.837448595144608,0.0,0.7201942544523368,1.39152,50,0.09590070730626166
algos,nf_botiot_v2,binary,130000,mlp80,0.01,43,fedpaq,5,3362,0.514618305163143,0.5149767764565306,0.5154489563859926,0.5763678763466764,0.36325491100298685,0.9728821416154827,0.11736619212353779,1.357136,50,0.0021007188698517476
algos,nf_botiot_v2,binary,130000,mlp80,0.01,2024,moon,5,3362,0.898259679688554,0.8936188255246978,0.8899338948098752,0.9075298244261568,0.8971622798381452,0.20330667902808364,0.8132500770211518,6.724,50,0.034016227571453284
algos,nf_botiot_v2,binary,130000,kan8,0.01,31,moon,5,3280,0.9706284811224392,0.9467111222464201,0.9427756470792298,0.9718812033842774,0.9706183183043153,0.008614362421292543,0.942075483259739,7.688,50,0.056064139379806144
algos,nf_botiot_v2,binary,130000,kan8,0.01,37,fedpaq,5,3280,0.9071636440726965,0.9069632085108023,0.9071424441574962,0.9220035847129339,0.9063282649802545,0.1854985127670259,0.8284890598976453,1.701808,50,0.0024283539229479345
algos,nf_botiot_v2,binary,130000,kan8,0.01,2024,fedpaq,5,3280,0.5082968759034054,0.5113766454025093,0.5077398963131421,0.5166419334322663,0.34970200222290987,0.9855139645381852,0.08516841168700835,1.536128,50,0.014724304739144656
algos,nf_botiot_v2,binary,130000,kan8,0.01,31,fedprox,5,3280,0.9686626708038623,0.9694644130514387,0.9696590668182781,0.9706862990729855,0.9686489115593477,0.008228068142310807,0.9383354701172751,7.688,50,0.002119991520033948
algos,nf_botiot_v2,binary,130000,kan8,0.01,23,fedpaq,5,3280,0.505637250178272,0.5049241621215333,0.5047237265596392,0.5121899512401951,0.3475946548094342,0.0,0.08211133644376548,1.681232,50,0.006514155761558782
algos,nf_botiot_v2,binary,130000,mlp80,0.01,17,moon,5,3362,0.9984581879854298,0.9978838630100025,0.9977431726636729,0.9984581879854298,0.9984581778551735,0.0019314713949086793,0.9969166524041733,6.724,50,0.0012334496116560567
algos,nf_botiot_v2,binary,130000,mlp80,0.01,2026,scaffold,5,3362,0.78557249407366,0.8361978915720701,0.8422186674889665,0.9143137972902654,0.7798450823554812,0.05106810368138448,0.6046272675862949,13.448,50,0.11679226010368693
algos,nf_botiot_v2,binary,130000,mlp80,0.01,43,moon,5,3362,0.8489987858230386,0.8201707556806136,0.8157380461387247,0.9044462003970166,0.8454190318522562,0.3016572024568316,0.7315389901484189,6.724,50,0.08462620694971767
algos,nf_botiot_v2,binary,130000,mlp80,0.01,29,moon,5,3362,0.8073313161292809,0.8179042920191956,0.822304238055775,0.828049415075067,0.7997560704916432,0.3858307258469502,0.6656385150186583,6.724,50,0.02680825640333806
algos,nf_botiot_v2,binary,130000,mlp80,0.01,11,moon,5,3362,0.9318133636556363,0.8367837801376068,0.84665715882591,0.9939483878428123,0.9314993606524613,0.13400548537876156,0.8711046056633718,6.724,50,0.22620309518761927
algos,nf_botiot_v2,binary,130000,kan8,0.01,37,fedprox,5,3280,0.9207508624510956,0.9402586389654441,0.9499585638021084,0.9802840788636845,0.9202682129359467,0.15521304129485847,0.8512487164312571,7.688,50,0.06024630446932755
algos,nf_botiot_v2,binary,130000,kan8,0.01,23,moon,5,3280,0.9547285447221847,0.9593732534160772,0.9592306358047296,0.9722666563879199,0.9546446180338751,7.725885579634717e-05,0.9132112158987944,7.688,50,0.028099523965540496
algos,nf_botiot_v2,binary,130000,kan8,0.01,2026,moon,5,3280,0.6540944745311927,0.8019388286083219,0.8815136739453042,0.9696648486133328,0.6077507146208854,0.0,0.4276569807633654,7.688,50,0.31557037408214006
algos,nf_botiot_v2,binary,130000,mlp80,0.01,42,moon,5,3362,0.9968200127199491,0.9968007400697669,0.9966851041686743,0.9969163759708598,0.9968199513174087,0.005408119905744191,0.9936496962752154,6.724,50,0.0005203615549174145
algos,nf_botiot_v2,binary,130000,mlp80,0.01,37,fedprox,5,3362,0.9226588548191261,0.9543006918881416,0.9542563647927226,0.981729527627344,0.9222189780237721,0.1506933982307722,0.8544354082740513,6.724,50,0.059610307013317376
algos,nf_botiot_v2,binary,130000,mlp80,0.01,31,fedprox,5,3362,0.969240850309326,0.9694065951008923,0.9692023050089619,0.9698383024649719,0.969226021237283,0.006644261598485746,0.93958239007044,6.724,50,0.00190799236803052
algos,nf_botiot_v2,binary,130000,mlp80,0.01,23,scaffold,5,3362,0.906624009867597,0.6821477441362962,0.6610827374872319,0.9274191994141114,0.9065895909801767,0.07215977131378681,0.8140084387538362,13.448,50,0.4305317324185249
algos,nf_botiot_v2,binary,130000,kan8,0.01,23,scaffold,5,3280,0.49891109526470984,0.49891109526470984,0.5327635053096151,0.7703085551294159,0.3328490240954561,0.0,,15.376,50,0.27139745986470604
algos,nf_botiot_v2,binary,130000,mlp80,0.01,17,fedprox,5,3362,0.9737699231021257,0.9735386512999401,0.9735694875402314,0.9737699231021257,0.9737563962441581,0.00135202997643602,0.948720403194666,6.724,50,0.00040472565382465575
algos,nf_botiot_v2,binary,130000,mlp80,0.01,43,fedprox,5,3362,0.9229864898722223,0.9230905621832057,0.9223273652359936,0.9668317690365602,0.9225514066887038,0.15011395681229966,0.8550342811158436,6.724,50,0.007747605373214839
algos,nf_botiot_v2,binary,130000,kan8,0.01,2024,fedprox,5,3280,0.9694143041609652,0.9503459440707692,0.950317035095496,0.9699732110162469,0.9694049761280703,0.010970757523081076,0.9395584575980583,7.688,50,0.04020274827991599
algos,nf_botiot_v2,binary,130000,mlp80,0.01,11,fedprox,5,3362,0.9221192206140266,0.938073120434791,0.9496309287490122,0.9669088596372887,0.9216744461278622,0.15138872793293934,0.8533833274568476,6.724,50,0.03939329697226668
algos,nf_botiot_v2,binary,130000,mlp80,0.01,29,fedprox,5,3362,0.8811841116271899,0.8927901015668664,0.8973789195752309,0.9258966600497235,0.880738404221087,0.17815892146637313,0.767663882113151,6.724,50,0.02572898799313894
algos,nf_botiot_v2,binary,130000,mlp80,0.01,42,fedprox,5,3362,0.9740782855050398,0.9741785032859868,0.9737814866922351,0.9744059205581359,0.9740647810768368,0.000927106269556166,0.9493488297829568,6.724,50,0.002042900919305368
algos,nf_botiot_v2,binary,130000,kan8,0.01,2024,scaffold,5,3280,0.49866055081234223,0.46780889240079404,0.46611868097982156,0.6855281669782411,0.332771627803116,0.0005408119905744302,-0.014774820291299649,15.376,50,0.3531713145874689
algos,nf_botiot_v2,binary,130000,kan8,0.01,29,fedprox,5,3280,0.7899088403646385,0.7998265461483609,0.799348584423844,0.9269373831595583,0.7801086031361724,0.41994051068103677,0.6379095224494356,7.688,50,0.029930425732842547
algos,nf_botiot_v2,binary,130000,kan8,0.01,2026,fedpaq,5,3280,0.49891109526470984,0.49891109526470984,0.49891109526470984,0.49891109526470984,0.3328490240954561,0.0,,1.672808,50,0.0
algos,nf_botiot_v2,binary,130000,kan8,0.01,11,fedprox,5,3280,0.9743866479079538,0.9709985160059359,0.9708578256596063,0.9743866479079538,0.9743767460315325,0.0037856839340209003,0.9496838249120877,7.688,50,0.011043228554358464
algos,nf_botiot_v2,binary,130000,mlp80,0.01,37,moon,5,3362,0.9975138281265057,0.9971283751228632,0.9971649931582093,0.9975331007766878,0.9975138280932614,0.0004249237068798539,0.9950361401973,6.724,50,0.000790178657467111
algos,nf_botiot_v2,binary,130000,mlp80,0.01,2026,moon,5,3362,0.9123287143215063,0.9153044115096266,0.9160174995663652,0.9565787191396689,0.9116231964464406,0.17522308494611194,0.8374247261103914,6.724,50,0.01724902191300326
algos,nf_botiot_v2,binary,130000,mlp80,0.01,2026,fedpaq,5,3362,0.4732399252221173,0.4752250081908763,0.47783259776051806,0.49891109526470984,0.3237903553271803,0.05458338162011822,-0.15388787312126526,1.588352,50,0.008325784878678633
algos,nf_botiot_v2,binary,130000,mlp80,0.01,23,fedpaq,5,3362,0.3221230751440631,0.3055216142771793,0.3373812322932527,0.5714148052498699,0.3077364970148551,0.5326998107158033,-0.37112650217828336,1.433656,50,0.18366835623566596
algos,nf_botiot_v2,binary,130000,kan8,0.01,42,fedprox,5,3280,0.9963189238152138,0.9921945766762388,0.9945496945284946,0.9972054657235917,0.9963189235472267,0.0012361416927415547,0.9926497848136447,7.688,50,0.02195154855744219
algos,nf_botiot_v2,binary,130000,mlp80,0.01,2024,fedprox,5,3362,0.959797251720084,0.9590302002428354,0.9589068552816699,0.959797251720084,0.9597960387741509,0.03260323714605784,0.9197050335166972,6.724,50,0.001117813710563298
algos,nf_botiot_v2,binary,130000,mlp80,0.01,31,moon,5,3362,0.9142367066895368,0.9085628384759188,0.9007670514772486,0.9484263881126294,0.9136129550601697,0.1689264881987098,0.8400160324921488,6.724,50,0.026210804247692066
algos,nf_botiot_v2,binary,130000,kan8,0.01,17,fedprox,5,3280,0.9967236494690385,0.9967120858789293,0.9966966677587834,0.9967429221192207,0.996723649458086,0.0011588828369452076,0.993456258234364,7.688,50,0.00011563590109275879
algos,nf_botiot_v2,binary,130000,kan8,0.01,43,fedprox,5,3280,0.9236803052787789,0.9236571780985603,0.9234490334765934,0.9238152138300537,0.9232566894575756,0.14876192683586353,0.8562714907209571,7.688,50,0.0018501744174841406
algos,nf_botiot_v2,binary,130000,kan8,0.01,42,fedpaq,5,3280,0.9260122959508162,0.9258773873995413,0.9268082564033382,0.9966272862181279,0.9256001228604871,0.1465600494456677,0.8610204914358417,1.619648,50,0.009674870391427559
algos,nf_botiot_v2,binary,130000,mlp80,0.01,31,fedpaq,5,3362,0.250081908763274,0.2962399059494671,0.27369668703143374,0.5780445969125214,0.2500208955712163,0.7403329856684823,-0.4998955098632052,1.56344,50,0.23468306126775493
algos,nf_botiot_v2,binary,130000,kan8,0.01,43,moon,5,3280,0.935282440688419,0.939931003912348,0.9289224661283175,0.9948734750515543,0.9350235828943512,0.12593193494804344,0.8770721863047622,7.688,50,0.1402085300749707
algos,nf_botiot_v2,binary,130000,kan8,0.01,2024,moon,5,3280,0.7363116002081446,0.7908994545839998,0.8423169580048953,0.9670052228881993,0.7164485672422979,0.5273303202379573,0.5548326013165409,7.688,50,0.3954940543874188
algos,nf_botiot_v2,binary,130000,kan8,0.01,11,fedpaq,5,3280,0.6043517644111241,0.7355252760807138,0.7016131208202439,0.9166457879623027,0.5300463293101003,0.7928303781820991,0.33980427948662695,1.739672,50,0.16900186944706774
algos,nf_botiot_v2,binary,130000,kan8,0.01,17,moon,5,3280,0.9969356486210419,0.9966696860485286,0.9965212866421262,0.9969356486210419,0.9969356482522627,0.0012361416927415547,0.9938779803864527,7.688,50,0.0007323607069208427
algos,nf_botiot_v2,binary,130000,kan8,0.01,29,fedpaq,5,3280,0.5113997725827278,0.5109526470985025,0.5089290188293791,0.9397344228804902,0.3604649033565558,0.0006180708463707774,0.10956283457769452,1.664624,50,0.08416366334534664
algos,nf_botiot_v2,binary,130000,kan8,0.01,42,moon,5,3280,0.9960491067126641,0.9835912656349375,0.983687628885848,0.9966272862181279,0.9960491053919134,0.0011975122648433256,0.9921133418414787,7.688,50,0.022452637462177516
algos,nf_botiot_v2,binary,130000,mlp80,0.01,2024,scaffold,5,3362,0.7971746294833002,0.5860350376780311,0.5761076955692177,0.9041378379941025,0.7967090924109668,0.1531270521883571,0.597432924689521,13.448,50,0.3653901748029372
algos,nf_botiot_v2,binary,130000,mlp80,0.01,37,fedpaq,5,3362,0.9796288087574923,0.9798061171391679,0.9702700098290518,0.9816909823269798,0.9796288010093172,0.01761501912156682,0.9592729028187152,1.378168,50,0.048181625455316346
algos,nf_botiot_v2,binary,130000,kan8,0.01,43,fedpaq,5,3280,0.5496174378938848,0.5486692235049241,0.5496598377242855,0.7940524601537957,0.4336406296207794,0.9026924711245027,0.22624742705893672,1.541344,50,0.020294100641779278
algos,nf_botiot_v2,binary,130000,kan8,0.01,17,fedpaq,5,3280,0.9972054657235917,0.9973133925646115,0.9951086013837763,0.9973789195752308,0.9972054657194397,0.0006567002742688954,0.9944200588049579,1.551376,50,0.02200936650798857
algos,nf_botiot_v2,binary,130000,kan8,0.01,11,moon,5,3280,0.7528475340644092,0.8072079711681154,0.803154932834814,0.9598743423208126,0.7366423727517303,0.4941090122455286,0.5803593743729623,7.688,50,0.15934627170582227
algos,nf_botiot_v2,binary,130000,kan8,0.01,29,moon,5,3280,0.941064235743057,0.9434501898356042,0.9323973249561547,0.9571568986451326,0.9410620910444197,0.0629273380461235,0.8821521479511226,7.688,50,0.09094763620945512
algos,nf_botiot_v2,binary,130000,mlp80,0.01,23,moon,5,3362,0.8450478925357026,0.9301327885597548,0.9561489390406075,0.9952589280551969,0.8413065143397203,0.30698806350677943,0.7239055147644162,6.724,50,0.1499604910671266
algos,nf_botiot_v2,binary,130000,kan8,0.01,43,scaffold,5,3280,0.49891109526470984,0.49994796384450824,0.5002254900071308,0.7559504307437316,0.3328490240954561,0.0,,15.376,50,0.0027367163258619764
algos,nf_botiot_v2,binary,130000,mlp80,0.01,43,scaffold,5,3362,0.8456838899917127,0.8019619557885405,0.7838109738470137,0.9191897777863434,0.8455129449319462,0.11913315563796499,0.6931570625150741,13.448,50,0.3865322720527299
algos,nf_botiot_v2,binary,130000,kan8,0.01,17,scaffold,5,3280,0.5010889047352901,0.5014203943184227,0.4861641644342514,0.970763389673714,0.3338169399257899,1.0,,15.376,50,0.17605565941372597
algos,nf_botiot_v2,binary,130000,mlp80,0.01,17,scaffold,5,3362,0.7268680016189026,0.7392256249156821,0.7787287759939869,0.9684506716518588,0.708547449181798,0.020280449646540744,0.5264713367772687,13.448,50,0.40478347177520385
algos,nf_botiot_v2,binary,130000,kan8,0.01,42,scaffold,5,3280,0.5010889047352901,0.49340297184265813,0.5217299130803477,0.850444234586698,0.3338169399257899,1.0,,15.376,50,0.449129839844277
algos,nf_botiot_v2,binary,130000,mlp80,0.01,42,scaffold,5,3362,0.9436660435176442,0.854676508566693,0.857675332935032,0.9668317690365602,0.9435555216772399,0.009927762969830445,0.8912031778630376,13.448,50,0.2213463873417233
algos,nf_botiot_v2,binary,130000,mlp80,0.01,11,scaffold,5,3362,0.538227301636248,0.6569159905178561,0.7183861082737486,0.9121745331200494,0.4144364418230754,0.9213891142272183,0.18709055478921516,13.448,50,0.40865727446181127
algos,nf_botiot_v2,binary,130000,kan8,0.01,11,scaffold,5,3280,0.5681770000192726,0.569757357334207,0.548422533582593,0.84221481295893,0.4761157992383882,0.010468574960404875,0.2550984327797949,15.376,50,0.21458168712779696
algos,nf_botiot_v2,binary,130000,mlp80,0.01,29,scaffold,5,3362,0.609343380808295,0.6308015495210746,0.6208028986065874,0.817083277121437,0.5569640108365657,0.7339205006373856,0.29831758414712,13.448,50,0.3745446836394472
algos,nf_botiot_v2,binary,130000,kan8,0.01,29,scaffold,5,3280,0.5010889047352901,0.5288993389480987,0.5143272881453929,0.6448628750939541,0.3338169399257899,1.0,,15.376,50,0.14631796018270465
sensitivity,nf_botiot_v2,binary,130000,kan_G10,0.01,31,fedavg,10,4920,0.9741746487559504,0.9774047449264749,0.9752307899859309,0.9954131092566538,0.9741626748243082,0.0021246185343994917,0.9494218188547819,11.438,50,0.025324262339314174
sensitivity,nf_botiot_v2,binary,130000,kan_k5,0.01,37,fedavg,5,3936,0.9313315474010831,0.9557577042419103,0.9436178618921888,0.9954901998573824,0.9310016136993124,0.13593695677367024,0.870471050842102,9.376,50,0.06899608765201304
sensitivity,nf_botiot_v2,binary,130000,kan_G5,0.01,42,fedavg,5,3280,0.9962611058646674,0.9966812496386378,0.9968084491298397,0.9973596469250486,0.9962611057521782,0.001390659404334249,0.9925332271038387,7.688,50,0.0010021778094705391
sensitivity,nf_botiot_v2,binary,130000,kan_G5,0.01,11,fedavg,5,3280,0.9264170216046409,0.9564900649488312,0.9542987646231234,0.9969934665715883,0.9260212785891442,0.14486035461814806,0.8615139487980202,7.688,50,0.07057644496694737
sensitivity,nf_botiot_v2,binary,130000,kan_G5,0.01,29,fedavg,5,3280,0.806888045175092,0.8111511553953784,0.8124713319328543,0.814654923198489,0.7993842197437853,0.3851740255726813,0.6640208971232319,7.688,50,0.007651242122304169
sensitivity,nf_botiot_v2,binary,130000,kan_G5,0.01,43,fedavg,5,3280,0.9188814153834294,0.9004336346290979,0.9191839959912889,0.9940062057933586,0.9183277852785474,0.16162552632595506,0.8486895523452982,7.688,50,0.1475128644939966
sensitivity,nf_botiot_v2,binary,130000,kan_G10,0.01,37,fedavg,10,4920,0.9982461888334265,0.9980688804517509,0.9981556073775705,0.998631641837069,0.9982461788170287,0.0019701008228067973,0.9964924473647204,11.438,50,0.0010985410603812085
sensitivity,nf_botiot_v2,binary,130000,kan_k5,0.01,31,fedavg,5,3936,0.9722088384373735,0.971025497716191,0.9708655347196793,0.9722088384373735,0.9721956278788509,0.0038243133619191294,0.9455106017855676,9.376,50,0.002197082120762417
sensitivity,nf_botiot_v2,binary,130000,kan_G5,0.01,17,fedavg,5,3280,0.9983425520843371,0.9981806618228072,0.9981633164376434,0.9983425520843371,0.9983425499413116,0.0006180708463707774,0.9966872625093524,7.688,50,0.0004818162545531246
sensitivity,nf_botiot_v2,binary,130000,kan_k4,0.01,23,fedavg,5,3608,0.9577350781505964,0.9583710756066066,0.9594387804266965,0.9641914159616088,0.9576706693377193,0.0010816239811488604,0.9186055127733275,8.532,50,0.011910497812554266
sensitivity,nf_botiot_v2,binary,130000,kan_h32,0.01,17,fedavg,5,13120,0.9989592768901652,0.9984620425154663,0.9984813151656484,0.9989592768901652,0.9989592732529997,0.0007339591300652426,0.9979187364841677,27.944,50,0.0012334496116560567
sensitivity,nf_botiot_v2,binary,130000,kan_h16,0.01,43,fedavg,5,6560,0.9162988802590244,0.9091949814018927,0.9020775916896332,0.971225933278085,0.9156915166394828,0.1667632402364121,0.8441720435976516,14.44,50,0.03605912849075876
sensitivity,nf_botiot_v2,binary,130000,kan_G10,0.01,2024,fedavg,10,4920,0.9528012797039721,0.9574883882282652,0.9533544047641993,0.9614161543353826,0.9528005065627948,0.04917526171437403,0.9056076731176909,11.438,50,0.026326440148784824
sensitivity,nf_botiot_v2,binary,130000,kan_h32,0.01,43,fedavg,5,13120,0.8970069574267158,0.88932487906412,0.8959508161967351,0.9719968392853702,0.8958754168931828,0.20550855641827948,0.8110147401548806,27.944,50,0.05824194885038647
sensitivity,nf_botiot_v2,binary,130000,kan_h16,0.01,17,fedavg,5,6560,0.997417464875595,0.9977104091583634,0.9977431726636729,0.9980920076319695,0.9974174632631048,0.0011975122648433256,0.9948387676314946,14.44,50,0.0006745427563744633
sensitivity,nf_botiot_v2,binary,130000,kan_G5,0.01,2024,fedavg,5,3280,0.9125985314240561,0.9112494459113073,0.9090870545608727,0.914410160541176,0.9124341661081361,0.1288291420404064,0.827974358927769,7.688,50,0.013009038872935363
sensitivity,nf_botiot_v2,binary,130000,kan_h16,0.01,2024,fedavg,5,6560,0.959643070518627,0.9520727735270876,0.9435947347119702,0.959643070518627,0.9596410514324797,0.031173948313825472,0.9194463825577643,14.44,50,0.04288164665523153
sensitivity,nf_botiot_v2,binary,130000,kan_h32,0.01,11,fedavg,5,13120,0.9170312409659452,0.9270761462408696,0.9306782045599091,0.9759477325727061,0.9164368774212172,0.16548846911577242,0.8455033480522864,27.944,50,0.02091082544760725
sensitivity,nf_botiot_v2,binary,130000,kan_h32,0.01,29,fedavg,5,13120,0.8287046851812593,0.8399599128876212,0.8298687532522596,0.8855975485188968,0.8234675853245235,0.3421022134662186,0.6988849956551791,27.944,50,0.07863241274307631
sensitivity,nf_botiot_v2,binary,130000,kan_h16,0.01,42,fedavg,5,6560,0.9976101913774164,0.9979648081407675,0.9978337541195289,0.9984967332857941,0.997610190162211,0.000927106269556166,0.9952246609013558,14.44,50,0.0015418120145701542
sensitivity,nf_botiot_v2,binary,130000,kan_h32,0.01,42,fedavg,5,13120,0.9975716460770521,0.9981806618228074,0.9980206988262956,0.9985930965367048,0.9975716449721312,0.000927106269556166,0.9951477986049315,27.944,50,0.0011756316611097883
sensitivity,nf_botiot_v2,binary,130000,kan_h16,0.01,29,fedavg,5,6560,0.8072349528783703,0.8066028099523965,0.8058800855705668,0.8140767436930252,0.7997446073729881,0.3848263607215977,0.664772535280755,14.44,50,0.003025806078593929
sensitivity,nf_botiot_v2,binary,130000,kan_h16,0.01,11,fedavg,5,6560,0.9967814674195848,0.9805577504962708,0.9738894135332549,0.9973018289745023,0.9967814669413946,0.0014292888322323671,0.9935693383093291,14.44,50,0.06198084298571893
sensitivity,nf_botiot_v2,binary,130000,kan_h4,0.01,29,fedavg,5,1640,0.8159654634108736,0.8154296837358105,0.8152446662940621,0.8159654634108736,0.8098162499197488,0.36245992196855564,0.675802669006111,4.312,50,0.001079268410199119
sensitivity,nf_botiot_v2,binary,130000,kan_h4,0.01,2026,fedavg,5,1640,0.9249330275406171,0.9451423285215951,0.9520457918168326,0.9656946826758147,0.9245367549411616,0.0004249237068798539,0.859539881896518,4.312,50,0.04001002177809465
sensitivity,nf_botiot_v2,binary,130000,kan_h4,0.01,11,fedavg,5,1640,0.9620521517913928,0.9703393913697071,0.9711237882321198,0.9726328367413803,0.9620464494985317,0.023563951017885443,0.9244940344478206,4.312,50,0.01058068494998754
sensitivity,nf_botiot_v2,binary,130000,kan_G3,0.01,17,fedavg,3,2624,0.9976680093279627,0.99749841000636,0.9975967005222888,0.9977836452290555,0.9976680078000149,0.0009657356974542841,0.995339751687176,6.188,50,0.0007323607069208427
sensitivity,nf_botiot_v2,binary,130000,kan_G3,0.01,43,fedavg,3,2624,0.9370169792048104,0.9304951143831788,0.9342995355291308,0.9710717520766281,0.9367721136874045,0.12330513385096765,0.8803769183178926,6.188,50,0.04581108948291479
sensitivity,nf_botiot_v2,binary,130000,kan_h32,0.01,2026,fedavg,5,13120,0.9621292423921214,0.9607840114094088,0.9631988744772293,0.9666968604852854,0.9620821794984515,0.000463553134778083,0.9268673511284249,27.944,50,0.007207971168115335
sensitivity,nf_botiot_v2,binary,130000,kan_h4,0.01,42,fedavg,5,1640,0.9965501956173993,0.9966619769884557,0.9944610403376568,0.9968392853701312,0.9965501956122738,0.0012361416927415547,0.993110181837157,4.312,50,0.021508277603253245
sensitivity,nf_botiot_v2,binary,130000,kan_G3,0.01,29,fedavg,3,2624,0.8437373523233179,0.8289436660435177,0.8253570258446239,0.9073756432246999,0.8401083359854002,0.30540425696295437,0.7197821867448617,6.188,50,0.026095168346599307
sensitivity,nf_botiot_v2,binary,130000,kan_G3,0.01,11,fedavg,3,2624,0.9602790679746372,0.960649102858134,0.9531057875768496,0.9710910247268102,0.9602773823761319,0.031096689458029125,0.9206998861894597,6.188,50,0.038680208915527925
sensitivity,nf_botiot_v2,binary,130000,kan_h4,0.01,17,fedavg,5,1640,0.9973596469250486,0.997344228804903,0.9973384470098484,0.9976680093279627,0.9973596455088887,0.0011975122648433256,0.9947234586421043,4.312,50,0.00034690770327827636
sensitivity,nf_botiot_v2,binary,130000,kan_h4,0.01,43,fedavg,5,1640,0.9546899994218205,0.9616320080174224,0.9647194865765991,0.9708212076242604,0.9546895244147641,0.03998145787460883,0.9094350515723333,4.312,50,0.016092662902075672
sensitivity,nf_botiot_v2,binary,130000,kan_k5,0.01,2026,fedavg,5,3936,0.9525507352516045,0.9463719236032148,0.947534064409197,0.9598936149709947,0.9524544484997737,0.0002704059952871596,0.9091754031175758,9.376,50,0.018694470676662744
sensitivity,nf_botiot_v2,binary,130000,kan_G3,0.01,2024,fedavg,3,2624,0.8387842812265115,0.8211459517798293,0.8169310231849982,0.841771542004741,0.8344876727860334,0.32085602812222347,0.714455668727992,6.188,50,0.04103147223774739
sensitivity,nf_botiot_v2,binary,130000,kan_G3,0.01,42,fedavg,3,2624,0.9970512845221347,0.9970551390521711,0.9949717655674831,0.9974560101759593,0.997051284084032,0.0011588828369452076,0.9941089743282084,6.188,50,0.021835912656349432
sensitivity,nf_botiot_v2,binary,130000,kan_k4,0.01,37,fedavg,5,3608,0.9950083836028292,0.9705475359916742,0.9761732225798371,0.9962225605643032,0.9950083221881484,0.006335226175300357,0.9900201636188103,8.532,50,0.06795536454217821
sensitivity,nf_botiot_v2,binary,130000,kan_G10,0.01,23,fedavg,10,4920,0.9956636537090215,0.9877156127739125,0.9849981690982327,0.9956636537090215,0.995663644405766,0.0006953297021671245,0.9913537102679018,11.438,50,0.024071540077476028
sensitivity,nf_botiot_v2,binary,130000,kan_k4,0.01,31,fedavg,5,3608,0.9723052016882842,0.972594291441016,0.9720565845009347,0.972883381193748,0.9722905286594532,0.0025109128133812275,0.9458169758538225,8.532,50,0.0025632624742227827
sensitivity,nf_botiot_v2,binary,130000,kan_k4,0.01,2026,fedavg,5,3608,0.9668703143369245,0.9664848613332818,0.966159153545204,0.9668703143369245,0.9668401864651439,0.0008112179858615898,0.9357060267485034,8.532,50,0.0017345385163913818
sensitivity,nf_botiot_v2,binary,130000,kan_k5,0.01,23,fedavg,5,3936,0.9666004972343747,0.9663422437219342,0.9659394453331277,0.9666004972343747,0.9665689464926162,0.0005021825626762011,0.9352363049714238,9.376,50,0.0016959932160270919
sensitivity,nf_botiot_v2,binary,130000,kan_k4,0.01,17,fedavg,5,3608,0.9977643725788733,0.9977142636883999,0.9978144814693467,0.9980920076319695,0.9977643660013318,0.001776953683315985,0.9955291589418237,8.532,50,0.0005010889047353251
sensitivity,nf_botiot_v2,binary,130000,kan_G5,0.01,23,fedavg,5,3280,0.9663692254321892,0.9690982326979782,0.9688553973056834,0.9726713820417445,0.966337615613799,0.0008112179858615898,0.9347632898932171,7.688,50,0.009732688341973827
sensitivity,nf_botiot_v2,binary,130000,kan_k4,0.01,43,fedavg,5,3608,0.9078381868290709,0.9028118796615722,0.9068282999595274,0.9722088384373735,0.9070416673966004,0.18294897052574655,0.8292770344962258,8.532,50,0.07312043479098818
sensitivity,nf_botiot_v2,binary,130000,kan_k4,0.01,11,fedavg,5,3608,0.9206352265500028,0.9476015186848343,0.9566673733305067,0.97625609497562,0.9201328949499277,0.15683547726658165,0.8514143028795953,8.532,50,0.05431032821323267
sensitivity,nf_botiot_v2,binary,130000,kan_k4,0.01,29,fedavg,5,3608,0.8136142000886541,0.8138531809509125,0.813820417445603,0.8150018309017673,0.8071325512829881,0.36833159500907786,0.6727069141864024,8.532,50,0.0006938154065565527
sensitivity,nf_botiot_v2,binary,130000,kan_k4,0.01,42,fedavg,5,3608,0.9971476477730453,0.9971437932430088,0.9972151020486828,0.99755237342687,0.9971476473905789,0.0010429945532506313,0.9943018400816654,8.532,50,0.0006359974560101733
sensitivity,nf_botiot_v2,binary,130000,kan_h4,0.01,31,fedavg,5,1640,0.9698190298147898,0.9697766299843892,0.9698171025497716,0.9699153930657005,0.969807657768367,0.008614362421292543,0.9405201296233209,4.312,50,0.0003854530036425663
sensitivity,nf_botiot_v2,binary,130000,kan_G3,0.01,37,fedavg,3,2624,0.9256461155973558,0.9253878620849154,0.9254360437103706,0.9821535259313509,0.9252299589472902,0.14710086143624213,0.8603241519854846,6.188,50,0.0010214504596526286
sensitivity,nf_botiot_v2,binary,130000,kan_h16,0.01,2026,fedavg,5,6560,0.9589878004124347,0.9593693988860407,0.9592499084549118,0.9663306801318249,0.9589265927904678,0.0002317765673890415,0.9210574203490115,14.44,50,0.004394164241524834
sensitivity,nf_botiot_v2,binary,130000,kan_h16,0.01,23,fedavg,5,6560,0.9728641085435659,0.970482008981055,0.9712201514830305,0.9749070094628712,0.9728477650360272,0.0004249237068798539,0.9470864772431923,14.44,50,0.008788328483049668
sensitivity,nf_botiot_v2,binary,130000,kan_G3,0.01,31,fedavg,3,2624,0.9698768477653362,0.9707325534334228,0.9703895002601808,0.9719004760344595,0.9698645070658979,0.007725885579634606,0.9407047947883496,6.188,50,0.002042900919305368
sensitivity,nf_botiot_v2,binary,130000,kan_G5,0.01,2026,fedavg,5,3280,0.9650201399194404,0.9653400659124636,0.9651781756509337,0.9667546784358317,0.9649924985827989,0.004712790203577066,0.931758624574177,7.688,50,0.0017923564669377612
sensitivity,nf_botiot_v2,binary,130000,kan_h4,0.01,37,fedavg,5,1640,0.9955480178079288,0.9940717328039778,0.9945786035037678,0.9968585580203134,0.9955479872223223,0.00490593734306799,0.9910963656788185,4.312,50,0.008518511380499971
sensitivity,nf_botiot_v2,binary,130000,kan_G10,0.01,2026,fedavg,10,4920,0.9592190722146202,0.9614045907452734,0.9598107425752117,0.9669088596372887,0.959158937891754,0.0002317765673890415,0.921486468458982,11.438,50,0.008903964384142427
sensitivity,nf_botiot_v2,binary,130000,kan_h32,0.01,23,fedavg,5,13120,0.9737506504519436,0.9678724921463951,0.9704338273555997,0.9747721009115964,0.9737373198136521,0.0015451771159269434,0.9486654196162967,27.944,50,0.022298456260720467
sensitivity,nf_botiot_v2,binary,130000,kan_G3,0.01,2026,fedavg,3,2624,0.936631526201168,0.9374563956289629,0.941925723206198,0.9493514753213714,0.9364492286659174,0.007648626723838259,0.878767549369902,6.188,50,0.021643186154528093
sensitivity,nf_botiot_v2,binary,130000,kan_k5,0.01,2024,fedavg,5,3936,0.9127141673251489,0.9071944803129878,0.9042823828704686,0.9130225297280629,0.9125517705141855,0.1284814771893228,0.8281749706573724,9.376,50,0.015996299651165002
sensitivity,nf_botiot_v2,binary,130000,kan_h32,0.01,37,fedavg,5,13120,0.9974367375257772,0.9690635419276503,0.9636537090215276,0.9979956443810588,0.997436713757694,0.0034380190829373936,0.9948749280002579,27.944,50,0.07113535182222908
sensitivity,nf_botiot_v2,binary,130000,kan_h16,0.01,37,fedavg,5,6560,0.9260122959508162,0.95448570932989,0.9693661225355099,0.9976872819781448,0.9256014096759658,0.14644416116197323,0.8609911742065384,14.44,50,0.07788077938597338
sensitivity,nf_botiot_v2,binary,130000,kan_h4,0.01,23,fedavg,5,1640,0.9691444870584154,0.9706014994121841,0.9710833156667371,0.9731724709464799,0.9691199707359142,0.0005021825626762011,0.9400302670429329,4.312,50,0.00580106770482014
sensitivity,nf_botiot_v2,binary,130000,kan_h32,0.01,2024,fedavg,5,13120,0.9600670688226338,0.9595274346175341,0.9586987106597027,0.9607608842291904,0.9600647778279425,0.030246842044269306,0.9203121992945166,27.944,50,0.011910497812554266
sensitivity,nf_botiot_v2,binary,130000,kan_h32,0.01,31,fedavg,5,13120,0.9737313778017616,0.9741476670456954,0.9738817044731821,0.974579374409775,0.9737173200776643,0.0009657356974542841,0.9486837839414514,27.944,50,0.0013876308131131054
sensitivity,nf_botiot_v2,binary,130000,kan_h16,0.01,31,fedavg,5,6560,0.9721702931370093,0.97284869042342,0.9719332395397691,0.9736157419006688,0.9721570642559367,0.0038629427898172475,0.9454334301174593,14.44,50,0.008711237882321199
sensitivity,nf_botiot_v2,binary,130000,kan_G3,0.01,23,fedavg,3,2624,0.9656946826758147,0.9657216643860697,0.9647965771773277,0.9663499527820071,0.9656606695089097,0.0006567002742688954,0.9335149789438956,6.188,50,0.00572397710409156
sensitivity,nf_botiot_v2,binary,130000,kan_h4,0.01,2024,fedavg,5,1640,0.8993004027983889,0.8982057162680441,0.8990016767205657,0.9012276678166015,0.8989535452700301,0.15745354811295242,0.8036842921355193,4.312,50,0.0053770694008132836
sensitivity,nf_botiot_v2,binary,130000,kan_k5,0.01,17,fedavg,5,3936,0.9978992811301483,0.9976641547979263,0.9975369553067243,0.9978992811301483,0.9978992793323802,0.0008498474137598189,0.9958016907077845,9.376,50,0.0006359974560101733
sensitivity,nf_botiot_v2,binary,130000,kan_G10,0.01,29,fedavg,10,4920,0.8894520785553222,0.8663942798774258,0.866829841771542,0.9088596372887235,0.8880790593148378,0.21960829760111256,0.7978577275673708,11.438,50,0.049145257964422706
sensitivity,nf_botiot_v2,binary,130000,kan_G10,0.01,11,fedavg,10,4920,0.9265133848555515,0.9541310925665389,0.9471023570451174,0.9967429221192207,0.9261107963126998,0.14543979603662072,0.8618776642792985,11.438,50,0.07223389288261028
sensitivity,nf_botiot_v2,binary,130000,kan_k4,0.01,2024,fedavg,5,3608,0.9121359878196851,0.9048971804112783,0.9005955248906277,0.912887621176788,0.9119695722792072,0.12944721288677719,0.8270670154506269,8.532,50,0.029467882128471512
sensitivity,nf_botiot_v2,binary,130000,kan_G5,0.01,31,fedavg,5,3280,0.9717077495326383,0.9723013471582478,0.9722146202324282,0.9727677452926552,0.971691971070016,0.0025109128133812275,0.9446784970005266,7.688,50,0.002370535972401555
sensitivity,nf_botiot_v2,binary,130000,kan_G10,0.01,42,fedavg,10,4920,0.9984196426850657,0.9985275695260855,0.9984369880702296,0.9986894597876154,0.998419636697055,0.00135202997643602,0.9968393801991607,11.438,50,0.0008479966080134904
sensitivity,nf_botiot_v2,binary,130000,kan_k5,0.01,43,fedavg,5,3936,0.9033669319868175,0.9121591149999035,0.9225143099427603,0.9882244107387207,0.9024372686006579,0.19249043921659525,0.8217744749117941,9.376,50,0.08826873783413958
sensitivity,nf_botiot_v2,binary,130000,kan_k5,0.01,11,fedavg,5,3936,0.9264748395551873,0.9415383429375372,0.9489332588124192,0.9958178349104786,0.9260673733732381,0.1459033491713988,0.8619068084287254,9.376,50,0.07204116638078906
sensitivity,nf_botiot_v2,binary,130000,kan_G10,0.01,17,fedavg,10,4920,0.9989207315898009,0.9988320773989632,0.9988166592788174,0.9989207315898009,0.9989207264709641,0.0010816239811488604,0.9978414529419279,11.438,50,0.0002119991520033171
sensitivity,nf_botiot_v2,binary,130000,kan_k5,0.01,29,fedavg,5,3936,0.8143658334457571,0.8145855416578334,0.8145296509723051,0.8150018309017673,0.8080429965363702,0.3657434233399003,0.6732995457039331,9.376,50,0.001040723109834829
sensitivity,nf_botiot_v2,binary,130000,kan_G10,0.01,43,fedavg,10,4920,0.9873378688303429,0.9146183051631429,0.9125330044134369,0.9962803785148496,0.9873365073827449,0.02089852049291152,0.9748055336791126,11.438,50,0.18416944514040134
sensitivity,nf_botiot_v2,binary,130000,kan_k5,0.01,42,fedavg,5,3936,0.9969356486210419,0.9970397209320254,0.9971842658083914,0.9976680093279627,0.9969356485800664,0.0010043651253525132,0.993879776253403,9.376,50,0.0010021778094706502
sensitivity,nf_botiot_v2,binary,130000,kan_G5,0.01,37,fedavg,5,3280,0.9967621947694028,0.9406980553895966,0.9395821689440516,0.9967621947694028,0.9967621391766762,0.0052149727662533785,0.993531982442818,7.688,50,0.08150403762021319
g10,nf_toniot_v2,binary,130000,kan8_G10,0.01,31,fedavg,10,4920,0.9026153846153846,0.9058807692307693,0.9074980769230768,0.9335769230769231,0.9018606991992864,0.18507692307692303,0.8179083542520532,14.64064,64,0.04567307692307698
g10,nf_botiot_v2,binary,130000,kan8_G10,0.01,2026,fedavg,10,4920,0.9592190722146202,0.9614045907452734,0.9598107425752117,0.9669088596372887,0.959158937891754,0.0002317765673890415,0.921486468458982,13.95436,61,0.008903964384142427
g10,nf_toniot_v2,binary,130000,kan8_G10,0.01,2024,fedavg,10,4920,0.9644038461538461,0.9616230769230769,0.9599173076923077,0.9644038461538461,0.9643893542935851,0.05576923076923079,0.9295645786988497,14.64064,64,0.00946153846153841
g10,nf_toniot_v2,binary,130000,kan8_G10,0.01,37,fedavg,10,4920,0.9624423076923077,0.9544615384615384,0.9554942307692309,0.9624423076923077,0.9624211794868864,0.013846153846153841,0.9259263816801262,14.64064,64,0.02538461538461534
g10,nf_toniot_v2,binary,130000,kan8_G10,0.01,23,fedavg,10,4920,0.9443269230769231,0.8924884615384616,0.9080423076923078,0.9508076923076924,0.9442726357002975,0.024461538461538423,0.8903903048696667,14.64064,64,0.09196153846153854
g10,nf_botiot_v2,binary,130000,kan8_G10,0.01,42,fedavg,10,4920,0.9984196426850657,0.9985275695260855,0.9984369880702296,0.9986894597876154,0.998419636697055,0.00135202997643602,0.9968393801991607,13.95436,61,0.0008479966080134904
g10,nf_botiot_v2,binary,130000,kan8_G10,0.01,11,fedavg,10,4920,0.9265133848555515,0.9541310925665389,0.9471023570451174,0.9967429221192207,0.9261107963126998,0.14543979603662072,0.8618776642792985,13.95436,61,0.07223389288261028
g10,nf_botiot_v2,binary,130000,kan8_G10,0.01,29,fedavg,10,4920,0.8894520785553222,0.8663942798774258,0.866829841771542,0.9088596372887235,0.8880790593148378,0.21960829760111256,0.7978577275673708,13.95436,61,0.049145257964422706
g10,nf_botiot_v2,binary,130000,kan8_G10,0.01,43,fedavg,10,4920,0.9873378688303429,0.9146183051631429,0.9125330044134369,0.9962803785148496,0.9873365073827449,0.02089852049291152,0.9748055336791126,13.95436,61,0.18416944514040134
g10,nf_botiot_v2,binary,130000,kan8_G10,0.01,17,fedavg,10,4920,0.9989207315898009,0.9988320773989632,0.9988166592788174,0.9989207315898009,0.9989207264709641,0.0010816239811488604,0.9978414529419279,13.95436,61,0.0002119991520033171
g10,nf_toniot_v2,binary,130000,kan8_G10,0.01,2026,fedavg,10,4920,0.9591346153846154,0.9531192307692308,0.9452288461538462,0.9630384615384615,0.9591097229899433,0.016192307692307728,0.9193892892126535,14.64064,64,0.04436538461538464
g10,nf_botiot_v2,binary,130000,kan8_G10,0.01,31,fedavg,10,4920,0.9741746487559504,0.9774047449264749,0.9752307899859309,0.9954131092566538,0.9741626748243082,0.0021246185343994917,0.9494218188547819,12.81056,56,0.025324262339314174
g10,nf_botiot_v2,binary,130000,kan8_G10,0.01,2024,fedavg,10,4920,0.9528012797039721,0.9574883882282652,0.9533544047641993,0.9614161543353826,0.9528005065627948,0.04917526171437403,0.9056076731176909,13.95436,61,0.026326440148784824
g10,nf_botiot_v2,binary,130000,kan8_G10,0.01,37,fedavg,10,4920,0.9982461888334265,0.9980688804517509,0.9981556073775705,0.998631641837069,0.9982461788170287,0.0019701008228067973,0.9964924473647204,11.66676,51,0.0010985410603812085
g10,nf_toniot_v2,binary,130000,kan8_G10,0.01,42,fedavg,10,4920,0.8736346153846154,0.8994500000000001,0.8977865384615384,0.9348653846153846,0.8726815633865341,0.039846153846153864,0.7587143858196408,14.64064,64,0.10730769230769233
g10,nf_botiot_v2,binary,130000,kan8_G10,0.01,23,fedavg,10,4920,0.9956636537090215,0.9877156127739125,0.9849981690982327,0.9956636537090215,0.995663644405766,0.0006953297021671245,0.9913537102679018,13.95436,61,0.024071540077476028
g10,nf_toniot_v2,binary,130000,kan8_G10,0.01,11,fedavg,10,4920,0.9107692307692308,0.8923923076923076,0.8966749999999999,0.9107692307692308,0.9107547665724562,0.10196153846153844,0.8218048886472826,14.64064,64,0.03649999999999998
g10,nf_toniot_v2,binary,130000,kan8_G10,0.01,29,fedavg,10,4920,0.9198846153846154,0.9214384615384615,0.915121153846154,0.9368653846153846,0.9194892451706584,0.15019230769230774,0.8481406001330317,14.64064,64,0.039673076923076867
g10,nf_toniot_v2,binary,130000,kan8_G10,0.01,43,fedavg,10,4920,0.9082692307692307,0.9167346153846154,0.9179326923076923,0.9529038461538462,0.9076657246575293,0.17257692307692307,0.8274263815226445,14.64064,64,0.06599999999999995
g10,nf_toniot_v2,binary,130000,kan8_G10,0.01,17,fedavg,10,4920,0.5664423076923077,0.5612115384615384,0.6234576923076923,0.8405384615384616,0.48006272341574585,0.8411538461538461,0.22943166693433623,14.64064,64,0.21753846153846146
