{
  "run_id": "e1_toniot_multiclass_mlp_h32__dir0.1__seed23",
  "seed": 23,
  "device": "cuda",
  "model_name": "mlp",
  "model_hidden": [
    32
  ],
  "model_grid_size": 5,
  "model_spline_order": 3,
  "data_mode": "multiclass",
  "data_partition": "dirichlet",
  "data_alpha": 0.1,
  "n_params": 1610,
  "bytes_per_round_uplink": 6440,
  "total_uplink_bytes": 3220000,
  "final_metrics": {
    "accuracy": 0.7125327962261151,
    "f1_macro": 0.6759652080571773,
    "f1_weighted": 0.6673410748967739,
    "per_class_precision": [
      0.7780645161290323,
      0.9325454021331796,
      0.7051817009331613,
      0.8438983229617129,
      0.7709283507429748,
      0.9259259259259259,
      0.7088781830695113,
      0.7966339410939691,
      0.5823497693367683,
      0.689487739742656
    ],
    "per_class_recall": [
      0.0603,
      0.9950784374038757,
      0.9295,
      0.8001,
      0.524,
      0.2266839378238342,
      0.824,
      0.8464977645305514,
      0.972,
      0.852
    ],
    "per_class_f1": [
      0.11192575406032483,
      0.9627976190476191,
      0.8019498727406066,
      0.8214157384117858,
      0.623920938262785,
      0.36420395421436,
      0.7621161672216056,
      0.8208092485549133,
      0.7283353939530178,
      0.7621773941047547
    ]
  },
  "best_accuracy": 0.7187475154374156,
  "rounds": 50
}