{
  "run_id": "e1_botiot_multiclass_mlp_h32__iid__seed2026",
  "seed": 2026,
  "device": "cuda",
  "model_name": "mlp",
  "model_hidden": [
    32
  ],
  "model_grid_size": 5,
  "model_spline_order": 3,
  "data_mode": "multiclass",
  "data_partition": "iid",
  "data_alpha": 0.1,
  "n_params": 1445,
  "bytes_per_round_uplink": 5780,
  "total_uplink_bytes": 2890000,
  "final_metrics": {
    "accuracy": 0.929639423671008,
    "f1_macro": 0.9328866759924903,
    "f1_weighted": 0.9299967966266217,
    "per_class_precision": [
      0.9868825336799811,
      0.9922038980509745,
      0.9382885085574573,
      0.8236753499911394,
      0.9237113402061856
    ],
    "per_class_recall": [
      0.8351,
      0.9927,
      0.9594,
      0.9296,
      0.9676025917926566
    ],
    "per_class_f1": [
      0.9046690499404182,
      0.9924518870282429,
      0.9487268232385662,
      0.8734379404303297,
      0.9451476793248945
    ]
  },
  "best_accuracy": 0.9298124212243284,
  "rounds": 50
}