{
  "run_id": "e1_toniot_multiclass_kan_h16__dir0.1__seed11",
  "seed": 11,
  "device": "cuda",
  "model_name": "kan",
  "model_hidden": [
    16
  ],
  "model_grid_size": 5,
  "model_spline_order": 3,
  "data_mode": "multiclass",
  "data_partition": "dirichlet",
  "data_alpha": 0.1,
  "n_params": 7840,
  "bytes_per_round_uplink": 34000,
  "total_uplink_bytes": 17000000,
  "final_metrics": {
    "accuracy": 0.7667161370683486,
    "f1_macro": 0.7521253793102763,
    "f1_weighted": 0.7562225639049021,
    "per_class_precision": [
      0.818042078970122,
      0.9880073800738007,
      0.8539168665067945,
      0.8527301713830211,
      0.5609653282748446,
      0.983739837398374,
      0.9258421317244847,
      0.9854014598540146,
      0.9435811145204395,
      0.554995947667014
    ],
    "per_class_recall": [
      0.8515,
      0.9883112888342048,
      0.8546,
      0.8558,
      0.5323,
      0.23510362694300518,
      0.3683,
      0.8047690014903129,
      0.9533,
      0.9587
    ],
    "per_class_f1": [
      0.8344357881326866,
      0.9881593110871906,
      0.8542582966813275,
      0.8542623278099422,
      0.5462568628457078,
      0.3795086251960272,
      0.5269709543568465,
      0.8859721082854799,
      0.9484156593543253,
      0.7030138593532301
    ]
  },
  "best_accuracy": 0.7851880316963931,
  "rounds": 50
}