{
  "run_id": "e1_toniot_multiclass_mlp_h80__dir0.1__seed11",
  "seed": 11,
  "device": "cuda",
  "model_name": "mlp",
  "model_hidden": [
    80
  ],
  "model_grid_size": 5,
  "model_spline_order": 3,
  "data_mode": "multiclass",
  "data_partition": "dirichlet",
  "data_alpha": 0.1,
  "n_params": 4010,
  "bytes_per_round_uplink": 16040,
  "total_uplink_bytes": 8020000,
  "final_metrics": {
    "accuracy": 0.7369278880555482,
    "f1_macro": 0.7175648912013615,
    "f1_weighted": 0.7145453480652473,
    "per_class_precision": [
      0.84230691671708,
      0.992274412855377,
      0.6827235172617291,
      0.8678154989165204,
      0.455456570155902,
      0.9307359307359307,
      0.9368630926007975,
      0.7928057553956834,
      0.911617618772841,
      0.5213984653625852
    ],
    "per_class_recall": [
      0.8354,
      0.9876960935096893,
      0.9255,
      0.841,
      0.2045,
      0.27849740932642486,
      0.4229,
      0.8211624441132638,
      0.9479,
      0.9649
    ],
    "per_class_f1": [
      0.8388392408876393,
      0.9899799599198397,
      0.7857870606214977,
      0.8541973490427098,
      0.28226363008971705,
      0.4287138584247258,
      0.5827476918836985,
      0.8067349926793558,
      0.9294048436121188,
      0.6769802848523118
    ]
  },
  "best_accuracy": 0.7496886014894124,
  "rounds": 50
}