{
  "run_id": "e1_botiot_binary_mlp_h32__dir0.1__seed11",
  "seed": 11,
  "device": "cuda",
  "model_name": "mlp",
  "model_hidden": [
    32
  ],
  "model_grid_size": 5,
  "model_spline_order": 3,
  "data_mode": "binary",
  "data_partition": "dirichlet",
  "data_alpha": 0.1,
  "n_params": 1346,
  "bytes_per_round_uplink": 5384,
  "total_uplink_bytes": 2692000,
  "final_metrics": {
    "accuracy": 0.9797829899589493,
    "f1_macro": 0.9797757164124359,
    "f1_weighted": 0.9797765516875944,
    "per_class_precision": [
      0.9964422769427567,
      0.9642737523724462
    ],
    "per_class_recall": [
      0.9629157492177541,
      0.996576923076923
    ],
    "per_class_f1": [
      0.9793921772783529,
      0.9801592555465188
    ]
  },
  "best_accuracy": 0.9807658951182378,
  "rounds": 50
}