{
  "run_id": "e1_cseciic_multiclass_kan_h8__dir0.1__seed17",
  "seed": 17,
  "device": "cuda",
  "model_name": "kan",
  "model_hidden": [
    8
  ],
  "model_grid_size": 5,
  "model_spline_order": 3,
  "data_mode": "multiclass",
  "data_partition": "dirichlet",
  "data_alpha": 0.1,
  "n_params": 4320,
  "bytes_per_round_uplink": 19536,
  "total_uplink_bytes": 9768000,
  "final_metrics": {
    "accuracy": 0.8949039935752354,
    "f1_macro": 0.7709570749420144,
    "f1_weighted": 0.8905931725947972,
    "per_class_precision": [
      0.6139542966374142,
      0.9784852195207276,
      0.6292134831460674,
      0.6829268292682927,
      0.944475974271661,
      0.9880668257756563,
      0.9923542845794856,
      0.9931675839817802,
      0.965043090926697,
      1.0,
      0.9489233850776164,
      1.0,
      0.6565394590589108,
      0.0,
      0.9924490809736711
    ],
    "per_class_recall": [
      0.7066,
      0.9978594363182305,
      0.1308411214953271,
      0.15135135135135136,
      0.9985,
      0.981042654028436,
      0.9994,
      0.9439033189033189,
      0.9966,
      1.0,
      0.9963196635120926,
      1.0,
      0.5316,
      0.0,
      0.9989
    ],
    "per_class_f1": [
      0.6570272909014832,
      0.9880773646560099,
      0.21663442940038685,
      0.24778761061946902,
      0.9707369239743341,
      0.9845422116527943,
      0.9958646803846345,
      0.9679089984278184,
      0.9805677178137453,
      1.0,
      0.9720441138753526,
      1.0,
      0.5875006907222191,
      0.0,
      0.9956640917019686
    ]
  },
  "best_accuracy": 0.8984449149448784,
  "rounds": 50
}