{
  "run_id": "e1_botiot_multiclass_kan_h8__dir0.1__seed31",
  "seed": 31,
  "device": "cuda",
  "model_name": "kan",
  "model_hidden": [
    8
  ],
  "model_grid_size": 5,
  "model_spline_order": 3,
  "data_mode": "multiclass",
  "data_partition": "dirichlet",
  "data_alpha": 0.1,
  "n_params": 3520,
  "bytes_per_round_uplink": 16336,
  "total_uplink_bytes": 8168000,
  "final_metrics": {
    "accuracy": 0.9055433358871068,
    "f1_macro": 0.9029896206457234,
    "f1_weighted": 0.905252175374002,
    "per_class_precision": [
      0.9766404199475066,
      0.9861042183622829,
      0.9371758489088952,
      0.7675998012257744,
      0.8821052631578947
    ],
    "per_class_recall": [
      0.7442,
      0.9935,
      0.9577,
      0.9268,
      0.9049676025917927
    ],
    "per_class_f1": [
      0.8447219069239501,
      0.9897882938978829,
      0.9473267718482615,
      0.8397209386608679,
      0.8933901918976546
    ]
  },
  "best_accuracy": 0.9062106121641994,
  "rounds": 50
}