{
  "run_id": "e1_botiot_multiclass_mlp_h32__dir0.1__seed42",
  "seed": 42,
  "device": "cuda",
  "model_name": "mlp",
  "model_hidden": [
    32
  ],
  "model_grid_size": 5,
  "model_spline_order": 3,
  "data_mode": "multiclass",
  "data_partition": "dirichlet",
  "data_alpha": 0.1,
  "n_params": 1445,
  "bytes_per_round_uplink": 5780,
  "total_uplink_bytes": 2890000,
  "final_metrics": {
    "accuracy": 0.9145144947235746,
    "f1_macro": 0.7364857102452186,
    "f1_weighted": 0.9100730423414214,
    "per_class_precision": [
      0.9595062298107984,
      0.990624376620786,
      0.9405891656781337,
      0.7929288595211533,
      0.0
    ],
    "per_class_recall": [
      0.8317,
      0.9932,
      0.9515,
      0.924,
      0.0
    ],
    "per_class_f1": [
      0.891043496893079,
      0.9919105163287726,
      0.9460131238814874,
      0.8534614141227543,
      0.0
    ]
  },
  "best_accuracy": 0.9145144947235746,
  "rounds": 50
}