{
  "run_id": "e1_toniot_multiclass_kan_h16__dir0.1__seed2024",
  "seed": 2024,
  "device": "cuda",
  "model_name": "kan",
  "model_hidden": [
    16
  ],
  "model_grid_size": 5,
  "model_spline_order": 3,
  "data_mode": "multiclass",
  "data_partition": "dirichlet",
  "data_alpha": 0.1,
  "n_params": 7840,
  "bytes_per_round_uplink": 34000,
  "total_uplink_bytes": 17000000,
  "final_metrics": {
    "accuracy": 0.762754087933639,
    "f1_macro": 0.7289798610693706,
    "f1_weighted": 0.7476250196838353,
    "per_class_precision": [
      0.9984427141268075,
      0.9853524565151053,
      0.8130252100840336,
      0.6514545331253815,
      0.7119044937492961,
      0.960431654676259,
      0.6640534931980632,
      0.9842696629213483,
      0.7983384916110116,
      0.8265983112183354
    ],
    "per_class_recall": [
      0.4488,
      0.9932328514303291,
      0.9288,
      0.9607,
      0.6321,
      0.17292746113989638,
      0.864,
      0.6527570789865872,
      0.9802,
      0.5482
    ],
    "per_class_f1": [
      0.6192480165574336,
      0.9892769607843137,
      0.8670649738610904,
      0.7764173435163858,
      0.6696329254727474,
      0.29308452250274425,
      0.750945200121681,
      0.7849462365591398,
      0.8799712721070114,
      0.6592111592111592
    ]
  },
  "best_accuracy": 0.7805501815387061,
  "rounds": 50
}