{
  "run_id": "e1_cseciic_multiclass_mlp_h80__dir0.1__seed2026",
  "seed": 2026,
  "device": "cuda",
  "model_name": "mlp",
  "model_hidden": [
    80
  ],
  "model_grid_size": 5,
  "model_spline_order": 3,
  "data_mode": "multiclass",
  "data_partition": "dirichlet",
  "data_alpha": 0.1,
  "n_params": 4415,
  "bytes_per_round_uplink": 17660,
  "total_uplink_bytes": 8830000,
  "final_metrics": {
    "accuracy": 0.8361441678226376,
    "f1_macro": 0.6894300700142392,
    "f1_weighted": 0.8138217247143756,
    "per_class_precision": [
      0.5577326009400306,
      0.9732638888888889,
      0.48905109489051096,
      0.0,
      0.9441087613293051,
      1.0,
      0.9940215225189318,
      0.6261026916987107,
      0.9965758523150215,
      0.998641304347826,
      0.9931865828092243,
      0.792602781598655,
      0.9898599710284887,
      0.0,
      0.9942282814210369
    ],
    "per_class_recall": [
      0.9849,
      1.0,
      0.15654205607476634,
      0.0,
      1.0,
      0.9383886255924171,
      0.9976,
      0.9985569985569985,
      0.6694,
      0.5207226354941552,
      0.9963196635120926,
      1.0,
      0.205,
      0.0,
      0.9991
    ],
    "per_class_f1": [
      0.7121732528290973,
      0.9864508182298082,
      0.23716814159292035,
      0.0,
      0.9712509712509713,
      0.9682151589242054,
      0.9958075464164504,
      0.7696371472264701,
      0.8008613985762996,
      0.6845168800931315,
      0.994750656167979,
      0.8843038622218433,
      0.3396570292436418,
      0.0,
      0.9966581874407701
    ]
  },
  "best_accuracy": 0.8638509649314935,
  "rounds": 50
}