{
  "run_id": "e1_toniot_binary_kan_h16__dir0.1__seed2024",
  "seed": 2024,
  "device": "cuda",
  "model_name": "kan",
  "model_hidden": [
    16
  ],
  "model_grid_size": 5,
  "model_spline_order": 3,
  "data_mode": "binary",
  "data_partition": "dirichlet",
  "data_alpha": 0.1,
  "n_params": 6560,
  "bytes_per_round_uplink": 28880,
  "total_uplink_bytes": 14440000,
  "final_metrics": {
    "accuracy": 0.9436923076923077,
    "f1_macro": 0.9435483418511135,
    "f1_weighted": 0.9435483418511134,
    "per_class_precision": [
      0.9935398305809874,
      0.9029902885488716
    ],
    "per_class_recall": [
      0.8931923076923077,
      0.9941923076923077
    ],
    "per_class_f1": [
      0.9406975331145947,
      0.9463991505876322
    ]
  },
  "best_accuracy": 0.9572307692307692,
  "rounds": 50
}