{
  "run_id": "e1_botiot_binary_kan_h8__dir1.0__seed2024",
  "seed": 2024,
  "device": "cuda",
  "model_name": "kan",
  "model_hidden": [
    8
  ],
  "model_grid_size": 5,
  "model_spline_order": 3,
  "data_mode": "binary",
  "data_partition": "dirichlet",
  "data_alpha": 1.0,
  "n_params": 3280,
  "bytes_per_round_uplink": 15376,
  "total_uplink_bytes": 7688000,
  "final_metrics": {
    "accuracy": 0.9960876520130283,
    "f1_macro": 0.9960876520130283,
    "f1_weighted": 0.9960876520130283,
    "per_class_precision": [
      0.9939230769230769,
      0.9982616757445822
    ],
    "per_class_recall": [
      0.9982616757445822,
      0.9939230769230769
    ],
    "per_class_f1": [
      0.9960876520130283,
      0.9960876520130283
    ]
  },
  "best_accuracy": 0.9962996511650317,
  "rounds": 50
}