{
  "run_id": "e1_toniot_binary_kan_h16__dir0.1__seed31",
  "seed": 31,
  "device": "cuda",
  "model_name": "kan",
  "model_hidden": [
    16
  ],
  "model_grid_size": 5,
  "model_spline_order": 3,
  "data_mode": "binary",
  "data_partition": "dirichlet",
  "data_alpha": 0.1,
  "n_params": 6560,
  "bytes_per_round_uplink": 28880,
  "total_uplink_bytes": 14440000,
  "final_metrics": {
    "accuracy": 0.922923076923077,
    "f1_macro": 0.9225372269437807,
    "f1_weighted": 0.9225372269437806,
    "per_class_precision": [
      0.9924317062248097,
      0.8706100438153016
    ],
    "per_class_recall": [
      0.8523461538461539,
      0.9935
    ],
    "per_class_f1": [
      0.9170701427684668,
      0.9280043111190946
    ]
  },
  "best_accuracy": 0.9281538461538461,
  "rounds": 50
}