{
  "run_id": "e1_botiot_multiclass_kan_h8__dir0.1__seed29",
  "seed": 29,
  "device": "cuda",
  "model_name": "kan",
  "model_hidden": [
    8
  ],
  "model_grid_size": 5,
  "model_spline_order": 3,
  "data_mode": "multiclass",
  "data_partition": "dirichlet",
  "data_alpha": 0.1,
  "n_params": 3520,
  "bytes_per_round_uplink": 16336,
  "total_uplink_bytes": 8168000,
  "final_metrics": {
    "accuracy": 0.7882757086721202,
    "f1_macro": 0.6073504529381066,
    "f1_weighted": 0.7505010169019927,
    "per_class_precision": [
      0.6094439541041483,
      0.9911213088587391,
      0.8413357556882083,
      0.8512259774685222,
      0.0
    ],
    "per_class_recall": [
      0.9667,
      0.9935,
      0.9725,
      0.2569,
      0.0
    ],
    "per_class_f1": [
      0.7475833268888717,
      0.9923092289252896,
      0.9021754255763255,
      0.39468428330004607,
      0.0
    ]
  },
  "best_accuracy": 0.8958307589649803,
  "rounds": 50
}