{
  "run_id": "e1_toniot_binary_mlp_h80__dir0.1__seed42",
  "seed": 42,
  "device": "cuda",
  "model_name": "mlp",
  "model_hidden": [
    80
  ],
  "model_grid_size": 5,
  "model_spline_order": 3,
  "data_mode": "binary",
  "data_partition": "dirichlet",
  "data_alpha": 0.1,
  "n_params": 3362,
  "bytes_per_round_uplink": 13448,
  "total_uplink_bytes": 6724000,
  "final_metrics": {
    "accuracy": 0.7339038461538462,
    "f1_macro": 0.7261152108985331,
    "f1_weighted": 0.7261152108985331,
    "per_class_precision": [
      0.6749115591475164,
      0.8529394695606756
    ],
    "per_class_recall": [
      0.9025384615384615,
      0.5652692307692307
    ],
    "per_class_f1": [
      0.7723016669683556,
      0.6799287548287108
    ]
  },
  "best_accuracy": 0.7383076923076923,
  "rounds": 50
}