{
  "run_id": "e1_botiot_binary_mlp_h32__dir0.1__seed43",
  "seed": 43,
  "device": "cuda",
  "model_name": "mlp",
  "model_hidden": [
    32
  ],
  "model_grid_size": 5,
  "model_spline_order": 3,
  "data_mode": "binary",
  "data_partition": "dirichlet",
  "data_alpha": 0.1,
  "n_params": 1346,
  "bytes_per_round_uplink": 5384,
  "total_uplink_bytes": 2692000,
  "final_metrics": {
    "accuracy": 0.9101894501512903,
    "f1_macro": 0.9094657737403615,
    "f1_weighted": 0.9094834015555016,
    "per_class_precision": [
      0.996863442722719,
      0.8495380986699862
    ],
    "per_class_recall": [
      0.8225750376636922,
      0.997423076923077
    ],
    "per_class_f1": [
      0.9013714866237724,
      0.9175600608569507
    ]
  },
  "best_accuracy": 0.9101894501512903,
  "rounds": 50
}