{
  "run_id": "e1_cseciic_multiclass_mlp_h32__dir0.1__seed17",
  "seed": 17,
  "device": "cuda",
  "model_name": "mlp",
  "model_hidden": [
    32
  ],
  "model_grid_size": 5,
  "model_spline_order": 3,
  "data_mode": "multiclass",
  "data_partition": "dirichlet",
  "data_alpha": 0.1,
  "n_params": 1775,
  "bytes_per_round_uplink": 7100,
  "total_uplink_bytes": 3550000,
  "final_metrics": {
    "accuracy": 0.8143754106738702,
    "f1_macro": 0.5882712765710237,
    "f1_weighted": 0.7710078846798036,
    "per_class_precision": [
      0.9497161394971614,
      0.9012861736334405,
      0.4,
      0.0,
      0.9443604761005101,
      0.3728813559322034,
      0.9880724174653888,
      0.9631265179951424,
      0.8794288264167782,
      0.0,
      0.9328395061728395,
      0.6475215382694469,
      0.5307291666666667,
      0.0,
      0.9466654035619553
    ],
    "per_class_recall": [
      0.1171,
      1.0,
      0.004672897196261682,
      0.0,
      0.9997,
      0.990521327014218,
      0.9278,
      0.7867965367965368,
      0.9854,
      0.0,
      0.9931650893796005,
      1.0,
      0.9171,
      0.0,
      0.9993
    ],
    "per_class_f1": [
      0.20849283361524082,
      0.9480805005919161,
      0.009237875288683603,
      0.0,
      0.9712425920528515,
      0.5418016850291639,
      0.956988138215575,
      0.8660776332770773,
      0.9294034425842962,
      0.0,
      0.9620575502928445,
      0.7860553239863585,
      0.6723607038123167,
      0.0,
      0.972270869819031
    ]
  },
  "best_accuracy": 0.8442724684237424,
  "rounds": 50
}