{
  "run_id": "e1_botiot_binary_kan_h8__iid__seed2026",
  "seed": 2026,
  "device": "cuda",
  "model_name": "kan",
  "model_hidden": [
    8
  ],
  "model_grid_size": 5,
  "model_spline_order": 3,
  "data_mode": "binary",
  "data_partition": "iid",
  "data_alpha": 0.1,
  "n_params": 3280,
  "bytes_per_round_uplink": 15376,
  "total_uplink_bytes": 7688000,
  "final_metrics": {
    "accuracy": 0.9755430069188814,
    "f1_macro": 0.9755318091707776,
    "f1_weighted": 0.9755306692198447,
    "per_class_precision": [
      0.9540390999631132,
      0.9990717197400816
    ],
    "per_class_recall": [
      0.9991115231583421,
      0.952076923076923
    ],
    "per_class_f1": [
      0.9760552484102873,
      0.975008369931268
    ]
  },
  "best_accuracy": 0.9757550060708848,
  "rounds": 50
}