{
  "run_id": "e1_cseciic_binary_kan_h8__dir0.1__seed2024",
  "seed": 2024,
  "device": "cuda",
  "model_name": "kan",
  "model_hidden": [
    8
  ],
  "model_grid_size": 5,
  "model_spline_order": 3,
  "data_mode": "binary",
  "data_partition": "dirichlet",
  "data_alpha": 0.1,
  "n_params": 3280,
  "bytes_per_round_uplink": 15376,
  "total_uplink_bytes": 7688000,
  "final_metrics": {
    "accuracy": 0.9750192307692308,
    "f1_macro": 0.9750129717311871,
    "f1_weighted": 0.9750129717311871,
    "per_class_precision": [
      0.960444394735861,
      0.9905469277515192
    ],
    "per_class_recall": [
      0.9908461538461538,
      0.9591923076923077
    ],
    "per_class_f1": [
      0.9754084395055185,
      0.9746175039568556
    ]
  },
  "best_accuracy": 0.9763653846153846,
  "rounds": 50
}