{
  "run_id": "e1_cseciic_multiclass_kan_h8__dir0.1__seed2024",
  "seed": 2024,
  "device": "cuda",
  "model_name": "kan",
  "model_hidden": [
    8
  ],
  "model_grid_size": 5,
  "model_spline_order": 3,
  "data_mode": "multiclass",
  "data_partition": "dirichlet",
  "data_alpha": 0.1,
  "n_params": 4320,
  "bytes_per_round_uplink": 19536,
  "total_uplink_bytes": 9768000,
  "final_metrics": {
    "accuracy": 0.8164439901681634,
    "f1_macro": 0.5824116182975577,
    "f1_weighted": 0.7599390488999668,
    "per_class_precision": [
      0.9727047146401985,
      0.9893767705382436,
      0.4878048780487805,
      0.5645161290322581,
      0.9457107727229737,
      0.9656992084432717,
      0.993480441323972,
      0.8926395521159229,
      0.8702101359703337,
      0.0,
      1.0,
      0.6474406991260924,
      0.5148761617944857,
      0.0,
      0.9988003598920324
    ],
    "per_class_recall": [
      0.0784,
      0.9967891544773457,
      0.04672897196261682,
      0.1891891891891892,
      0.9999,
      0.8672985781990521,
      0.9905,
      0.9778138528138528,
      0.9856,
      0.0,
      0.015772870662460567,
      1.0,
      0.9916,
      0.0,
      0.9991
    ],
    "per_class_f1": [
      0.1451045715343328,
      0.9930691309756531,
      0.08528784648187633,
      0.2834008097165992,
      0.97205074612356,
      0.9138576779026217,
      0.9919879819729595,
      0.9332874236033399,
      0.9243177342211385,
      0.0,
      0.031055900621118012,
      0.7859957562897848,
      0.6778085375440036,
      0.0,
      0.9989501574763785
    ]
  },
  "best_accuracy": 0.8406220340220486,
  "rounds": 50
}