{
  "run_id": "e1_toniot_multiclass_kan_h8__dir0.1__seed11",
  "seed": 11,
  "device": "cuda",
  "model_name": "kan",
  "model_hidden": [
    8
  ],
  "model_grid_size": 5,
  "model_spline_order": 3,
  "data_mode": "multiclass",
  "data_partition": "dirichlet",
  "data_alpha": 0.1,
  "n_params": 3920,
  "bytes_per_round_uplink": 17936,
  "total_uplink_bytes": 8968000,
  "final_metrics": {
    "accuracy": 0.7196353324676013,
    "f1_macro": 0.6916437891524472,
    "f1_weighted": 0.6953779855351252,
    "per_class_precision": [
      0.7978899462143153,
      0.9919629057187017,
      0.8156220669517155,
      0.8713075810782897,
      0.4090161437709412,
      0.987012987012987,
      0.528692380056444,
      0.9708520179372198,
      0.8454450625869263,
      0.7065556711758585
    ],
    "per_class_recall": [
      0.7714,
      0.9870808981851737,
      0.7821,
      0.8436,
      0.6714,
      0.19689119170984457,
      0.1124,
      0.6453055141579732,
      0.9726,
      0.8827
    ],
    "per_class_f1": [
      0.7844213951596501,
      0.9895158803576934,
      0.7985093675021696,
      0.8572299563052536,
      0.5083475298126064,
      0.3282937365010799,
      0.18538677222497113,
      0.7752909579230081,
      0.9045758928571429,
      0.7848664028808963
    ]
  },
  "best_accuracy": 0.7196353324676013,
  "rounds": 50
}