{
  "run_id": "e1_cseciic_binary_kan_h8__dir0.1__seed11",
  "seed": 11,
  "device": "cuda",
  "model_name": "kan",
  "model_hidden": [
    8
  ],
  "model_grid_size": 5,
  "model_spline_order": 3,
  "data_mode": "binary",
  "data_partition": "dirichlet",
  "data_alpha": 0.1,
  "n_params": 3280,
  "bytes_per_round_uplink": 15376,
  "total_uplink_bytes": 7688000,
  "final_metrics": {
    "accuracy": 0.9426153846153846,
    "f1_macro": 0.9426151278265705,
    "f1_weighted": 0.9426151278265704,
    "per_class_precision": [
      0.9407506702412869,
      0.9444959443800696
    ],
    "per_class_recall": [
      0.9447307692307693,
      0.9405
    ],
    "per_class_f1": [
      0.942736518902322,
      0.942493736750819
    ]
  },
  "best_accuracy": 0.9594230769230769,
  "rounds": 50
}