{
  "run_id": "e1_cseciic_binary_mlp_h80__dir0.1__seed11",
  "seed": 11,
  "device": "cuda",
  "model_name": "mlp",
  "model_hidden": [
    80
  ],
  "model_grid_size": 5,
  "model_spline_order": 3,
  "data_mode": "binary",
  "data_partition": "dirichlet",
  "data_alpha": 0.1,
  "n_params": 3362,
  "bytes_per_round_uplink": 13448,
  "total_uplink_bytes": 6724000,
  "final_metrics": {
    "accuracy": 0.9509615384615384,
    "f1_macro": 0.9509607233649227,
    "f1_weighted": 0.9509607233649228,
    "per_class_precision": [
      0.9546688382193268,
      0.9473142072333283
    ],
    "per_class_recall": [
      0.9468846153846154,
      0.9550384615384615
    ],
    "per_class_f1": [
      0.9507607940063335,
      0.9511606527235118
    ]
  },
  "best_accuracy": 0.9556730769230769,
  "rounds": 50
}