{
  "run_id": "e1_cseciic_multiclass_kan_h16__dir0.1__seed31",
  "seed": 31,
  "device": "cuda",
  "model_name": "kan",
  "model_hidden": [
    16
  ],
  "model_grid_size": 5,
  "model_spline_order": 3,
  "data_mode": "multiclass",
  "data_partition": "dirichlet",
  "data_alpha": 0.1,
  "n_params": 8640,
  "bytes_per_round_uplink": 37200,
  "total_uplink_bytes": 18600000,
  "final_metrics": {
    "accuracy": 0.9003796451777761,
    "f1_macro": 0.7535643444792719,
    "f1_weighted": 0.8877030364933393,
    "per_class_precision": [
      0.5861601085481682,
      0.9879731163777856,
      0.6222222222222222,
      0.125,
      0.9438414346389806,
      1.0,
      0.995510774142059,
      0.9866401877595233,
      0.9803497740224013,
      0.9996458923512748,
      0.9994226327944573,
      1.0,
      0.8814834721848965,
      0.0,
      0.9989006596042375
    ],
    "per_class_recall": [
      0.9504,
      0.9964323938637174,
      0.1308411214953271,
      0.005405405405405406,
      1.0,
      0.9739336492890995,
      0.9979,
      0.9857503607503607,
      0.9978,
      1.0,
      0.9100946372239748,
      1.0,
      0.328,
      0.0,
      0.9995
    ],
    "per_class_f1": [
      0.7251087205310139,
      0.9921847246891652,
      0.21621621621621623,
      0.010362694300518135,
      0.9711094925952901,
      0.9867947178871549,
      0.9967039552536956,
      0.9861950735360462,
      0.9889979185251264,
      0.9998229148220295,
      0.9526692350027518,
      1.0,
      0.47809926390204793,
      0.0,
      0.9992002399280215
    ]
  },
  "best_accuracy": 0.9017181377917306,
  "rounds": 50
}