{
  "run_id": "e1_toniot_multiclass_kan_h16__dir0.1__seed17",
  "seed": 17,
  "device": "cuda",
  "model_name": "kan",
  "model_hidden": [
    16
  ],
  "model_grid_size": 5,
  "model_spline_order": 3,
  "data_mode": "multiclass",
  "data_partition": "dirichlet",
  "data_alpha": 0.1,
  "n_params": 7840,
  "bytes_per_round_uplink": 34000,
  "total_uplink_bytes": 17000000,
  "final_metrics": {
    "accuracy": 0.8259083560808841,
    "f1_macro": 0.7896474931438027,
    "f1_weighted": 0.821895471003071,
    "per_class_precision": [
      0.859219668626403,
      0.9838562290587877,
      0.8004894851341552,
      0.8595162986330179,
      0.8046449739929842,
      0.982078853046595,
      0.8992757660167131,
      0.8793969849246231,
      0.9185024108915572,
      0.6488117136340226
    ],
    "per_class_recall": [
      0.8038,
      0.9935404490925869,
      0.8831,
      0.8174,
      0.6652,
      0.17746113989637305,
      0.8071,
      0.7824143070044709,
      0.9715,
      0.8818
    ],
    "per_class_f1": [
      0.8305864117799018,
      0.9886746250382614,
      0.8397679726131609,
      0.8379292670425423,
      0.7283078775934746,
      0.3006034009873834,
      0.8506982872200264,
      0.8280757097791798,
      0.9442581523059727,
      0.747573227078123
    ]
  },
  "best_accuracy": 0.8419950706278324,
  "rounds": 50
}