{
  "run_id": "e1_botiot_binary_mlp_h32__dir0.1__seed42",
  "seed": 42,
  "device": "cuda",
  "model_name": "mlp",
  "model_hidden": [
    32
  ],
  "model_grid_size": 5,
  "model_spline_order": 3,
  "data_mode": "binary",
  "data_partition": "dirichlet",
  "data_alpha": 0.1,
  "n_params": 1346,
  "bytes_per_round_uplink": 5384,
  "total_uplink_bytes": 2692000,
  "final_metrics": {
    "accuracy": 0.9977836452290555,
    "f1_macro": 0.9977836444881465,
    "f1_weighted": 0.9977836472789033,
    "per_class_precision": [
      0.9961879091259145,
      0.999382644596211
    ],
    "per_class_recall": [
      0.9993819291536292,
      0.9961923076923077
    ],
    "per_class_f1": [
      0.9977823630368128,
      0.9977849259394803
    ]
  },
  "best_accuracy": 0.9979956443810588,
  "rounds": 50
}