{
  "run_id": "e1_cseciic_multiclass_mlp_h32__dir0.1__seed37",
  "seed": 37,
  "device": "cuda",
  "model_name": "mlp",
  "model_hidden": [
    32
  ],
  "model_grid_size": 5,
  "model_spline_order": 3,
  "data_mode": "multiclass",
  "data_partition": "dirichlet",
  "data_alpha": 0.1,
  "n_params": 1775,
  "bytes_per_round_uplink": 7100,
  "total_uplink_bytes": 3550000,
  "final_metrics": {
    "accuracy": 0.8115889124139106,
    "f1_macro": 0.5809988292976074,
    "f1_weighted": 0.7677485428997339,
    "per_class_precision": [
      0.5381315269545582,
      0.9480805005919161,
      0.9117647058823529,
      0.0,
      0.935435575933377,
      0.0,
      0.9486765961483731,
      0.9032258064516129,
      0.6495743159810229,
      0.9832810867293625,
      1.0,
      0.99884437596302,
      0.9969167523124358,
      0.0,
      0.9754098360655737
    ],
    "per_class_recall": [
      0.9533,
      1.0,
      0.07242990654205607,
      0.0,
      0.9997,
      0.0,
      1.0,
      0.09595959595959595,
      0.9995,
      1.0,
      0.556782334384858,
      1.0,
      0.194,
      0.0,
      0.9996
    ],
    "per_class_f1": [
      0.687930723434963,
      0.9733483809358451,
      0.1341991341991342,
      0.0,
      0.9665007009232851,
      0.0,
      0.9736624312350908,
      0.173487689548345,
      0.7874108795840391,
      0.9915700737618546,
      0.7152988855116514,
      0.9994218539217575,
      0.32479491043026953,
      0.0,
      0.9873567759778744
    ]
  },
  "best_accuracy": 0.8151054975542089,
  "rounds": 50
}