{
  "run_id": "e1_toniot_binary_kan_h8__dir0.1__seed11",
  "seed": 11,
  "device": "cuda",
  "model_name": "kan",
  "model_hidden": [
    8
  ],
  "model_grid_size": 5,
  "model_spline_order": 3,
  "data_mode": "binary",
  "data_partition": "dirichlet",
  "data_alpha": 0.1,
  "n_params": 3280,
  "bytes_per_round_uplink": 15376,
  "total_uplink_bytes": 7688000,
  "final_metrics": {
    "accuracy": 0.7561730769230769,
    "f1_macro": 0.7549876403467086,
    "f1_weighted": 0.7549876403467085,
    "per_class_precision": [
      0.7248877333963601,
      0.7975695840593308
    ],
    "per_class_recall": [
      0.8257307692307693,
      0.6866153846153846
    ],
    "per_class_f1": [
      0.7720301346710539,
      0.7379451460223633
    ]
  },
  "best_accuracy": 0.8768846153846154,
  "rounds": 50
}