{
  "run_id": "e1_toniot_multiclass_kan_h16__dir0.1__seed29",
  "seed": 29,
  "device": "cuda",
  "model_name": "kan",
  "model_hidden": [
    16
  ],
  "model_grid_size": 5,
  "model_spline_order": 3,
  "data_mode": "multiclass",
  "data_partition": "dirichlet",
  "data_alpha": 0.1,
  "n_params": 7840,
  "bytes_per_round_uplink": 34000,
  "total_uplink_bytes": 17000000,
  "final_metrics": {
    "accuracy": 0.7506559245223015,
    "f1_macro": 0.7072071273389219,
    "f1_weighted": 0.7100085184654316,
    "per_class_precision": [
      0.8288587229763701,
      0.9890143423863289,
      0.8754832840573118,
      0.8310014727540501,
      0.4936014625228519,
      0.8541114058355438,
      0.4817564365818986,
      0.8192771084337349,
      0.9465648854961832,
      0.719436667515059
    ],
    "per_class_recall": [
      0.8243,
      0.9969240233774224,
      0.7699,
      0.9028,
      0.027,
      0.20854922279792745,
      0.915,
      0.8107302533532041,
      0.9672,
      0.848
    ],
    "per_class_f1": [
      0.826573075958887,
      0.992953431372549,
      0.8193040332020858,
      0.8654141104294478,
      0.05119939319237698,
      0.33524206142634044,
      0.6311868382023247,
      0.8149812734082397,
      0.9567711939855574,
      0.7784458622114104
    ]
  },
  "best_accuracy": 0.7883285188031697,
  "rounds": 50
}