{
  "run_id": "e1_botiot_binary_mlp_h80__iid__seed2026",
  "seed": 2026,
  "device": "cuda",
  "model_name": "mlp",
  "model_hidden": [
    80
  ],
  "model_grid_size": 5,
  "model_spline_order": 3,
  "data_mode": "binary",
  "data_partition": "iid",
  "data_alpha": 0.1,
  "n_params": 3362,
  "bytes_per_round_uplink": 13448,
  "total_uplink_bytes": 6724000,
  "final_metrics": {
    "accuracy": 0.9973596469250486,
    "f1_macro": 0.997359646360154,
    "f1_weighted": 0.9973596490198662,
    "per_class_precision": [
      0.9956498306128734,
      0.999073752460345
    ],
    "per_class_recall": [
      0.9990728937304438,
      0.9956538461538461
    ],
    "per_class_f1": [
      0.9973584250814647,
      0.9973608676388434
    ]
  },
  "best_accuracy": 0.9973981922254129,
  "rounds": 50
}