{
  "run_id": "e1_toniot_multiclass_kan_h8__dir0.1__seed23",
  "seed": 23,
  "device": "cuda",
  "model_name": "kan",
  "model_hidden": [
    8
  ],
  "model_grid_size": 5,
  "model_spline_order": 3,
  "data_mode": "multiclass",
  "data_partition": "dirichlet",
  "data_alpha": 0.1,
  "n_params": 3920,
  "bytes_per_round_uplink": 17936,
  "total_uplink_bytes": 8968000,
  "final_metrics": {
    "accuracy": 0.737418175072218,
    "f1_macro": 0.7099268380623233,
    "f1_weighted": 0.7088236065205432,
    "per_class_precision": [
      0.8674698795180723,
      0.9953817733990148,
      0.687177977329604,
      0.873625750878386,
      0.8344978165938864,
      0.8523809523809524,
      0.5996144843728487,
      0.9549902152641878,
      0.8247754617861379,
      0.6292355082609913
    ],
    "per_class_recall": [
      0.5184,
      0.9944632420793602,
      0.9336,
      0.7708,
      0.1911,
      0.23186528497409326,
      0.871,
      0.7272727272727273,
      0.9734,
      0.8988
    ],
    "per_class_f1": [
      0.6489734601902855,
      0.9949222957378058,
      0.7916560671584838,
      0.8189980343197153,
      0.3109845402766477,
      0.3645621181262729,
      0.7102666557938514,
      0.8257191201353637,
      0.8929456013209798,
      0.740240487563828
    ]
  },
  "best_accuracy": 0.7416982482177404,
  "rounds": 50
}