{
  "run_id": "e1_mini_botiot_mlp_binary__dir0.1__seed2024",
  "seed": 2024,
  "device": "cuda",
  "n_params": 1346,
  "bytes_per_round_uplink": 5384,
  "total_uplink_bytes": 2692000,
  "final_metrics": {
    "accuracy": 0.8096440341511362,
    "f1_macro": 0.8024222542618775,
    "f1_weighted": 0.8025045184884387,
    "per_class_precision": [
      0.9978233830845771,
      0.7251375429385316
    ],
    "per_class_recall": [
      0.619809170626183,
      0.9986538461538461
    ],
    "per_class_f1": [
      0.7646484142302286,
      0.8401960942935266
    ]
  },
  "best_accuracy": 0.8895098965058685,
  "rounds": 50
}