{
  "run_id": "e1_toniot_multiclass_kan_h8__dir0.1__seed31",
  "seed": 31,
  "device": "cuda",
  "model_name": "kan",
  "model_hidden": [
    8
  ],
  "model_grid_size": 5,
  "model_spline_order": 3,
  "data_mode": "multiclass",
  "data_partition": "dirichlet",
  "data_alpha": 0.1,
  "n_params": 3920,
  "bytes_per_round_uplink": 17936,
  "total_uplink_bytes": 8968000,
  "final_metrics": {
    "accuracy": 0.7638009169692311,
    "f1_macro": 0.7433858342153903,
    "f1_weighted": 0.7401536457148039,
    "per_class_precision": [
      0.8258567577974586,
      0.9981354878806712,
      0.8856981981981982,
      0.7999663950264639,
      0.6411622276029055,
      0.8164983164983165,
      0.493973410584036,
      0.9058823529411765,
      0.9809053851104913,
      0.8093784078516902
    ],
    "per_class_recall": [
      0.8579,
      0.9880036911719471,
      0.7865,
      0.9522,
      0.1324,
      0.31411917098445596,
      0.9549,
      0.8032786885245902,
      0.9144,
      0.7422
    ],
    "per_class_f1": [
      0.8415734745928978,
      0.9930437471015613,
      0.833156779661017,
      0.8694699356252568,
      0.21947782842934108,
      0.4536950420954163,
      0.6511199754525928,
      0.8515007898894155,
      0.9464858710278439,
      0.7743348982785603
    ]
  },
  "best_accuracy": 0.793151882967164,
  "rounds": 50
}