{
  "run_id": "e1_cseciic_multiclass_kan_h16__dir0.1__seed29",
  "seed": 29,
  "device": "cuda",
  "model_name": "kan",
  "model_hidden": [
    16
  ],
  "model_grid_size": 5,
  "model_spline_order": 3,
  "data_mode": "multiclass",
  "data_partition": "dirichlet",
  "data_alpha": 0.1,
  "n_params": 8640,
  "bytes_per_round_uplink": 37200,
  "total_uplink_bytes": 18600000,
  "final_metrics": {
    "accuracy": 0.8790854445012289,
    "f1_macro": 0.7420502242097491,
    "f1_weighted": 0.8718029664265521,
    "per_class_precision": [
      0.5777289377289377,
      0.985555751277083,
      0.37888198757763975,
      0.0,
      0.9440196356084206,
      1.0,
      0.9970089730807578,
      0.9901960784313726,
      0.8841862936072251,
      0.9996458923512748,
      0.9947589098532494,
      0.9998072103335262,
      0.6779661016949152,
      0.0,
      0.9986019572598362
    ],
    "per_class_recall": [
      0.7886,
      0.9980378166250446,
      0.1425233644859813,
      0.0,
      1.0,
      0.966824644549763,
      1.0,
      0.7651515151515151,
      0.9986,
      1.0,
      0.9978969505783386,
      1.0,
      0.416,
      0.0,
      1.0
    ],
    "per_class_f1": [
      0.666892177589852,
      0.9917575113001861,
      0.2071307300509338,
      0.0,
      0.971203807118924,
      0.983132530120482,
      0.9985022466300549,
      0.8632478632478633,
      0.9379167840706302,
      0.9998229148220295,
      0.9963254593175853,
      0.9999035958739034,
      0.5156172533465543,
      0.0,
      0.9993004896572399
    ]
  },
  "best_accuracy": 0.8967900513494439,
  "rounds": 50
}