{
  "run_id": "e1_cseciic_binary_mlp_h32__dir0.1__seed11",
  "seed": 11,
  "device": "cuda",
  "model_name": "mlp",
  "model_hidden": [
    32
  ],
  "model_grid_size": 5,
  "model_spline_order": 3,
  "data_mode": "binary",
  "data_partition": "dirichlet",
  "data_alpha": 0.1,
  "n_params": 1346,
  "bytes_per_round_uplink": 5384,
  "total_uplink_bytes": 2692000,
  "final_metrics": {
    "accuracy": 0.9207692307692308,
    "f1_macro": 0.9207669986489975,
    "f1_weighted": 0.9207669986489975,
    "per_class_precision": [
      0.9163495204749581,
      0.9252837816824755
    ],
    "per_class_recall": [
      0.9260769230769231,
      0.9154615384615384
    ],
    "per_class_f1": [
      0.9211875430407835,
      0.9203464542572114
    ]
  },
  "best_accuracy": 0.9277115384615384,
  "rounds": 50
}