{
  "run_id": "e1_toniot_multiclass_kan_h8__dir0.1__seed42",
  "seed": 42,
  "device": "cuda",
  "model_name": "kan",
  "model_hidden": [
    8
  ],
  "model_grid_size": 5,
  "model_spline_order": 3,
  "data_mode": "multiclass",
  "data_partition": "dirichlet",
  "data_alpha": 0.1,
  "n_params": 3920,
  "bytes_per_round_uplink": 17936,
  "total_uplink_bytes": 8968000,
  "final_metrics": {
    "accuracy": 0.7955635650491613,
    "f1_macro": 0.7803244143540737,
    "f1_weighted": 0.7949928967655757,
    "per_class_precision": [
      0.9082716049382716,
      0.982701062215478,
      0.8598198571280671,
      0.8114300998573466,
      0.7906822405096894,
      0.49514563106796117,
      0.5708635853845699,
      0.8361581920903954,
      0.9873019318428479,
      0.7993306731883125
    ],
    "per_class_recall": [
      0.7357,
      0.996001230390649,
      0.8305,
      0.9101,
      0.5957,
      0.33031088082901555,
      0.9671,
      0.8822652757078987,
      0.9097,
      0.621
    ],
    "per_class_f1": [
      0.8129281767955802,
      0.9893064466849985,
      0.8449056411821557,
      0.8579374057315233,
      0.6794798676856393,
      0.3962703962703963,
      0.7179392004751123,
      0.8585931834662799,
      0.9469137087540335,
      0.6989701164950194
    ]
  },
  "best_accuracy": 0.8342829883656216,
  "rounds": 50
}