{
  "run_id": "e1_toniot_multiclass_mlp_h80__dir0.1__seed2026",
  "seed": 2026,
  "device": "cuda",
  "model_name": "mlp",
  "model_hidden": [
    80
  ],
  "model_grid_size": 5,
  "model_spline_order": 3,
  "data_mode": "multiclass",
  "data_partition": "dirichlet",
  "data_alpha": 0.1,
  "n_params": 4010,
  "bytes_per_round_uplink": 16040,
  "total_uplink_bytes": 8020000,
  "final_metrics": {
    "accuracy": 0.8048260143640845,
    "f1_macro": 0.7679437459383311,
    "f1_weighted": 0.7943500704724276,
    "per_class_precision": [
      0.9123789522809473,
      0.9981360671015843,
      0.7726813667732705,
      0.8764250376425038,
      0.9067068925504758,
      1.0,
      0.8421209709510545,
      0.9217252396166135,
      0.9478530677609849,
      0.5635639679150557
    ],
    "per_class_recall": [
      0.782,
      0.9883112888342048,
      0.9181,
      0.8149,
      0.3907,
      0.12240932642487047,
      0.8465,
      0.8599105812220567,
      0.947,
      0.9766
    ],
    "per_class_f1": [
      0.8421732809218674,
      0.9931993817619784,
      0.8391371903847912,
      0.8445434760078765,
      0.5460898735061849,
      0.2181188690132718,
      0.8443048075004987,
      0.889745566692367,
      0.9474263418538342,
      0.7146986717406418
    ]
  },
  "best_accuracy": 0.8048260143640845,
  "rounds": 50
}