{
  "run_id": "e1_botiot_binary_mlp_h32__dir0.1__seed17",
  "seed": 17,
  "device": "cuda",
  "model_name": "mlp",
  "model_hidden": [
    32
  ],
  "model_grid_size": 5,
  "model_spline_order": 3,
  "data_mode": "binary",
  "data_partition": "dirichlet",
  "data_alpha": 0.1,
  "n_params": 1346,
  "bytes_per_round_uplink": 5384,
  "total_uplink_bytes": 2692000,
  "final_metrics": {
    "accuracy": 0.998169098232698,
    "f1_macro": 0.9981690945086759,
    "f1_weighted": 0.9981691001953583,
    "per_class_precision": [
      0.9974157216693667,
      0.9989214591117446
    ],
    "per_class_recall": [
      0.9989183760188511,
      0.997423076923077
    ],
    "per_class_f1": [
      0.9981664833149981,
      0.9981717057023537
    ]
  },
  "best_accuracy": 0.9987472777381617,
  "rounds": 50
}