{
  "run_id": "e1_cseciic_multiclass_kan_h16__dir0.1__seed37",
  "seed": 37,
  "device": "cuda",
  "model_name": "kan",
  "model_hidden": [
    16
  ],
  "model_grid_size": 5,
  "model_spline_order": 3,
  "data_mode": "multiclass",
  "data_partition": "dirichlet",
  "data_alpha": 0.1,
  "n_params": 8640,
  "bytes_per_round_uplink": 37200,
  "total_uplink_bytes": 18600000,
  "final_metrics": {
    "accuracy": 0.8540434645056095,
    "f1_macro": 0.7210434072952238,
    "f1_weighted": 0.8281099587055516,
    "per_class_precision": [
      0.5495077198478406,
      0.9778398185307974,
      0.631578947368421,
      0.7,
      0.9435742592942065,
      1.0,
      0.9872642906506072,
      0.9929725931131412,
      0.7681059031786347,
      0.9992920353982301,
      0.9993932038834952,
      1.0,
      0.9994550408719346,
      0.0,
      0.9993003498250874
    ],
    "per_class_recall": [
      0.9823,
      0.9996432393863718,
      0.14018691588785046,
      0.11351351351351352,
      1.0,
      0.9123222748815166,
      1.0,
      0.5097402597402597,
      0.998,
      1.0,
      0.8659305993690851,
      1.0,
      0.1834,
      0.0,
      0.9998
    ],
    "per_class_f1": [
      0.7047639546563352,
      0.9886213283937549,
      0.2294455066921606,
      0.19534883720930232,
      0.9709680551509855,
      0.9541511771995044,
      0.9935913358835511,
      0.6736591179976162,
      0.8680902883486279,
      0.9996458923512748,
      0.927887323943662,
      1.0,
      0.30992817912970005,
      0.0,
      0.9995501124718821
    ]
  },
  "best_accuracy": 0.865931712540459,
  "rounds": 50
}