{
  "run_id": "e1_cseciic_multiclass_mlp_h80__dir0.1__seed29",
  "seed": 29,
  "device": "cuda",
  "model_name": "mlp",
  "model_hidden": [
    80
  ],
  "model_grid_size": 5,
  "model_spline_order": 3,
  "data_mode": "multiclass",
  "data_partition": "dirichlet",
  "data_alpha": 0.1,
  "n_params": 4415,
  "bytes_per_round_uplink": 17660,
  "total_uplink_bytes": 8830000,
  "final_metrics": {
    "accuracy": 0.8482757781509332,
    "f1_macro": 0.645023313549977,
    "f1_weighted": 0.8336430161867332,
    "per_class_precision": [
      0.6039681164442904,
      0.9729260673377299,
      0.5675675675675675,
      0.0,
      0.9372012372293561,
      0.0,
      0.9540120217536494,
      0.9969167523124358,
      0.7346758782889902,
      0.9936642027455121,
      0.9839627521986549,
      0.9994218539217575,
      0.6518877297565823,
      0.0,
      0.991375037176564
    ],
    "per_class_recall": [
      0.6971,
      1.0,
      0.09813084112149532,
      0.0,
      0.9999,
      0.0,
      0.9999,
      0.3499278499278499,
      0.9996,
      1.0,
      1.0,
      1.0,
      0.5249,
      0.0,
      1.0
    ],
    "per_class_f1": [
      0.6472008170086343,
      0.986277269528501,
      0.16733067729083664,
      0.0,
      0.9675359233634913,
      0.0,
      0.9764171671305112,
      0.5180240320427236,
      0.8469033296619504,
      0.996822033898305,
      0.991916558018253,
      0.999710843373494,
      0.5815422113893197,
      0.0,
      0.9956688405436351
    ]
  },
  "best_accuracy": 0.8523642646808304,
  "rounds": 50
}