{
  "run_id": "e1_cseciic_binary_mlp_h80__dir0.1__seed31",
  "seed": 31,
  "device": "cuda",
  "model_name": "mlp",
  "model_hidden": [
    80
  ],
  "model_grid_size": 5,
  "model_spline_order": 3,
  "data_mode": "binary",
  "data_partition": "dirichlet",
  "data_alpha": 0.1,
  "n_params": 3362,
  "bytes_per_round_uplink": 13448,
  "total_uplink_bytes": 6724000,
  "final_metrics": {
    "accuracy": 0.9328846153846154,
    "f1_macro": 0.9328381330141412,
    "f1_weighted": 0.9328381330141411,
    "per_class_precision": [
      0.956925949983761,
      0.9112467114878691
    ],
    "per_class_recall": [
      0.9065769230769231,
      0.9591923076923077
    ],
    "per_class_f1": [
      0.9310712592826671,
      0.9346050067456153
    ]
  },
  "best_accuracy": 0.9357884615384615,
  "rounds": 50
}