{
  "run_id": "e1_toniot_multiclass_mlp_h80__dir0.1__seed43",
  "seed": 43,
  "device": "cuda",
  "model_name": "mlp",
  "model_hidden": [
    80
  ],
  "model_grid_size": 5,
  "model_spline_order": 3,
  "data_mode": "multiclass",
  "data_partition": "dirichlet",
  "data_alpha": 0.1,
  "n_params": 4010,
  "bytes_per_round_uplink": 16040,
  "total_uplink_bytes": 8020000,
  "final_metrics": {
    "accuracy": 0.8139559536745025,
    "f1_macro": 0.7930977840541982,
    "f1_weighted": 0.810223530470242,
    "per_class_precision": [
      0.8404288217709515,
      0.9871165644171779,
      0.7041296393099843,
      0.8727575145538791,
      0.7814701581815765,
      0.5889046941678521,
      0.8696142798522773,
      0.9242902208201893,
      0.9627170582226762,
      0.6910317912025368
    ],
    "per_class_recall": [
      0.8153,
      0.9898492771454936,
      0.9429,
      0.7346,
      0.5879,
      0.26813471502590674,
      0.8477,
      0.8733233979135618,
      0.9425,
      0.8499
    ],
    "per_class_f1": [
      0.8276737221460839,
      0.9884810320995239,
      0.806207515711171,
      0.7977412173535321,
      0.6710038235461965,
      0.3684913217623498,
      0.8585173182094389,
      0.8980842911877395,
      0.9525012632642749,
      0.7622763352616709
    ]
  },
  "best_accuracy": 0.8224100919619431,
  "rounds": 50
}