{
  "run_id": "e1_toniot_multiclass_mlp_h80__dir0.1__seed17",
  "seed": 17,
  "device": "cuda",
  "model_name": "mlp",
  "model_hidden": [
    80
  ],
  "model_grid_size": 5,
  "model_spline_order": 3,
  "data_mode": "multiclass",
  "data_partition": "dirichlet",
  "data_alpha": 0.1,
  "n_params": 4010,
  "bytes_per_round_uplink": 16040,
  "total_uplink_bytes": 8020000,
  "final_metrics": {
    "accuracy": 0.8089073225028489,
    "f1_macro": 0.7417600560203954,
    "f1_weighted": 0.7997309498550849,
    "per_class_precision": [
      0.821228448275862,
      0.9458747805734348,
      0.7800687285223368,
      0.8606770833333334,
      0.8127370210540081,
      0.2631578947368421,
      0.8530795551753636,
      0.8423817863397548,
      0.9107671730199676,
      0.6443051971986731
    ],
    "per_class_recall": [
      0.7621,
      0.9944632420793602,
      0.9307,
      0.7932,
      0.6215,
      0.003238341968911917,
      0.7978,
      0.7168405365126677,
      0.9533,
      0.874
    ],
    "per_class_f1": [
      0.7905601659751037,
      0.9695606537711801,
      0.8487529068441931,
      0.8255620316402997,
      0.7043690145633819,
      0.006397952655150352,
      0.8245142620917735,
      0.7745571658615137,
      0.9315483461181414,
      0.7417780606832166
    ]
  },
  "best_accuracy": 0.8179445048101132,
  "rounds": 50
}